--
-- PostgreSQL database dump
--

\restrict nK1O5Gy17wIssP0GI3tPrG7JPEnLn6Rm3jdqijExb7pf51Qx7PDaZVf1hwvbhVx

-- Dumped from database version 15.14 (Homebrew)
-- Dumped by pg_dump version 15.14 (Homebrew)

SET statement_timeout = 0;
SET lock_timeout = 0;
SET idle_in_transaction_session_timeout = 0;
SET client_encoding = 'UTF8';
SET standard_conforming_strings = on;
SELECT pg_catalog.set_config('search_path', '', false);
SET check_function_bodies = false;
SET xmloption = content;
SET client_min_messages = warning;
SET row_security = off;

--
-- Name: update_updated_at_column(); Type: FUNCTION; Schema: public; Owner: postgres
--

CREATE FUNCTION public.update_updated_at_column() RETURNS trigger
    LANGUAGE plpgsql
    AS $$
BEGIN
    NEW.updated_at = NOW();
    RETURN NEW;
END;
$$;


ALTER FUNCTION public.update_updated_at_column() OWNER TO postgres;

SET default_tablespace = '';

SET default_table_access_method = heap;

--
-- Name: _sqlx_migrations; Type: TABLE; Schema: public; Owner: postgres
--

CREATE TABLE public._sqlx_migrations (
    version bigint NOT NULL,
    description text NOT NULL,
    installed_on timestamp with time zone DEFAULT now() NOT NULL,
    success boolean NOT NULL,
    checksum bytea NOT NULL,
    execution_time bigint NOT NULL
);


ALTER TABLE public._sqlx_migrations OWNER TO postgres;

--
-- Name: acceptance_criteria; Type: TABLE; Schema: public; Owner: postgres
--

CREATE TABLE public.acceptance_criteria (
    id uuid NOT NULL,
    story_id uuid NOT NULL,
    description text NOT NULL,
    given text NOT NULL,
    when_clause text NOT NULL,
    then_clause text NOT NULL,
    created_at timestamp with time zone DEFAULT now() NOT NULL
);


ALTER TABLE public.acceptance_criteria OWNER TO postgres;

--
-- Name: action_audit_log; Type: TABLE; Schema: public; Owner: postgres
--

CREATE TABLE public.action_audit_log (
    id uuid DEFAULT gen_random_uuid() NOT NULL,
    tenant_id uuid NOT NULL,
    user_id uuid NOT NULL,
    action_type character varying(50) NOT NULL,
    target_entities uuid[] NOT NULL,
    parameters jsonb,
    success boolean NOT NULL,
    error_message text,
    rollback_token uuid,
    execution_duration_ms integer,
    created_at timestamp with time zone DEFAULT now()
);


ALTER TABLE public.action_audit_log OWNER TO postgres;

--
-- Name: api_keys; Type: TABLE; Schema: public; Owner: postgres
--

CREATE TABLE public.api_keys (
    id uuid NOT NULL,
    token text NOT NULL,
    user_id uuid NOT NULL,
    organization_id uuid,
    description text,
    created_at timestamp with time zone DEFAULT now() NOT NULL,
    last_used_at timestamp with time zone
);


ALTER TABLE public.api_keys OWNER TO postgres;

--
-- Name: context_snapshots; Type: TABLE; Schema: public; Owner: postgres
--

CREATE TABLE public.context_snapshots (
    id uuid DEFAULT gen_random_uuid() NOT NULL,
    tenant_id uuid NOT NULL,
    user_id uuid NOT NULL,
    entities jsonb NOT NULL,
    metadata jsonb,
    created_at timestamp with time zone DEFAULT now()
);


ALTER TABLE public.context_snapshots OWNER TO postgres;

--
-- Name: context_sprint_projections; Type: TABLE; Schema: public; Owner: postgres
--

CREATE TABLE public.context_sprint_projections (
    id uuid NOT NULL,
    organization_id uuid,
    team_id uuid NOT NULL,
    name text NOT NULL,
    goal text,
    status text NOT NULL,
    start_date timestamp with time zone,
    end_date timestamp with time zone,
    committed_points integer,
    completed_points integer,
    updated_at timestamp with time zone NOT NULL
);


ALTER TABLE public.context_sprint_projections OWNER TO postgres;

--
-- Name: criteria; Type: TABLE; Schema: public; Owner: postgres
--

CREATE TABLE public.criteria (
    id uuid NOT NULL,
    story_id uuid NOT NULL,
    ac_id text NOT NULL,
    given text NOT NULL,
    "when" text NOT NULL,
    "then" text NOT NULL
);


ALTER TABLE public.criteria OWNER TO postgres;

--
-- Name: intent_history; Type: TABLE; Schema: public; Owner: postgres
--

CREATE TABLE public.intent_history (
    id uuid DEFAULT gen_random_uuid() NOT NULL,
    tenant_id uuid NOT NULL,
    user_id uuid NOT NULL,
    utterance_hash character varying(64) NOT NULL,
    parsed_intent jsonb NOT NULL,
    llm_confidence double precision NOT NULL,
    service_confidence double precision NOT NULL,
    candidates_considered uuid[] NOT NULL,
    created_at timestamp with time zone DEFAULT now(),
    CONSTRAINT intent_history_llm_confidence_check CHECK (((llm_confidence >= (0)::double precision) AND (llm_confidence <= (1)::double precision))),
    CONSTRAINT intent_history_service_confidence_check CHECK (((service_confidence >= (0)::double precision) AND (service_confidence <= (1)::double precision)))
);


ALTER TABLE public.intent_history OWNER TO postgres;

--
-- Name: labels; Type: TABLE; Schema: public; Owner: postgres
--

CREATE TABLE public.labels (
    id uuid NOT NULL,
    name text NOT NULL
);


ALTER TABLE public.labels OWNER TO postgres;

--
-- Name: organization_memberships; Type: TABLE; Schema: public; Owner: postgres
--

CREATE TABLE public.organization_memberships (
    id uuid NOT NULL,
    organization_id uuid NOT NULL,
    user_id uuid NOT NULL,
    role text NOT NULL,
    created_at timestamp with time zone NOT NULL,
    updated_at timestamp with time zone NOT NULL,
    CONSTRAINT organization_memberships_role_check CHECK ((role = ANY (ARRAY['owner'::text, 'admin'::text, 'member'::text])))
);


ALTER TABLE public.organization_memberships OWNER TO postgres;

--
-- Name: organizations; Type: TABLE; Schema: public; Owner: postgres
--

CREATE TABLE public.organizations (
    id uuid NOT NULL,
    external_id text NOT NULL,
    name text NOT NULL,
    slug text NOT NULL,
    description text,
    image_url text,
    created_at timestamp with time zone NOT NULL,
    updated_at timestamp with time zone NOT NULL
);


ALTER TABLE public.organizations OWNER TO postgres;

--
-- Name: plan_packs; Type: TABLE; Schema: public; Owner: postgres
--

CREATE TABLE public.plan_packs (
    id uuid NOT NULL,
    story_id uuid NOT NULL,
    acceptance_criteria_map jsonb NOT NULL,
    proposed_tasks jsonb NOT NULL,
    architecture_impact text,
    risks text[] DEFAULT '{}'::text[] NOT NULL,
    unknowns text[] DEFAULT '{}'::text[] NOT NULL,
    created_at timestamp with time zone DEFAULT now() NOT NULL
);


ALTER TABLE public.plan_packs OWNER TO postgres;

--
-- Name: project_settings; Type: TABLE; Schema: public; Owner: postgres
--

CREATE TABLE public.project_settings (
    id uuid DEFAULT gen_random_uuid() NOT NULL,
    project_id uuid NOT NULL,
    estimation_scale text DEFAULT 'fibonacci'::text NOT NULL,
    dor_template jsonb DEFAULT '{"labels_required": [], "required_fields": ["title", "description", "acceptance_criteria"], "story_points_required": false, "acceptance_criteria_required": true}'::jsonb NOT NULL,
    created_at timestamp with time zone DEFAULT now() NOT NULL,
    updated_at timestamp with time zone DEFAULT now() NOT NULL
);


ALTER TABLE public.project_settings OWNER TO postgres;

--
-- Name: projects; Type: TABLE; Schema: public; Owner: postgres
--

CREATE TABLE public.projects (
    id uuid DEFAULT gen_random_uuid() NOT NULL,
    organization_id uuid,
    name text NOT NULL,
    description text,
    team_id uuid,
    created_at timestamp with time zone DEFAULT now() NOT NULL,
    updated_at timestamp with time zone DEFAULT now() NOT NULL
);


ALTER TABLE public.projects OWNER TO postgres;

--
-- Name: prompt_sprint_projections; Type: TABLE; Schema: public; Owner: postgres
--

CREATE TABLE public.prompt_sprint_projections (
    id uuid NOT NULL,
    organization_id uuid,
    team_id uuid NOT NULL,
    name text NOT NULL,
    goal text,
    capacity_points integer,
    status text NOT NULL,
    start_date timestamp with time zone,
    end_date timestamp with time zone,
    committed_points integer,
    completed_points integer,
    created_at timestamp with time zone NOT NULL,
    updated_at timestamp with time zone NOT NULL
);


ALTER TABLE public.prompt_sprint_projections OWNER TO postgres;

--
-- Name: rate_limit_buckets; Type: TABLE; Schema: public; Owner: postgres
--

CREATE TABLE public.rate_limit_buckets (
    id uuid DEFAULT gen_random_uuid() NOT NULL,
    user_id uuid NOT NULL,
    resource_type character varying(50) NOT NULL,
    token_count integer NOT NULL,
    last_refill timestamp with time zone NOT NULL,
    created_at timestamp with time zone DEFAULT now()
);


ALTER TABLE public.rate_limit_buckets OWNER TO postgres;

--
-- Name: readiness_evals; Type: TABLE; Schema: public; Owner: postgres
--

CREATE TABLE public.readiness_evals (
    id uuid NOT NULL,
    story_id uuid NOT NULL,
    score integer NOT NULL,
    missing_items text[] NOT NULL,
    organization_id uuid,
    summary text DEFAULT ''::text NOT NULL,
    recommendations text[] DEFAULT '{}'::text[] NOT NULL
);


ALTER TABLE public.readiness_evals OWNER TO postgres;

--
-- Name: readiness_story_projections; Type: TABLE; Schema: public; Owner: postgres
--

CREATE TABLE public.readiness_story_projections (
    id uuid NOT NULL,
    organization_id uuid,
    project_id uuid NOT NULL,
    title text NOT NULL,
    description text,
    status text NOT NULL,
    labels text[] DEFAULT '{}'::text[] NOT NULL,
    story_points integer,
    acceptance_criteria jsonb DEFAULT '[]'::jsonb NOT NULL,
    sprint_id uuid,
    assigned_to_user_id uuid,
    readiness_override boolean DEFAULT false NOT NULL,
    readiness_override_by uuid,
    readiness_override_reason text,
    readiness_override_at timestamp with time zone,
    created_at timestamp with time zone NOT NULL,
    updated_at timestamp with time zone NOT NULL
);


ALTER TABLE public.readiness_story_projections OWNER TO postgres;

--
-- Name: readiness_task_projections; Type: TABLE; Schema: public; Owner: postgres
--

CREATE TABLE public.readiness_task_projections (
    id uuid NOT NULL,
    story_id uuid NOT NULL,
    organization_id uuid,
    title text NOT NULL,
    description text,
    acceptance_criteria_refs text[] DEFAULT '{}'::text[] NOT NULL,
    status text NOT NULL,
    owner_user_id uuid,
    estimated_hours integer,
    created_at timestamp with time zone NOT NULL,
    updated_at timestamp with time zone NOT NULL,
    owned_at timestamp with time zone,
    completed_at timestamp with time zone
);


ALTER TABLE public.readiness_task_projections OWNER TO postgres;

--
-- Name: sprints; Type: TABLE; Schema: public; Owner: postgres
--

CREATE TABLE public.sprints (
    id uuid NOT NULL,
    team_id uuid NOT NULL,
    name text NOT NULL,
    goal text NOT NULL,
    status text DEFAULT 'planning'::text NOT NULL,
    capacity_points integer NOT NULL,
    committed_points integer DEFAULT 0 NOT NULL,
    completed_points integer DEFAULT 0 NOT NULL,
    start_date timestamp with time zone DEFAULT now() NOT NULL,
    end_date timestamp with time zone DEFAULT (now() + '14 days'::interval) NOT NULL,
    created_at timestamp with time zone NOT NULL,
    updated_at timestamp with time zone NOT NULL,
    project_id uuid,
    organization_id uuid,
    CONSTRAINT sprints_capacity_points_check CHECK ((capacity_points > 0)),
    CONSTRAINT sprints_check CHECK ((start_date < end_date)),
    CONSTRAINT sprints_check1 CHECK (((end_date - start_date) <= '28 days'::interval)),
    CONSTRAINT sprints_check2 CHECK (((end_date - start_date) >= '1 day'::interval)),
    CONSTRAINT sprints_check3 CHECK ((completed_points <= committed_points)),
    CONSTRAINT sprints_committed_points_check CHECK ((committed_points >= 0)),
    CONSTRAINT sprints_completed_points_check CHECK ((completed_points >= 0)),
    CONSTRAINT sprints_status_check CHECK ((status = ANY (ARRAY['planning'::text, 'active'::text, 'review'::text, 'completed'::text])))
);


ALTER TABLE public.sprints OWNER TO postgres;

--
-- Name: TABLE sprints; Type: COMMENT; Schema: public; Owner: postgres
--

COMMENT ON TABLE public.sprints IS 'Sprint management with capacity planning and velocity tracking';


--
-- Name: COLUMN sprints.capacity_points; Type: COMMENT; Schema: public; Owner: postgres
--

COMMENT ON COLUMN public.sprints.capacity_points IS 'Planned team capacity in story points for this sprint';


--
-- Name: COLUMN sprints.committed_points; Type: COMMENT; Schema: public; Owner: postgres
--

COMMENT ON COLUMN public.sprints.committed_points IS 'Story points committed to this sprint';


--
-- Name: COLUMN sprints.completed_points; Type: COMMENT; Schema: public; Owner: postgres
--

COMMENT ON COLUMN public.sprints.completed_points IS 'Story points completed in this sprint';


--
-- Name: stories; Type: TABLE; Schema: public; Owner: postgres
--

CREATE TABLE public.stories (
    id uuid NOT NULL,
    project_id uuid NOT NULL,
    organization_id uuid,
    title text NOT NULL,
    description text,
    status text NOT NULL,
    story_points integer,
    sprint_id uuid,
    assigned_to_user_id uuid,
    created_at timestamp with time zone DEFAULT now() NOT NULL,
    updated_at timestamp with time zone DEFAULT now() NOT NULL,
    deleted_at timestamp with time zone,
    labels text[] DEFAULT '{}'::text[],
    readiness_override boolean DEFAULT false NOT NULL,
    readiness_override_by uuid,
    readiness_override_reason text,
    readiness_override_at timestamp with time zone,
    CONSTRAINT stories_status_check CHECK ((status = ANY (ARRAY['draft'::text, 'needsrefinement'::text, 'ready'::text, 'committed'::text, 'inprogress'::text, 'taskscomplete'::text, 'deployed'::text, 'awaitingacceptance'::text, 'accepted'::text]))),
    CONSTRAINT stories_story_points_check CHECK (((story_points IS NULL) OR ((story_points > 0) AND (story_points <= 8))))
);


ALTER TABLE public.stories OWNER TO postgres;

--
-- Name: story_labels; Type: TABLE; Schema: public; Owner: postgres
--

CREATE TABLE public.story_labels (
    story_id uuid NOT NULL,
    label_id uuid NOT NULL
);


ALTER TABLE public.story_labels OWNER TO postgres;

--
-- Name: task_packs; Type: TABLE; Schema: public; Owner: postgres
--

CREATE TABLE public.task_packs (
    id uuid NOT NULL,
    task_id uuid NOT NULL,
    plan_pack_id uuid,
    objectives text NOT NULL,
    non_goals jsonb DEFAULT '[]'::jsonb NOT NULL,
    story_context text NOT NULL,
    acceptance_criteria_covered jsonb NOT NULL,
    constraints jsonb NOT NULL,
    test_plan jsonb NOT NULL,
    do_not_list jsonb NOT NULL,
    commit_plan jsonb NOT NULL,
    run_instructions jsonb DEFAULT '[]'::jsonb NOT NULL,
    markdown_content text NOT NULL,
    json_content jsonb NOT NULL,
    created_at timestamp with time zone DEFAULT now() NOT NULL
);


ALTER TABLE public.task_packs OWNER TO postgres;

--
-- Name: tasks; Type: TABLE; Schema: public; Owner: postgres
--

CREATE TABLE public.tasks (
    id uuid NOT NULL,
    story_id uuid NOT NULL,
    organization_id uuid,
    title text NOT NULL,
    description text,
    acceptance_criteria_refs text[] DEFAULT '{}'::text[] NOT NULL,
    status text DEFAULT 'available'::text NOT NULL,
    owner_user_id uuid,
    estimated_hours integer,
    created_at timestamp with time zone DEFAULT now() NOT NULL,
    updated_at timestamp with time zone DEFAULT now() NOT NULL,
    owned_at timestamp with time zone,
    completed_at timestamp with time zone,
    CONSTRAINT tasks_acceptance_criteria_refs_not_empty CHECK ((array_length(acceptance_criteria_refs, 1) > 0)),
    CONSTRAINT tasks_completion_consistency CHECK ((((status <> 'completed'::text) AND (completed_at IS NULL)) OR ((status = 'completed'::text) AND (completed_at IS NOT NULL)))),
    CONSTRAINT tasks_estimated_hours_check CHECK (((estimated_hours IS NULL) OR ((estimated_hours > 0) AND (estimated_hours <= 40)))),
    CONSTRAINT tasks_ownership_consistency CHECK ((((status = 'available'::text) AND (owner_user_id IS NULL) AND (owned_at IS NULL)) OR ((status = ANY (ARRAY['owned'::text, 'inprogress'::text, 'completed'::text])) AND (owner_user_id IS NOT NULL) AND (owned_at IS NOT NULL)))),
    CONSTRAINT tasks_status_check CHECK ((status = ANY (ARRAY['available'::text, 'owned'::text, 'inprogress'::text, 'completed'::text])))
);


ALTER TABLE public.tasks OWNER TO postgres;

--
-- Name: team_memberships; Type: TABLE; Schema: public; Owner: postgres
--

CREATE TABLE public.team_memberships (
    id uuid NOT NULL,
    team_id uuid NOT NULL,
    user_id uuid NOT NULL,
    role text NOT NULL,
    specialty text,
    is_active boolean DEFAULT true NOT NULL,
    joined_at timestamp with time zone NOT NULL,
    updated_at timestamp with time zone NOT NULL,
    CONSTRAINT check_team_specialty_only_for_contributors CHECK ((((role = ANY (ARRAY['contributor'::text, 'managing_contributor'::text])) AND (specialty IS NOT NULL)) OR ((role = ANY (ARRAY['sponsor'::text, 'product_owner'::text])) AND (specialty IS NULL)) OR (specialty IS NULL))),
    CONSTRAINT team_memberships_role_check CHECK ((role = ANY (ARRAY['sponsor'::text, 'product_owner'::text, 'managing_contributor'::text, 'contributor'::text]))),
    CONSTRAINT team_memberships_specialty_check CHECK (((specialty IS NULL) OR (specialty = ANY (ARRAY['frontend'::text, 'backend'::text, 'fullstack'::text, 'qa'::text, 'devops'::text, 'ux_designer'::text]))))
);


ALTER TABLE public.team_memberships OWNER TO postgres;

--
-- Name: TABLE team_memberships; Type: COMMENT; Schema: public; Owner: postgres
--

COMMENT ON TABLE public.team_memberships IS 'User membership in teams with role-based permissions';


--
-- Name: teams; Type: TABLE; Schema: public; Owner: postgres
--

CREATE TABLE public.teams (
    id uuid NOT NULL,
    name text NOT NULL,
    organization_id uuid NOT NULL,
    active_sprint_id uuid,
    velocity_history integer[] DEFAULT '{}'::integer[] NOT NULL,
    created_at timestamp with time zone NOT NULL,
    updated_at timestamp with time zone NOT NULL,
    description text
);


ALTER TABLE public.teams OWNER TO postgres;

--
-- Name: TABLE teams; Type: COMMENT; Schema: public; Owner: postgres
--

COMMENT ON TABLE public.teams IS 'Agile teams within organizations - each team works on one sprint at a time';


--
-- Name: COLUMN teams.active_sprint_id; Type: COMMENT; Schema: public; Owner: postgres
--

COMMENT ON COLUMN public.teams.active_sprint_id IS 'Current active sprint - enforces one sprint at a time per team';


--
-- Name: COLUMN teams.velocity_history; Type: COMMENT; Schema: public; Owner: postgres
--

COMMENT ON COLUMN public.teams.velocity_history IS 'Array of last 10 sprint velocities for capacity planning';


--
-- Name: users; Type: TABLE; Schema: public; Owner: postgres
--

CREATE TABLE public.users (
    id uuid NOT NULL,
    external_id text NOT NULL,
    email text NOT NULL,
    created_at timestamp with time zone NOT NULL,
    updated_at timestamp with time zone NOT NULL,
    role text DEFAULT 'contributor'::text NOT NULL,
    specialty text,
    CONSTRAINT check_specialty_only_for_contributors CHECK ((((role = ANY (ARRAY['contributor'::text, 'managing_contributor'::text])) AND (specialty IS NOT NULL)) OR ((role = ANY (ARRAY['sponsor'::text, 'product_owner'::text])) AND (specialty IS NULL)) OR (specialty IS NULL))),
    CONSTRAINT users_role_check CHECK ((role = ANY (ARRAY['sponsor'::text, 'product_owner'::text, 'managing_contributor'::text, 'contributor'::text]))),
    CONSTRAINT users_specialty_check CHECK (((specialty IS NULL) OR (specialty = ANY (ARRAY['frontend'::text, 'backend'::text, 'fullstack'::text, 'qa'::text, 'devops'::text, 'ux_designer'::text]))))
);


ALTER TABLE public.users OWNER TO postgres;

--
-- Data for Name: _sqlx_migrations; Type: TABLE DATA; Schema: public; Owner: postgres
--

COPY public._sqlx_migrations (version, description, installed_on, success, checksum, execution_time) FROM stdin;
20250825120100	create projects table	2025-09-29 17:22:15.618877+01	t	\\x527e7e8556a7ac49bde232d3182ede1bea7676e8b9f42846f2c10643ce61ea13797263b795088176c30c321cd99de5ec	4673542
20250825120200	create backlog tables	2025-09-29 17:22:15.623722+01	t	\\x5224f405c0da252f6659fdc6a250679bfc25818c1b4e1f8a4f96c8cfa56e35d245a486e221c25d0bb19e01067db9d207	8015833
20250825120201	add projects columns	2025-09-29 17:22:15.631999+01	t	\\x6c616b23039c6cbf5d0bbdbc352535ef8215eb64ce046834c4f93214ee1553cc7e6709ba53114152c1053e489baf06ec	1211208
20250825120300	create readiness tables	2025-09-29 17:22:15.633409+01	t	\\x2e246746f8d02e9070763d1e5fa76df1a7474edbfd2659424326f55aafe9e8298565bb1dd1279903ffc3d51d02c2be54	2593834
20250827120600	create prompt builder tables	2025-09-29 17:22:15.636232+01	t	\\xbc8307710c90cc0b51a423be128e5781485221bc1917fb175114958d51dbfbcb71b1d8ca9e71686a033b37550708f682	4432791
20250917000001	create organizations table	2025-09-29 17:22:15.640907+01	t	\\xa66bdd81bdc20e14a46eb73ecdf2ff7a2911d68c26669d7c5a2960e7ab46fae7de31147b15fdc17e9219fd738d9f2ae4	4129750
20250917000002	add organization support	2025-09-29 17:22:15.64527+01	t	\\x165049182232d14baef56438f76ee23cbc43534494157a76da1a7295fb06675b7ac15d4d71c9afc63e7077b95c46b9f9	5697875
20250918000001	add organization support	2025-09-29 17:22:15.651205+01	t	\\xfe04e026299f78056afbae04cfd9485c89f0847bf9cd4facb098d954bb92c637bbf2f1525710db7a39cdf781fc528471	682459
20250921000001	add user roles and specialties	2025-09-29 17:22:15.652061+01	t	\\x49e9e87b814d1ae14c9982b1b10399fa3d1b820110c643210a0e652c2e9ebb37064612879756c2e2a9cfab7fec3cee46	1383792
20250921000002	create teams table	2025-09-29 17:22:15.653632+01	t	\\x5fb0c95f7a8be34d7f9b8188b1b7529f64f6e8d03cbfa0bf9c5c54700acd424c7551cf41121b9fc60649ece030a21179	4751500
20250921000003	create sprints table	2025-09-29 17:22:15.658585+01	t	\\x61221ec896cc346b6bcc1272f2987c9f9063cf6a730e8d8219fa60b283901117b905b1478ce09a76d78fb98828ff9c7f	3709792
20250921000004	populate default data	2025-09-29 17:22:15.662494+01	t	\\x40f1af49b7b4496b57330ba44a31614e04381e5e7d66afe2151c589904f775e98e3d94a1ad6c3bd202dd2d5a9c5b2f80	1724875
20250829120700	create context orchestrator tables	2025-10-10 16:53:49.309589+01	t	\\x7389219b087b411c620d207b906fa6c9665351f388f1e127eb81abcde9a6f899616dad6d997a82cee2101af093eb0196	31746333
20250902090000	add readiness feedback columns	2025-10-10 16:55:58.724921+01	t	\\x8a4728c091a1eb6bbc10474d17f5dc200afa518d6af805c788143b66c6b9d472a9b0f728873a7ec469bb3a1749e7a398	58971833
20250902090500	add story readiness override	2025-10-10 16:58:38.157721+01	t	\\x983dcadeeee2236d16c6675a7dfe718a6d3bdeb23789cd4d8c4d3add110708a3c2f877507c6542fba573a8d50b85346e	3777250
20251001090000	add projection tables	2025-10-10 16:58:38.162514+01	t	\\x6fe799b409f405649ccfc3bcc48b68460ce86fdc50dbd4a0d62e16289baf3c86ee1056b3c064af9389e4045d66640b5e	18437167
20251001092000	create prompt sprint projections	2025-10-11 12:11:11.807541+01	t	\\xf400b3fede9eae5b2355257aaeb4cd615ae330070d00669d71827d4d6f0de7e2f761136404e60e703cfa13c3d84d118c	17510833
20251001093000	create context sprint projections	2025-10-11 12:11:11.825606+01	t	\\x505b745375a3d52696e214c363348016bd998a0cab922badbd97057ac3054c49ea074e602642d4097b95a66d049c3262	2693000
20251016120000	create sprints table	2025-10-17 11:53:37.416764+01	t	\\x85eb2d928abd966bb11f556cacc6ceb205d47d933f6b423cbc1bd969e1df75061faedbf87a55d8eda92ff63a7cea58f0	40057125
\.


--
-- Data for Name: acceptance_criteria; Type: TABLE DATA; Schema: public; Owner: postgres
--

COPY public.acceptance_criteria (id, story_id, description, given, when_clause, then_clause, created_at) FROM stdin;
9d2b81d1-9581-48b5-a8cb-41237c937a81	a8a8bba1-61d3-4d74-8f93-f3ca6328b114	Given I am viewing the sprint task board, when I hover over or focus on a task row, then I should see contextual action buttons appear (e.g., Take, Complete, Release), and the available actions should depend on the current task state and my ownership, and disabled actions should be greyed out with tooltips explaining why	I am viewing the sprint task board	I hover over or focus on a task row	I should see contextual action buttons appear (e.g., Take, Complete, Release), and the available actions should depend on the current task state and my ownership, and disabled actions should be greyed out with tooltips explaining why	2025-10-28 11:23:42.001742+00
512c49fd-a6be-4c71-ab65-9bc1befb86da	a8a8bba1-61d3-4d74-8f93-f3ca6328b114	Given I see an available task in the sprint board, when I click the Take quick action button, then I should immediately become the owner, and the task should move to in_progress state, and the UI should update without a full page reload, and I should see a brief success notification	I see an available task in the sprint board	I click the Take quick action button	I should immediately become the owner, and the task should move to in_progress state, and the UI should update without a full page reload, and I should see a brief success notification	2025-10-28 11:23:42.028293+00
ccdd77f3-d54a-477f-bc95-a720b97d266c	a8a8bba1-61d3-4d74-8f93-f3ca6328b114	Given I see one of my in_progress tasks, when I click the Complete quick action button, then The task should immediately transition to completed, and the task should visually update (e.g., strikethrough, green checkmark), and sprint progress indicators should update	I see one of my in_progress tasks	I click the Complete quick action button	The task should immediately transition to completed, and the task should visually update (e.g., strikethrough, green checkmark), and sprint progress indicators should update	2025-10-28 11:23:42.046512+00
bf633a09-4c4f-48b3-bff5-a59de9cc6675	a8a8bba1-61d3-4d74-8f93-f3ca6328b114	Given I perform a quick action on a task, when The action is triggered, then The UI should update optimistically (before server confirms), and if the server returns an error, the UI should roll back, and I should see an error message explaining what went wrong	I perform a quick action on a task	The action is triggered	The UI should update optimistically (before server confirms), and if the server returns an error, the UI should roll back, and I should see an error message explaining what went wrong	2025-10-28 11:23:42.063252+00
58b42b5e-08ae-48d9-afdc-d450a6e0ea80	a8a8bba1-61d3-4d74-8f93-f3ca6328b114	Given I have keyboard focus on a task in the sprint board, when I press designated keyboard shortcuts (e.g., T for take, C for complete, R for release), then The corresponding action should be triggered, and a keyboard shortcut legend should be accessible via question mark key	I have keyboard focus on a task in the sprint board	I press designated keyboard shortcuts (e.g., T for take, C for complete, R for release)	The corresponding action should be triggered, and a keyboard shortcut legend should be accessible via question mark key	2025-10-28 11:23:42.08621+00
a1111111-1111-1111-1111-111111111111	a0c8c75c-1b2e-46d2-a9b5-f009495a898f	Criterion 1	A project exists	I visit the backlog	I should see the story	2025-10-09 17:12:32.360403+01
a2222222-2222-2222-2222-222222222222	a0c8c75c-1b2e-46d2-a9b5-f009495a898f	Criterion 2	A user is signed in	They open the story	They can edit details	2025-10-09 17:12:56.198801+01
f67bd12a-5954-4dc6-8e4f-fce80d698849	a0c8c75c-1b2e-46d2-a9b5-f009495a898f	Given I'm a monkey, when I poop, then I throw it	I'm a monkey	I poop	I throw it	2025-10-09 20:22:13.392786+01
a61330c9-f037-4933-8d1a-9296d8fda1bf	736184ec-7ab7-471d-b68c-a3ed088ba879	Given Given a banana, when I peel eat, then I eat it	Given a banana	I peel eat	I eat it	2025-10-21 13:22:21.279353+01
4f98affa-bdfe-4010-8d9f-5ee1a66ed0c0	92da7bbe-c54a-45e3-88e6-215ab938543e	Given I am acting as the developer persona, when I complete the login-to-action walkthrough, then I record duration and friction notes in docs/navigation-phase0-baseline.md	I am acting as the developer persona	I complete the login-to-action walkthrough	I record duration and friction notes in docs/navigation-phase0-baseline.md	2025-10-22 10:14:45.257594+01
13c6a9df-2c8d-4d38-8132-9539786bbfd2	92da7bbe-c54a-45e3-88e6-215ab938543e	Given I am acting as the product owner persona, when I complete the login-to-action walkthrough, then I record duration and friction notes in docs/navigation-phase0-baseline.md	I am acting as the product owner persona	I complete the login-to-action walkthrough	I record duration and friction notes in docs/navigation-phase0-baseline.md	2025-10-22 10:14:55.761439+01
28e9f245-fb2c-4b55-93e6-e463b9f999bb	92da7bbe-c54a-45e3-88e6-215ab938543e	Given All persona walkthroughs are complete, when I review the logged timings and notes, then I publish a summary of key friction points and opportunities	All persona walkthroughs are complete	I review the logged timings and notes	I publish a summary of key friction points and opportunities	2025-10-22 10:15:05.388044+01
590b4e3b-7bdb-4d3f-b94b-20beca48484d	92da7bbe-c54a-45e3-88e6-215ab938543e	Given I am acting as the scrum master persona, when I complete the login-to-action walkthrough, then I record duration and friction notes in docs/navigation-phase0-baseline.md	I am acting as the scrum master persona	I complete the login-to-action walkthrough	I record duration and friction notes in docs/navigation-phase0-baseline.md	2025-10-22 10:15:49.179461+01
6c341e09-352e-4f5c-b5e6-8eb11c734edd	5147176c-bc11-41aa-8561-da40b48c73d9	Given I have access to docs/navigation-phase0-metrics.md, when I review the KPIs for time-to-action, dashboard adoption, satisfaction, and AI suggestions, then Each KPI has a target, measurement approach, and owner recorded	I have access to docs/navigation-phase0-metrics.md	I review the KPIs for time-to-action, dashboard adoption, satisfaction, and AI suggestions	Each KPI has a target, measurement approach, and owner recorded	2025-10-22 10:16:29.336249+01
abe0731f-e1c8-4ce2-8aa9-5d706b6a68b0	5147176c-bc11-41aa-8561-da40b48c73d9	Given I have drafted docs/navigation-phase0-analytics-plan.md, when I outline the events, payloads, and destinations, then The plan includes owners, tooling, and open questions for instrumentation	I have drafted docs/navigation-phase0-analytics-plan.md	I outline the events, payloads, and destinations	The plan includes owners, tooling, and open questions for instrumentation	2025-10-22 10:16:46.420566+01
ab7e6b56-51d6-4b40-8688-f6ab12bb911c	5147176c-bc11-41aa-8561-da40b48c73d9	Given The analytics plan is complete, when I identify implementation gaps or dependencies, then Follow-up items are logged for Phase 2 (tickets or WIP list)	The analytics plan is complete	I identify implementation gaps or dependencies	Follow-up items are logged for Phase 2 (tickets or WIP list)	2025-10-22 10:16:58.908193+01
a177bb25-4713-4135-a3e6-bc6d433d3c9e	8b325798-5ac7-4158-9ab4-868e73e5654d	Given I am working in docs/navigation-phase0-summary.md, when I draft sections for goals, personas, metrics, and scope, then The document has a clear outline ready for content	I am working in docs/navigation-phase0-summary.md	I draft sections for goals, personas, metrics, and scope	The document has a clear outline ready for content	2025-10-22 10:17:51.047047+01
67ff9594-6fd1-43e2-ad52-245c1568842b	8b325798-5ac7-4158-9ab4-868e73e5654d	Given Baseline and metrics stories are complete, when I populate the addendum with data-driven insights, then Each section references supporting docs and highlights key findings	Baseline and metrics stories are complete	I populate the addendum with data-driven insights	Each section references supporting docs and highlights key findings	2025-10-22 10:18:06.049331+01
7188f2a4-090c-45dd-8095-812e617e59ed	8b325798-5ac7-4158-9ab4-868e73e5654d	Given The addendum draft is complete, when I run through the review checklist and capture open questions, then The document is shareable and approval blockers are documented	The addendum draft is complete	I run through the review checklist and capture open questions	The document is shareable and approval blockers are documented	2025-10-22 10:18:17.258553+01
7852bac8-49db-48d2-9aab-b26282961ec9	c3b352a6-8dd3-4ad6-8197-219ad93cb28a	Given I am a contributor logged into the system and there is an active sprint for my project, when I navigate to the Sprint Tasks view, then I should see all tasks from all stories in the current sprint, and each task should display: task ID, title, status, owner (if assigned), parent story, and acceptance criteria references	I am a contributor logged into the system and there is an active sprint for my project	I navigate to the Sprint Tasks view	I should see all tasks from all stories in the current sprint, and each task should display: task ID, title, status, owner (if assigned), parent story, and acceptance criteria references	2025-10-28 11:17:07.600848+00
a2ef8786-5c8f-4091-a206-3a6586f76329	c3b352a6-8dd3-4ad6-8197-219ad93cb28a	Given I am viewing the sprint task board, when I apply filters for status, then The task list should update to show only matching tasks, and I should be able to group tasks by story or by status, and the count of tasks in each filter/group should be visible	I am viewing the sprint task board	I apply filters for status	The task list should update to show only matching tasks, and I should be able to group tasks by story or by status, and the count of tasks in each filter/group should be visible	2025-10-28 11:23:41.781986+00
8e8e949d-1917-4187-a675-57dd59cb9783	c3b352a6-8dd3-4ad6-8197-219ad93cb28a	Given I am viewing the sprint task board, when I see the list of tasks, then Available tasks (no owner, not completed) should be clearly visually distinguished, and my own tasks should be highlighted or marked, and tasks owned by others should show the owner name	I am viewing the sprint task board	I see the list of tasks	Available tasks (no owner, not completed) should be clearly visually distinguished, and my own tasks should be highlighted or marked, and tasks owned by others should show the owner name	2025-10-28 11:23:41.813783+00
728fd41e-2104-49d0-9c92-98f7c58dff1e	c3b352a6-8dd3-4ad6-8197-219ad93cb28a	Given I am viewing the sprint task board, when Another contributor takes ownership of a task or changes task status, then The board should update in real-time without requiring a page refresh, and I should see a subtle notification of the change	I am viewing the sprint task board	Another contributor takes ownership of a task or changes task status	The board should update in real-time without requiring a page refresh, and I should see a subtle notification of the change	2025-10-28 11:23:41.837978+00
d4d41a1f-ba1f-49a6-95a1-8b2831fccdc3	c3b352a6-8dd3-4ad6-8197-219ad93cb28a	Given I am viewing the sprint task board, when I look at the page header or context section, then I should see the sprint name, start date, end date, and days remaining, and I should see a progress indicator showing percentage of tasks completed, and I should see the total number of stories in the sprint	I am viewing the sprint task board	I look at the page header or context section	I should see the sprint name, start date, end date, and days remaining, and I should see a progress indicator showing percentage of tasks completed, and I should see the total number of stories in the sprint	2025-10-28 11:23:41.863694+00
a047c617-b74e-4bae-bcd6-3c62dee37f0c	a5160a6c-761a-4506-9e6d-66f426f6b3b6	Given I select a task to enhance, when I request AI-assisted task enrichment, then The system should use LLM to generate detailed task description based on story context, related tasks, acceptance criteria, and codebase context, and present it as a suggestion for review	I select a task to enhance	I request AI-assisted task enrichment	The system should use LLM to generate detailed task description based on story context, related tasks, acceptance criteria, and codebase context, and present it as a suggestion for review	2025-10-29 17:09:57.074494+00
2ffb3dd3-0bb2-477a-b913-13db0f9d09d6	a5160a6c-761a-4506-9e6d-66f426f6b3b6	Given A task analysis is complete, when I view the recommendations, then I should see examples of well-defined tasks from the same project or similar domains, and be able to apply recommended enhancements with one click	A task analysis is complete	I view the recommendations	I should see examples of well-defined tasks from the same project or similar domains, and be able to apply recommended enhancements with one click	2025-10-29 17:09:57.135149+00
30ef722c-44f7-408a-a0fa-e2b53e736232	c0a154a2-7a11-422e-bd60-ac0de1806dd7	Given I am viewing the backlog as a product owner, when A story lacks ACs, has >8 points, or is older than 30 days, then I see a visual badge and can filter to address the issue	I am viewing the backlog as a product owner	A story lacks ACs, has >8 points, or is older than 30 days	I see a visual badge and can filter to address the issue	2025-10-22 13:27:42.9512+01
501aacba-00f1-4a6c-93bb-d7d3a2f70b7b	c0a154a2-7a11-422e-bd60-ac0de1806dd7	Given I am on the backlog view, when A flagged story is selected, then I receive an AI suggestion with the top remediation step and can apply it	I am on the backlog view	A flagged story is selected	I receive an AI suggestion with the top remediation step and can apply it	2025-10-22 13:27:53.348794+01
41f0ad0d-8457-4d0c-89a2-15ebe248cea0	c0a154a2-7a11-422e-bd60-ac0de1806dd7	Given I am viewing the backlog, when The page loads, then I see aggregated readiness stats (count of flagged stories, total ready points) updated in real time	I am viewing the backlog	The page loads	I see aggregated readiness stats (count of flagged stories, total ready points) updated in real time	2025-10-22 13:28:14.612599+01
9ccc6c6c-ea70-4b9a-b7da-73c2c165a744	5bb8df3a-6e07-4872-a43d-2fd8f6ad5b57	Given I am a signed-in developer with assigned tasks, when I load the dashboard, then I see the top three in-progress or ready tasks with start/complete actions	I am a signed-in developer with assigned tasks	I load the dashboard	I see the top three in-progress or ready tasks with start/complete actions	2025-10-22 13:25:30.838898+01
af61eba5-7acd-4524-8d1f-4da14f95eb08	5bb8df3a-6e07-4872-a43d-2fd8f6ad5b57	Given I am a developer with no assigned tasks but sprint stories need attention, when I load the dashboard, then I see a recommended task from the active sprint that fits my ownership area	I am a developer with no assigned tasks but sprint stories need attention	I load the dashboard	I see a recommended task from the active sprint that fits my ownership area	2025-10-22 13:25:45.267226+01
7a9caa81-bf69-4e22-b734-dc77d0551073	5bb8df3a-6e07-4872-a43d-2fd8f6ad5b57	Given I have no assigned tasks and there are no ready stories, when I view the dashboard, then I see an AI-generated suggestion for a meaningful next action (e.g., grooming, splitting large stories)	I have no assigned tasks and there are no ready stories	I view the dashboard	I see an AI-generated suggestion for a meaningful next action (e.g., grooming, splitting large stories)	2025-10-22 13:25:59.849709+01
91e6142b-b42e-4dd1-9acb-0a306917820a	5bb8df3a-6e07-4872-a43d-2fd8f6ad5b57	Given I am a developer loading the dashboard, when The dashboard renders my next actions, then The key widgets render within 2 seconds and a telemetry event records the render time	I am a developer loading the dashboard	The dashboard renders my next actions	The key widgets render within 2 seconds and a telemetry event records the render time	2025-10-22 14:50:04.241036+01
48b0e78e-d956-40a6-bf7c-c87d8fda153d	fbdb370a-ba81-4022-896a-3d05e87d1dc6	Given Stories or tasks change, when the event bus publishes backlog updates, then projections for sprint board, backlog, and readiness views are rebuilt within 2 seconds	Stories or tasks change	the event bus publishes backlog updates	projections for sprint board, backlog, and readiness views are rebuilt within 2 seconds	2025-10-23 10:30:42.683576+01
e0261453-8f72-4b08-8290-d8fb7903c869	4f35d451-9ec7-4a20-97f4-83b59f2aa5da	Given I am viewing a task in the backlog, when The task readiness analysis runs, then I should see a clarity score indicating how well-defined the task is, with specific recommendations for improvement	I am viewing a task in the backlog	The task readiness analysis runs	I should see a clarity score indicating how well-defined the task is, with specific recommendations for improvement	2025-10-28 15:31:04.169541+00
81054dee-14c5-455f-a580-7d8870ba34ee	4f35d451-9ec7-4a20-97f4-83b59f2aa5da	Given A task description lacks specific technical details, when The analysis evaluates the task, then The system should recommend adding: file paths to modify, specific functions/components to create or change, expected inputs/outputs, and technical approach or architecture decisions	A task description lacks specific technical details	The analysis evaluates the task	The system should recommend adding: file paths to modify, specific functions/components to create or change, expected inputs/outputs, and technical approach or architecture decisions	2025-10-28 15:31:14.333096+00
30639999-a0b1-4381-b92b-173a7d946bc8	4f35d451-9ec7-4a20-97f4-83b59f2aa5da	Given A task has vague or ambiguous language, when The analysis evaluates the task, then The system should flag terms like implement, create, build, add, fix without specifics, and recommend concrete actions with measurable outcomes	A task has vague or ambiguous language	The analysis evaluates the task	The system should flag terms like implement, create, build, add, fix without specifics, and recommend concrete actions with measurable outcomes	2025-10-28 15:31:16.412973+00
5649e91e-043f-4097-916b-9907620bff3e	4f35d451-9ec7-4a20-97f4-83b59f2aa5da	Given A task is missing acceptance criteria references, when The analysis evaluates the task, then The system should recommend linking to specific acceptance criteria IDs and suggest which ACs the task addresses	A task is missing acceptance criteria references	The analysis evaluates the task	The system should recommend linking to specific acceptance criteria IDs and suggest which ACs the task addresses	2025-10-28 15:31:17.491457+00
3f42fa09-1117-463b-b523-08dc03a2f4a4	4f35d451-9ec7-4a20-97f4-83b59f2aa5da	Given A task is analyzed for AI agent compatibility, when The readiness check runs, then The system should evaluate if the task includes: clear success criteria, explicit dependencies, required environment setup, expected test coverage, and definition of done	A task is analyzed for AI agent compatibility	The readiness check runs	The system should evaluate if the task includes: clear success criteria, explicit dependencies, required environment setup, expected test coverage, and definition of done	2025-10-28 15:31:18.233558+00
dd7b8a3c-2689-4a11-9c0d-e46843a0be1d	4f35d451-9ec7-4a20-97f4-83b59f2aa5da	Given I select a task to enhance, when I request AI-assisted task enrichment, then The system should use LLM to generate detailed task description based on story context, related tasks, acceptance criteria, and codebase context, and present it as a suggestion for review	I select a task to enhance	I request AI-assisted task enrichment	The system should use LLM to generate detailed task description based on story context, related tasks, acceptance criteria, and codebase context, and present it as a suggestion for review	2025-10-28 15:31:19.179666+00
bbd83897-f34c-4c09-a280-a965c0937d04	4f35d451-9ec7-4a20-97f4-83b59f2aa5da	Given A task analysis is complete, when I view the recommendations, then I should see examples of well-defined tasks from the same project or similar domains, and be able to apply recommended enhancements with one click	A task analysis is complete	I view the recommendations	I should see examples of well-defined tasks from the same project or similar domains, and be able to apply recommended enhancements with one click	2025-10-28 15:31:19.841026+00
e51730ba-2872-455d-b551-b9904903d758	a85c4725-3814-497a-8dd6-d5d8ee97936d	Given I am a contributor viewing an available task (no owner), when I click Take Ownership or Assign to Me, then I should become the owner of that task, and the task status should change to in_progress, and other contributors should no longer see it as available, and I should see a confirmation message	I am a contributor viewing an available task (no owner)	I click Take Ownership or Assign to Me	I should become the owner of that task, and the task status should change to in_progress, and other contributors should no longer see it as available, and I should see a confirmation message	2025-10-28 11:23:41.885918+00
196d4f69-d8aa-44f7-9fe1-0f17fa0cffba	a85c4725-3814-497a-8dd6-d5d8ee97936d	Given I own a task that is in_progress, when I click Mark Complete, then The task status should change to completed, and I should remain the owner (for audit trail), and the task should no longer appear in my active tasks, and sprint progress should update	I own a task that is in_progress	I click Mark Complete	The task status should change to completed, and I should remain the owner (for audit trail), and the task should no longer appear in my active tasks, and sprint progress should update	2025-10-28 11:23:41.905939+00
67739dd6-91d4-42cf-9ede-dda1ad1731fc	a85c4725-3814-497a-8dd6-d5d8ee97936d	Given I own a task that is in_progress, when I click Release Task or Unassign, then The task should return to available status, and the ownership should be cleared, and other contributors should see it as available again, and I should see a confirmation dialog warning about releasing the task	I own a task that is in_progress	I click Release Task or Unassign	The task should return to available status, and the ownership should be cleared, and other contributors should see it as available again, and I should see a confirmation dialog warning about releasing the task	2025-10-28 11:23:41.928286+00
81b8fc1b-00d6-49fb-b543-dca6793dbb9d	a85c4725-3814-497a-8dd6-d5d8ee97936d	Given I attempt to take ownership of a task, when The task is already owned by another contributor, then I should see an error message indicating the task is unavailable, and I should see who currently owns it, and the action should be prevented	I attempt to take ownership of a task	The task is already owned by another contributor	I should see an error message indicating the task is unavailable, and I should see who currently owns it, and the action should be prevented	2025-10-28 11:23:41.944394+00
90a239c8-a964-4404-956b-a5a07e37288d	a85c4725-3814-497a-8dd6-d5d8ee97936d	Given I am viewing a task details, when I look at the task information, then I should see a history of state transitions, and each transition should show: timestamp, who made the change, from state, to state, and the history should be ordered chronologically (newest first)	I am viewing a task details	I look at the task information	I should see a history of state transitions, and each transition should show: timestamp, who made the change, from state, to state, and the history should be ordered chronologically (newest first)	2025-10-28 11:23:41.965307+00
d84a049f-60ef-49fe-9e04-50bfabc2915a	a85c4725-3814-497a-8dd6-d5d8ee97936d	Given I have multiple tasks assigned to me, when I select multiple tasks using checkboxes, then I should be able to perform bulk actions (e.g., Mark all as completed), and each task should transition independently with proper validation, and I should see a summary of successful vs. failed transitions	I have multiple tasks assigned to me	I select multiple tasks using checkboxes	I should be able to perform bulk actions (e.g., Mark all as completed), and each task should transition independently with proper validation, and I should see a summary of successful vs. failed transitions	2025-10-28 11:23:41.982792+00
5614e6d4-1faa-4eb3-aee4-110d3de9fdc7	32748062-392a-40c0-af69-539cbf2f4102	Given I am a Sponsor or Product Owner viewing the backlog, when I look at a story, then I should see a priority field with options: Critical, High, Medium, Low, or a numeric weight (1-100)	I am a Sponsor or Product Owner viewing the backlog	I look at a story	I should see a priority field with options: Critical, High, Medium, Low, or a numeric weight (1-100)	2025-10-29 10:46:49.111197+00
8da65628-639a-4445-8e41-a099bdf769ac	32748062-392a-40c0-af69-539cbf2f4102	Given I am a Sponsor or Product Owner with a story selected, when I set or update the priority/weight of the story, then The story should be saved with the new priority value and the backlog should re-sort to reflect the priority order	I am a Sponsor or Product Owner with a story selected	I set or update the priority/weight of the story	The story should be saved with the new priority value and the backlog should re-sort to reflect the priority order	2025-10-29 10:46:56.472616+00
5e872ffa-3b89-4342-8b57-65e44823cb2d	32748062-392a-40c0-af69-539cbf2f4102	Given The sprint planner is selecting stories for a new sprint, when Multiple ready stories are available and exceed sprint capacity, then Stories with higher priority/weight should be selected first until capacity is reached	The sprint planner is selecting stories for a new sprint	Multiple ready stories are available and exceed sprint capacity	Stories with higher priority/weight should be selected first until capacity is reached	2025-10-29 10:47:04.313966+00
3eccc9a9-d0b8-4ae6-9eb7-ccc0e07b607c	32748062-392a-40c0-af69-539cbf2f4102	Given I am viewing the backlog, when Stories are displayed, then Stories should be sorted by priority (highest first) by default, with an option to sort by other criteria	I am viewing the backlog	Stories are displayed	Stories should be sorted by priority (highest first) by default, with an option to sort by other criteria	2025-10-29 10:47:09.785426+00
f6cca147-05d7-4ffa-abd0-d16089392561	32748062-392a-40c0-af69-539cbf2f4102	Given I am a Contributor (dev/qa role), when I view stories or tasks, then I can see the priority but cannot change it, ensuring only Sponsors and POs control prioritization	I am a Contributor (dev/qa role)	I view stories or tasks	I can see the priority but cannot change it, ensuring only Sponsors and POs control prioritization	2025-10-29 10:47:16.292763+00
2706173c-9c47-43a0-88a0-b166b739f7c9	85b3093d-2838-478d-9861-fb493afa2db7	Given I have a story with persona format in the title (As a... I want... so that...) but a non-persona description, when The readiness validation runs, then The story should pass the persona format check because the title contains the required format	I have a story with persona format in the title (As a... I want... so that...) but a non-persona description	The readiness validation runs	The story should pass the persona format check because the title contains the required format	2025-10-28 13:34:55.244602+00
fe1b668b-10f0-408a-8282-4a3012267fa1	85b3093d-2838-478d-9861-fb493afa2db7	Given I have a story with a concise title but persona format in the description (As a... I want... so that...), when The readiness validation runs, then The story should pass the persona format check because the description contains the required format	I have a story with a concise title but persona format in the description (As a... I want... so that...)	The readiness validation runs	The story should pass the persona format check because the description contains the required format	2025-10-28 13:34:56.772795+00
72246231-54fe-41b5-902d-4e7f039779c3	85b3093d-2838-478d-9861-fb493afa2db7	Given I have a story with neither title nor description in persona format, when The readiness validation runs, then The story should fail the persona format check with a clear message indicating that either title or description must use persona format	I have a story with neither title nor description in persona format	The readiness validation runs	The story should fail the persona format check with a clear message indicating that either title or description must use persona format	2025-10-28 13:34:57.819774+00
489a2f69-4d62-4abc-80a1-50821cae76c2	85b3093d-2838-478d-9861-fb493afa2db7	Given I have a story with persona format in both title and description, when The readiness validation runs, then The story should pass the persona format check (this is also acceptable, though redundant)	I have a story with persona format in both title and description	The readiness validation runs	The story should pass the persona format check (this is also acceptable, though redundant)	2025-10-28 13:34:59.422636+00
24a25dfe-72fc-4131-ae71-8b6ae365e875	85b3093d-2838-478d-9861-fb493afa2db7	Given I am viewing a story that fails the persona format check, when I look at the readiness feedback, then The error message should be updated to say: Either title or description must use persona format (As a... I want... so that...) instead of requiring both	I am viewing a story that fails the persona format check	I look at the readiness feedback	The error message should be updated to say: Either title or description must use persona format (As a... I want... so that...) instead of requiring both	2025-10-28 13:35:00.497355+00
4821fab6-845f-4e43-86ff-91a5b2b56f96	413a10ae-6f8c-4f00-9ad4-5ff4b6527371	Given I am a Sponsor viewing the dashboard, when The page loads, then I should see an executive summary showing: total features delivered vs planned, current sprint progress %, average velocity (last 3 sprints), projected completion date, and overall project health status (green/yellow/red)	I am a Sponsor viewing the dashboard	The page loads	I should see an executive summary showing: total features delivered vs planned, current sprint progress %, average velocity (last 3 sprints), projected completion date, and overall project health status (green/yellow/red)	2025-10-29 11:13:40.361301+00
46adab78-839c-4a8b-b67c-c46516b94022	413a10ae-6f8c-4f00-9ad4-5ff4b6527371	Given I am viewing the dashboard, when I look at the velocity section, then I should see a line chart showing story points completed per sprint for the last 6 sprints, with a trend line and average velocity indicator	I am viewing the dashboard	I look at the velocity section	I should see a line chart showing story points completed per sprint for the last 6 sprints, with a trend line and average velocity indicator	2025-10-29 11:13:46.231877+00
6dc92ad0-022b-4e08-856d-94e2275dd4d8	413a10ae-6f8c-4f00-9ad4-5ff4b6527371	Given There is an active sprint, when I view the dashboard, then I should see a burndown chart showing remaining story points vs ideal burndown line, with days remaining and completion trend (on track, ahead, behind schedule)	There is an active sprint	I view the dashboard	I should see a burndown chart showing remaining story points vs ideal burndown line, with days remaining and completion trend (on track, ahead, behind schedule)	2025-10-29 11:13:52.226536+00
666a1ebb-7721-4b01-897b-cf9f7dfc5b26	413a10ae-6f8c-4f00-9ad4-5ff4b6527371	Given I am viewing the dashboard, when I look at the features section, then I should see a list of major features/epics with completion percentage, target date, and status indicator (completed, in progress, at risk, blocked)	I am viewing the dashboard	I look at the features section	I should see a list of major features/epics with completion percentage, target date, and status indicator (completed, in progress, at risk, blocked)	2025-10-29 11:13:58.233511+00
c6575e61-3c57-4b93-932f-22b9f54d1b2b	413a10ae-6f8c-4f00-9ad4-5ff4b6527371	Given There are risks or blockers in the project, when I view the dashboard, then I should see a prominent alerts section highlighting critical issues (e.g., "3 stories blocked", "Velocity down 30% from average", "Sprint at risk of missing deadline") with links to details	There are risks or blockers in the project	I view the dashboard	I should see a prominent alerts section highlighting critical issues (e.g., "3 stories blocked", "Velocity down 30% from average", "Sprint at risk of missing deadline") with links to details	2025-10-29 11:14:04.286098+00
21acfde4-ac95-4e60-b4cf-3c16a907b501	413a10ae-6f8c-4f00-9ad4-5ff4b6527371	Given I am viewing the dashboard, when I look at the timeline section, then I should see the original project timeline vs actual progress, estimated completion date based on current velocity, and budget spent vs allocated (if budget tracking is enabled)	I am viewing the dashboard	I look at the timeline section	I should see the original project timeline vs actual progress, estimated completion date based on current velocity, and budget spent vs allocated (if budget tracking is enabled)	2025-10-29 11:14:09.9711+00
36a54dc0-d56c-4a94-9474-4ac5eaee1f0a	413a10ae-6f8c-4f00-9ad4-5ff4b6527371	Given I am viewing the dashboard, when I look at the team section, then I should see team capacity utilization (current sprint load vs capacity), number of active contributors, and average task completion time	I am viewing the dashboard	I look at the team section	I should see team capacity utilization (current sprint load vs capacity), number of active contributors, and average task completion time	2025-10-29 11:14:15.696128+00
bc61695e-5f5f-4393-9948-ba2eccd44e72	413a10ae-6f8c-4f00-9ad4-5ff4b6527371	Given I am viewing the dashboard, when I want to share metrics with stakeholders, then I should have an option to export dashboard as PDF report or share a public read-only link with customizable date range	I am viewing the dashboard	I want to share metrics with stakeholders	I should have an option to export dashboard as PDF report or share a public read-only link with customizable date range	2025-10-29 11:14:25.431957+00
d5a0d656-edda-4a7d-a58f-c328e2959494	b5e95909-535c-45d0-a655-aa77612d009f	Given I am a Sponsor logged into the system, when I am on any page in the application, then I should see a persistent quick capture button or widget (e.g., floating action button in corner) that is always accessible without navigating away from my current view	I am a Sponsor logged into the system	I am on any page in the application	I should see a persistent quick capture button or widget (e.g., floating action button in corner) that is always accessible without navigating away from my current view	2025-10-29 11:14:45.250207+00
681800ed-0395-4066-9fef-3cb7758c9de7	b5e95909-535c-45d0-a655-aa77612d009f	Given I click the quick capture button, when The capture interface opens, then I should see a minimal form with just a title field and optional description textarea, with focus automatically set to the title field for immediate typing	I click the quick capture button	The capture interface opens	I should see a minimal form with just a title field and optional description textarea, with focus automatically set to the title field for immediate typing	2025-10-29 11:14:51.05632+00
9acba5dc-555b-4df5-aa42-acde5062e0c6	b5e95909-535c-45d0-a655-aa77612d009f	Given I have entered a feature idea title, when I press Enter or click the Save button, then The idea should be instantly saved as a draft story in the backlog, I should see a success confirmation, and the form should clear for the next idea	I have entered a feature idea title	I press Enter or click the Save button	The idea should be instantly saved as a draft story in the backlog, I should see a success confirmation, and the form should clear for the next idea	2025-10-29 11:14:57.724832+00
dfa6e2e0-fc6f-4c95-b740-81a5c9b2d3ff	b5e95909-535c-45d0-a655-aa77612d009f	Given I save a feature idea via quick capture, when The story is created, then It should automatically be labeled with "sponsor-idea" or similar tag, set to draft status, and attributed to me as the creator so the PO knows it needs refinement	I save a feature idea via quick capture	The story is created	It should automatically be labeled with "sponsor-idea" or similar tag, set to draft status, and attributed to me as the creator so the PO knows it needs refinement	2025-10-29 11:15:04.910978+00
3775327d-77be-48c6-b394-2dd95c08d416	b5e95909-535c-45d0-a655-aa77612d009f	Given I am using the quick capture widget on a device with voice input, when I click a microphone icon, then I should be able to dictate my feature idea and have it transcribed into the title/description field	I am using the quick capture widget on a device with voice input	I click a microphone icon	I should be able to dictate my feature idea and have it transcribed into the title/description field	2025-10-29 11:15:12.535771+00
b8ad4277-0e95-4ad4-bb6c-67d23915c257	b5e95909-535c-45d0-a655-aa77612d009f	Given I have entered a brief feature idea, when I click an "Enhance with AI" button, then The system should use AI to expand the idea with suggested user stories, acceptance criteria, and related features, which I can review and accept or dismiss	I have entered a brief feature idea	I click an "Enhance with AI" button	The system should use AI to expand the idea with suggested user stories, acceptance criteria, and related features, which I can review and accept or dismiss	2025-10-29 11:15:18.985969+00
85a19958-70aa-4c6a-80fd-1edf4f79bf7d	b5e95909-535c-45d0-a655-aa77612d009f	Given I have captured multiple feature ideas, when I click "View My Ideas" link in the widget, then I should be taken to a filtered backlog view showing only my draft stories with the sponsor-idea label, sorted by most recent first	I have captured multiple feature ideas	I click "View My Ideas" link in the widget	I should be taken to a filtered backlog view showing only my draft stories with the sponsor-idea label, sorted by most recent first	2025-10-29 11:15:26.065862+00
b8031a8f-4360-40bc-9f16-a4485f452cc0	b5e95909-535c-45d0-a655-aa77612d009f	Given I am a Sponsor using the application, when I press a global keyboard shortcut (e.g., Cmd+K or Ctrl+Shift+N), then The quick capture widget should open immediately, allowing me to capture ideas without using the mouse	I am a Sponsor using the application	I press a global keyboard shortcut (e.g., Cmd+K or Ctrl+Shift+N)	The quick capture widget should open immediately, allowing me to capture ideas without using the mouse	2025-10-29 11:15:32.778578+00
60e28649-8f1e-47ba-bfdc-36ebeb073d58	24e14f90-bd7b-495a-9c31-9b6ebeaf712d	Given I am viewing the sprint dashboard, when I access the metrics section, then I should see a burndown chart showing tasks completed over time, and the chart should compare actual progress to ideal progress, and I should see current velocity vs. planned velocity	I am viewing the sprint dashboard	I access the metrics section	I should see a burndown chart showing tasks completed over time, and the chart should compare actual progress to ideal progress, and I should see current velocity vs. planned velocity	2025-10-28 11:23:42.107225+00
7f1b6644-5dbc-42b3-9b35-07a6cba265db	24e14f90-bd7b-495a-9c31-9b6ebeaf712d	Given I am viewing the sprint metrics, when I look at the distribution section, then I should see a breakdown of tasks by status (available, in_progress, completed), and I should see a list of contributors with their assigned task counts, and I should see which stories have the most unclaimed tasks	I am viewing the sprint metrics	I look at the distribution section	I should see a breakdown of tasks by status (available, in_progress, completed), and I should see a list of contributors with their assigned task counts, and I should see which stories have the most unclaimed tasks	2025-10-28 11:23:42.122789+00
0780e2aa-66d8-47fa-a321-ecf05219c79a	24e14f90-bd7b-495a-9c31-9b6ebeaf712d	Given I am viewing the sprint metrics, when There are concerning patterns (e.g., many tasks unclaimed, tasks stuck in progress), then I should see visual risk indicators or warnings, and I should see specific recommendations (e.g., 5 tasks have been in progress for 3+ days)	I am viewing the sprint metrics	There are concerning patterns (e.g., many tasks unclaimed, tasks stuck in progress)	I should see visual risk indicators or warnings, and I should see specific recommendations (e.g., 5 tasks have been in progress for 3+ days)	2025-10-28 11:23:42.140141+00
b7b233d9-2e37-4ab9-a18f-406c5516361f	24e14f90-bd7b-495a-9c31-9b6ebeaf712d	Given I am viewing sprint metrics, when I click Export Report, then I should receive a downloadable summary (CSV or PDF), and the report should include: sprint dates, story list, task completion status, contributor assignments, burndown data	I am viewing sprint metrics	I click Export Report	I should receive a downloadable summary (CSV or PDF), and the report should include: sprint dates, story list, task completion status, contributor assignments, burndown data	2025-10-28 11:23:42.157718+00
b34de663-498a-4dd6-be5f-3ccf838b0ea1	2c40c1a7-1463-40ef-ba69-194592fc6d7e	Given There is an active sprint, when I open the project dashboard, then I see the sprint name, goal, and countdown in days	There is an active sprint	I open the project dashboard	I see the sprint name, goal, and countdown in days	2025-10-22 13:29:52.018645+01
b4b702f8-187b-411c-ab7c-d1246fcbddfa	2c40c1a7-1463-40ef-ba69-194592fc6d7e	Given Committed story points exceed 80% of capacity, when I view the sprint spotlight, then I see a warning badge prompting me to review scope	Committed story points exceed 80% of capacity	I view the sprint spotlight	I see a warning badge prompting me to review scope	2025-10-22 13:30:02.218805+01
f6957c3b-0e08-4b8f-b0c8-6f06137e658a	2c40c1a7-1463-40ef-ba69-194592fc6d7e	Given Committed story points exceed 80% of capacity, when I view the sprint spotlight, then I see a warning badge prompting me to review scope	Committed story points exceed 80% of capacity	I view the sprint spotlight	I see a warning badge prompting me to review scope	2025-10-22 13:30:18.742602+01
ab36b539-f005-450b-a4de-70cd204ac9f0	2c40c1a7-1463-40ef-ba69-194592fc6d7e	Given Tasks in the sprint are blocked, when I open the sprint spotlight, then I see a list of blockers with owners and an action to escalate or remove the block	Tasks in the sprint are blocked	I open the sprint spotlight	I see a list of blockers with owners and an action to escalate or remove the block	2025-10-22 13:30:31.189227+01
6f0bccb5-6ea3-4b68-9209-a180dfd1cb93	2c40c1a7-1463-40ef-ba69-194592fc6d7e	Given I am a Scrum Master viewing the dashboard, when The page loads or I request recommendations, then The system should call GET /api/v1/recommendations/scrum-master?project_id={id} and display suggested actions with priority (critical, high, medium, low) and reasoning	I am a Scrum Master viewing the dashboard	The page loads or I request recommendations	The system should call GET /api/v1/recommendations/scrum-master?project_id={id} and display suggested actions with priority (critical, high, medium, low) and reasoning	2025-10-29 11:00:53.26126+00
0c0cbc17-2fac-436d-8dbd-4d5fee6119a9	2c40c1a7-1463-40ef-ba69-194592fc6d7e	Given A story has more than 13 story points or lacks clear acceptance criteria, when The recommendations API analyzes stories, then It should suggest splitting the story with reasoning (e.g., "Story X has 21 points, recommend splitting into 2-3 smaller stories") and provide a quick action to initiate the split	A story has more than 13 story points or lacks clear acceptance criteria	The recommendations API analyzes stories	It should suggest splitting the story with reasoning (e.g., "Story X has 21 points, recommend splitting into 2-3 smaller stories") and provide a quick action to initiate the split	2025-10-29 11:01:00.453877+00
0e20c4fe-d459-4c6d-98ac-941d9916583e	2c40c1a7-1463-40ef-ba69-194592fc6d7e	Given A story in draft or backlog status has fewer than 3 acceptance criteria or ACs lack Given/When/Then structure, when The recommendations API analyzes stories, then It should suggest adding acceptance criteria with reasoning (e.g., "Story Y has only 1 AC, recommend adding 2-3 more to clarify requirements") and provide a quick action to add ACs	A story in draft or backlog status has fewer than 3 acceptance criteria or ACs lack Given/When/Then structure	The recommendations API analyzes stories	It should suggest adding acceptance criteria with reasoning (e.g., "Story Y has only 1 AC, recommend adding 2-3 more to clarify requirements") and provide a quick action to add ACs	2025-10-29 11:01:06.856656+00
c899da6a-92a7-42cf-8a81-871abe443c32	2c40c1a7-1463-40ef-ba69-194592fc6d7e	Given A ready story has no tasks or tasks are not mapped to acceptance criteria, when The recommendations API analyzes stories, then It should suggest creating tasks with reasoning (e.g., "Story Z is ready but has no implementation tasks") and provide a quick action to generate task breakdown using AI	A ready story has no tasks or tasks are not mapped to acceptance criteria	The recommendations API analyzes stories	It should suggest creating tasks with reasoning (e.g., "Story Z is ready but has no implementation tasks") and provide a quick action to generate task breakdown using AI	2025-10-29 11:01:13.021388+00
3eb00dbc-2d2f-4859-a2ed-a1e1192a5ba3	2c40c1a7-1463-40ef-ba69-194592fc6d7e	Given There is no active sprint and multiple ready stories are available, when The recommendations API checks sprint status, then It should suggest planning a sprint with reasoning (e.g., "No active sprint found. 8 ready stories available totaling 45 points") and provide a quick action to auto-plan sprint or manually plan	There is no active sprint and multiple ready stories are available	The recommendations API checks sprint status	It should suggest planning a sprint with reasoning (e.g., "No active sprint found. 8 ready stories available totaling 45 points") and provide a quick action to auto-plan sprint or manually plan	2025-10-29 11:01:19.741686+00
1f9adbd2-60f7-437f-a083-46ea759c513f	2c40c1a7-1463-40ef-ba69-194592fc6d7e	Given An active sprint has all tasks completed, when The recommendations API checks sprint status, then It should suggest closing the sprint with reasoning (e.g., "Sprint 3 is 100% complete with all 25 tasks done") and provide a quick action to close sprint and generate report	An active sprint has all tasks completed	The recommendations API checks sprint status	It should suggest closing the sprint with reasoning (e.g., "Sprint 3 is 100% complete with all 25 tasks done") and provide a quick action to close sprint and generate report	2025-10-29 11:01:26.318955+00
d795cbac-155d-46d5-bd89-ded7c0b7bcdb	2c40c1a7-1463-40ef-ba69-194592fc6d7e	Given A sprint is nearing completion (80%+ tasks done) or end date is within 2 days, when The recommendations API analyzes sprint status, then It should suggest preparing demo materials with reasoning (e.g., "Sprint 3 ends in 2 days. 12 stories completed and ready to demo") and provide a quick action to generate demo checklist	A sprint is nearing completion (80%+ tasks done) or end date is within 2 days	The recommendations API analyzes sprint status	It should suggest preparing demo materials with reasoning (e.g., "Sprint 3 ends in 2 days. 12 stories completed and ready to demo") and provide a quick action to generate demo checklist	2025-10-29 11:01:32.641913+00
e5e507ef-382b-48ad-868e-24e44554616c	2c40c1a7-1463-40ef-ba69-194592fc6d7e	Given Stories in draft status have been idle for more than 7 days, when The recommendations API analyzes story age and status, then It should suggest reviewing readiness with reasoning (e.g., "5 stories have been in draft for 10+ days") and provide a quick action to run readiness check or refine stories	Stories in draft status have been idle for more than 7 days	The recommendations API analyzes story age and status	It should suggest reviewing readiness with reasoning (e.g., "5 stories have been in draft for 10+ days") and provide a quick action to run readiness check or refine stories	2025-10-29 11:01:39.376438+00
3c497d55-627c-4a45-9d5d-ea072f8e56c2	2c40c1a7-1463-40ef-ba69-194592fc6d7e	Given Active sprint capacity is exceeded (committed points > capacity) or underutilized (committed points < 60% capacity), when The recommendations API checks sprint capacity, then It should suggest rebalancing with reasoning (e.g., "Sprint has 52 points committed but only 40 capacity - recommend moving 2 stories to backlog") and provide quick actions to add or remove stories	Active sprint capacity is exceeded (committed points > capacity) or underutilized (committed points < 60% capacity)	The recommendations API checks sprint capacity	It should suggest rebalancing with reasoning (e.g., "Sprint has 52 points committed but only 40 capacity - recommend moving 2 stories to backlog") and provide quick actions to add or remove stories	2025-10-29 11:01:46.337509+00
3ead6c2e-d5aa-4cda-ac03-452db26b0717	2c40c1a7-1463-40ef-ba69-194592fc6d7e	Given One or more tasks are marked as blocked, when The recommendations API identifies blockers, then It should suggest addressing blockers with reasoning (e.g., "3 tasks blocked: 2 waiting on external API, 1 missing design") and provide quick actions to escalate, reassign, or unblock	One or more tasks are marked as blocked	The recommendations API identifies blockers	It should suggest addressing blockers with reasoning (e.g., "3 tasks blocked: 2 waiting on external API, 1 missing design") and provide quick actions to escalate, reassign, or unblock	2025-10-29 11:01:54.828336+00
35ce73bc-13dc-4d46-aa4a-508a0528e6b0	2c40c1a7-1463-40ef-ba69-194592fc6d7e	Given Three or more sprints have been completed, when The recommendations API analyzes historical velocity, then It should suggest reviewing velocity with reasoning (e.g., "Average velocity: 38 points/sprint. Last sprint: 28 points - 26% below average") and provide quick action to view velocity chart	Three or more sprints have been completed	The recommendations API analyzes historical velocity	It should suggest reviewing velocity with reasoning (e.g., "Average velocity: 38 points/sprint. Last sprint: 28 points - 26% below average") and provide quick action to view velocity chart	2025-10-29 11:02:01.316938+00
3faaeeaa-931c-4ac2-bcb7-18abcc81bcc5	2c40c1a7-1463-40ef-ba69-194592fc6d7e	Given A recommendation is displayed with a suggested action, when I click the action button (e.g., "Plan Sprint", "Split Story", "Add ACs"), then The system should either execute the action automatically (if safe) or open a modal/form to complete the action with pre-filled intelligent defaults	A recommendation is displayed with a suggested action	I click the action button (e.g., "Plan Sprint", "Split Story", "Add ACs")	The system should either execute the action automatically (if safe) or open a modal/form to complete the action with pre-filled intelligent defaults	2025-10-29 11:02:07.587118+00
69ffe5e9-2a94-4118-9124-547657867a82	2c40c1a7-1463-40ef-ba69-194592fc6d7e	Given The recommendations API is called, when It returns data, then The response should be JSON array with schema: [{id, type, priority, title, reasoning, action: {label, endpoint, method, payload}, dismiss_until}] sorted by priority (critical first)	The recommendations API is called	It returns data	The response should be JSON array with schema: [{id, type, priority, title, reasoning, action: {label, endpoint, method, payload}, dismiss_until}] sorted by priority (critical first)	2025-10-29 11:02:13.890932+00
\.


--
-- Data for Name: action_audit_log; Type: TABLE DATA; Schema: public; Owner: postgres
--

COPY public.action_audit_log (id, tenant_id, user_id, action_type, target_entities, parameters, success, error_message, rollback_token, execution_duration_ms, created_at) FROM stdin;
\.


--
-- Data for Name: api_keys; Type: TABLE DATA; Schema: public; Owner: postgres
--

COPY public.api_keys (id, token, user_id, organization_id, description, created_at, last_used_at) FROM stdin;
208e00e5-66c8-4ace-b466-1838bb0a6e45	battra-local-key-1	5fcb09df-20ae-583f-8b4a-72cc33028b26	c69fa65c-a116-4f3a-bd63-a990b8a1acff	Codex local MCP access	2025-10-21 16:41:18.876078+01	2025-10-22 16:35:46.864932+01
3146edf6-64fd-4818-8e79-a9c0c3fc6917	battra-sponsor-key-1	5d21ef4e-5a9b-4200-9d03-141f6ee8478f	c69fa65c-a116-4f3a-bd63-a990b8a1acff	Sponsor persona key	2025-10-22 17:00:46.735574+01	\N
bb7c6140-12df-4b7e-b0c3-63994fd57502	battra-qa-key-1	1a1036e8-6fc7-4c28-adf9-48c52a20c619	c69fa65c-a116-4f3a-bd63-a990b8a1acff	QA persona key	2025-10-22 17:00:46.735574+01	2025-10-29 16:38:35.186653+00
3465771f-9d1c-4152-8dcd-9ea5ce0cfbb8	battra-devops-key-1	8e7e403b-eea8-4543-8e78-111989e9674b	08c7f00c-7b5d-4a4f-9f66-13b94265c5df	DevOps agent API key for infrastructure and deployment work	2025-10-29 15:09:09.29428+00	2025-10-29 16:38:35.227675+00
805d738b-c40c-4e8f-a70a-bafe24f98b45	battra-documenter-key-1	f1287c33-d6dc-429d-9bbc-d95fb49d19ac	08c7f00c-7b5d-4a4f-9f66-13b94265c5df	Documenter agent API key for documentation and knowledge management	2025-10-29 15:09:09.29428+00	2025-10-29 16:40:40.751249+00
88e7d81e-b588-4f0a-b662-8dcef3db0d68	battra-dev-key-1	15b2bb87-a0c3-4292-ba1e-d00f23e2222d	c69fa65c-a116-4f3a-bd63-a990b8a1acff	Dev persona key	2025-10-22 17:00:46.735574+01	2025-10-29 16:40:40.818413+00
0bd70510-ab15-44c7-95d7-8f373c641b29	battra-sm-key-1	e142c755-8407-428e-b049-2565d79cc708	c69fa65c-a116-4f3a-bd63-a990b8a1acff	Scrum Master persona key	2025-10-22 17:00:46.735574+01	2025-10-29 16:47:34.078675+00
fd41b145-34c6-4a6a-85f1-4dcd5e7e9ee3	battra-po-key-1	3e906c57-d54c-46f7-9a80-e9c768242935	c69fa65c-a116-4f3a-bd63-a990b8a1acff	Product Owner persona key	2025-10-22 17:00:46.735574+01	2025-10-29 17:10:18.18564+00
\.


--
-- Data for Name: context_snapshots; Type: TABLE DATA; Schema: public; Owner: postgres
--

COPY public.context_snapshots (id, tenant_id, user_id, entities, metadata, created_at) FROM stdin;
\.


--
-- Data for Name: context_sprint_projections; Type: TABLE DATA; Schema: public; Owner: postgres
--

COPY public.context_sprint_projections (id, organization_id, team_id, name, goal, status, start_date, end_date, committed_points, completed_points, updated_at) FROM stdin;
cc992f24-aa5d-4420-82f8-6e1e2e2b3a1d	\N	54bd224f-bb07-4a5e-8cbd-553d0d78f92a	Sprint 1: The Motion Picture	Engage!	Created	\N	\N	\N	\N	2025-10-21 11:15:00.137846+01
659a3458-ea91-4e71-964c-db4fa22c7adf	\N	54bd224f-bb07-4a5e-8cbd-553d0d78f92a	Sprint 2: Return of Sprint	Kaaaaaaaahn!	Active	2025-10-21 12:20:29.469641+01	2025-11-04 11:20:29.469641+00	0	0	2025-10-21 12:20:29.469641+01
68551c8a-07b4-453d-8a6f-e65e431fc5fb	c69fa65c-a116-4f3a-bd63-a990b8a1acff	54bd224f-bb07-4a5e-8cbd-553d0d78f92a	Sprint 1: Developer	Improve the Developer Experience	Active	2025-10-23 10:22:03.641224+01	2025-11-06 09:22:03.641224+00	5	0	2025-10-23 10:22:03.641224+01
\.


--
-- Data for Name: criteria; Type: TABLE DATA; Schema: public; Owner: postgres
--

COPY public.criteria (id, story_id, ac_id, given, "when", "then") FROM stdin;
55c22a2d-7940-4f44-b441-35a7c13d0898	a0c8c75c-1b2e-46d2-a9b5-f009495a898f	AC1	user is authenticated	user interacts with the feature	system responds appropriately
44b171a3-4200-43c4-9b73-61cdccb21a03	a0c8c75c-1b2e-46d2-a9b5-f009495a898f	AC2	system is in valid state	user completes the action	changes are saved successfully
ccb5645d-2771-495e-9541-48a4330ecb8b	8e5ab725-52a2-4664-868f-a2187ee45665	AC1	user is authenticated	user interacts with the feature	system responds appropriately
657bcd8c-d275-4dc6-8c3b-d4ac31aa1c02	8e5ab725-52a2-4664-868f-a2187ee45665	AC2	system is in valid state	user completes the action	changes are saved successfully
\.


--
-- Data for Name: intent_history; Type: TABLE DATA; Schema: public; Owner: postgres
--

COPY public.intent_history (id, tenant_id, user_id, utterance_hash, parsed_intent, llm_confidence, service_confidence, candidates_considered, created_at) FROM stdin;
\.


--
-- Data for Name: labels; Type: TABLE DATA; Schema: public; Owner: postgres
--

COPY public.labels (id, name) FROM stdin;
\.


--
-- Data for Name: organization_memberships; Type: TABLE DATA; Schema: public; Owner: postgres
--

COPY public.organization_memberships (id, organization_id, user_id, role, created_at, updated_at) FROM stdin;
f0c66aa7-4b22-4a88-b6c9-84bdfe78d90f	08c7f00c-7b5d-4a4f-9f66-13b94265c5df	d7f2f74c-8d7f-4e0b-b0ce-b01b8f8c7d11	owner	2025-10-09 14:52:34.115515+01	2025-10-09 14:52:34.115515+01
4c6fea5c-1fc8-480e-92db-4e1df044f566	c69fa65c-a116-4f3a-bd63-a990b8a1acff	8440d71a-adc1-5386-b174-d3cbdefca02e	owner	2025-10-20 09:55:16.357338+01	2025-10-20 09:55:16.357338+01
ed2cc612-5fc2-4ce5-84f3-0756eb5ddedd	c69fa65c-a116-4f3a-bd63-a990b8a1acff	d7f2f74c-8d7f-4e0b-b0ce-b01b8f8c7d11	admin	2025-10-21 17:04:41.948371+01	2025-10-21 17:04:41.948371+01
2eeb338a-4a9f-4260-9790-386505ed0b25	c69fa65c-a116-4f3a-bd63-a990b8a1acff	5fcb09df-20ae-583f-8b4a-72cc33028b26	owner	2025-10-21 16:16:37.697736+01	2025-10-21 16:16:37.697736+01
2fd79f22-a830-404e-8762-8731870d81f0	c69fa65c-a116-4f3a-bd63-a990b8a1acff	15b2bb87-a0c3-4292-ba1e-d00f23e2222d	member	2025-10-22 16:59:49.687357+01	2025-10-22 16:59:49.687357+01
e9fb776d-1683-491c-be7e-c3a4ae9b6365	c69fa65c-a116-4f3a-bd63-a990b8a1acff	e142c755-8407-428e-b049-2565d79cc708	admin	2025-10-22 16:59:49.687357+01	2025-10-22 16:59:49.687357+01
2826ce49-7c93-47f1-b851-68fdf8d5e94c	c69fa65c-a116-4f3a-bd63-a990b8a1acff	5d21ef4e-5a9b-4200-9d03-141f6ee8478f	member	2025-10-22 16:59:49.687357+01	2025-10-22 16:59:49.687357+01
d70d0d87-668b-47c5-8aeb-54e28f1cc234	c69fa65c-a116-4f3a-bd63-a990b8a1acff	1a1036e8-6fc7-4c28-adf9-48c52a20c619	member	2025-10-22 16:59:49.687357+01	2025-10-22 16:59:49.687357+01
117acb48-5d5c-42ad-b081-662dd0998f1f	c69fa65c-a116-4f3a-bd63-a990b8a1acff	3e906c57-d54c-46f7-9a80-e9c768242935	admin	2025-10-22 16:59:49.687357+01	2025-10-22 16:59:49.687357+01
6f091147-a3bd-443d-bbca-2caae96a3ff5	08c7f00c-7b5d-4a4f-9f66-13b94265c5df	8e7e403b-eea8-4543-8e78-111989e9674b	member	2025-10-29 15:09:09.29428+00	2025-10-29 15:09:09.29428+00
e7c64388-01f9-483b-9315-82515e8de059	08c7f00c-7b5d-4a4f-9f66-13b94265c5df	f1287c33-d6dc-429d-9bbc-d95fb49d19ac	member	2025-10-29 15:09:09.29428+00	2025-10-29 15:09:09.29428+00
\.


--
-- Data for Name: organizations; Type: TABLE DATA; Schema: public; Owner: postgres
--

COPY public.organizations (id, external_id, name, slug, description, image_url, created_at, updated_at) FROM stdin;
08c7f00c-7b5d-4a4f-9f66-13b94265c5df	org_dummy_clerk_test	Mock Test Organization	mock-test-organization	Default org for Clerk dummy user	\N	2025-10-09 14:51:55.926278+01	2025-10-09 14:51:55.926278+01
c69fa65c-a116-4f3a-bd63-a990b8a1acff	org_33F8RYQBCb26heNI8AjkgfTvGC0	Test Org	test-org-c2f992d6	\N	\N	2025-10-20 09:55:16.357338+01	2025-10-20 09:55:16.357338+01
\.


--
-- Data for Name: plan_packs; Type: TABLE DATA; Schema: public; Owner: postgres
--

COPY public.plan_packs (id, story_id, acceptance_criteria_map, proposed_tasks, architecture_impact, risks, unknowns, created_at) FROM stdin;
\.


--
-- Data for Name: project_settings; Type: TABLE DATA; Schema: public; Owner: postgres
--

COPY public.project_settings (id, project_id, estimation_scale, dor_template, created_at, updated_at) FROM stdin;
8e48c447-6c55-4e81-a484-48db3abd128f	142b5fe1-aad8-48ae-9c9f-7fecc9edcd50	fibonacci	{"labels_required": [], "required_fields": ["title", "description", "acceptance_criteria"], "story_points_required": false, "acceptance_criteria_required": true}	2025-10-01 10:11:00.550439+01	2025-10-01 10:11:00.550439+01
dc1c7bc6-28d1-4e78-bb3d-80ea8fed11a0	88bb087d-45c4-4fbe-aaa9-4c0c0db5f472	fibonacci	{"labels_required": [], "required_fields": ["title", "description", "acceptance_criteria"], "story_points_required": false, "acceptance_criteria_required": true}	2025-10-01 11:01:10.088012+01	2025-10-01 11:01:10.088012+01
ffb023f8-cfa8-4966-b621-178967f34e13	f9102e60-78d7-4733-a23f-fcd3b1877c27	fibonacci	{"labels_required": [], "required_fields": ["title", "description", "acceptance_criteria"], "story_points_required": false, "acceptance_criteria_required": true}	2025-10-08 11:55:27.715694+01	2025-10-08 11:55:27.715694+01
d6e159e1-2551-4dcb-b1f5-4b6715bb97ce	35299584-b133-4b20-af2d-446bb1dead6a	fibonacci	{"labels_required": [], "required_fields": ["title", "description", "acceptance_criteria"], "story_points_required": false, "acceptance_criteria_required": true}	2025-10-21 17:00:29.093344+01	2025-10-21 17:00:29.093344+01
\.


--
-- Data for Name: projects; Type: TABLE DATA; Schema: public; Owner: postgres
--

COPY public.projects (id, organization_id, name, description, team_id, created_at, updated_at) FROM stdin;
550e8400-e29b-41d4-a716-446655440000	\N	Test Project 1	Integration test project	\N	2025-09-29 17:22:15.688796+01	2025-09-29 17:22:15.688796+01
550e8400-e29b-41d4-a716-446655440001	\N	Test Project 2	Performance test project	\N	2025-09-29 17:22:15.688796+01	2025-09-29 17:22:15.688796+01
142b5fe1-aad8-48ae-9c9f-7fecc9edcd50	\N	Resize Test Project		\N	2025-10-01 10:11:00.550439+01	2025-10-01 10:11:00.550439+01
88bb087d-45c4-4fbe-aaa9-4c0c0db5f472	\N	Resize Test Project		\N	2025-10-01 11:01:10.088012+01	2025-10-01 11:01:10.088012+01
f9102e60-78d7-4733-a23f-fcd3b1877c27	\N	Resize Test Project		54bd224f-bb07-4a5e-8cbd-553d0d78f92a	2025-10-08 11:55:27.715694+01	2025-10-20 16:30:15.228144+01
35299584-b133-4b20-af2d-446bb1dead6a	c69fa65c-a116-4f3a-bd63-a990b8a1acff	Battra Launch	Everything to get Battra ready to launch	54bd224f-bb07-4a5e-8cbd-553d0d78f92a	2025-10-21 17:00:29.093344+01	2025-10-29 12:11:41.564215+00
\.


--
-- Data for Name: prompt_sprint_projections; Type: TABLE DATA; Schema: public; Owner: postgres
--

COPY public.prompt_sprint_projections (id, organization_id, team_id, name, goal, capacity_points, status, start_date, end_date, committed_points, completed_points, created_at, updated_at) FROM stdin;
cc992f24-aa5d-4420-82f8-6e1e2e2b3a1d	\N	54bd224f-bb07-4a5e-8cbd-553d0d78f92a	Sprint 1: The Motion Picture	Engage!	40	Created	\N	\N	\N	\N	2025-10-21 11:15:00.137846+01	2025-10-21 11:15:00.137846+01
659a3458-ea91-4e71-964c-db4fa22c7adf	\N	54bd224f-bb07-4a5e-8cbd-553d0d78f92a	Sprint 2: Return of Sprint	Kaaaaaaaahn!	40	Active	2025-10-21 12:20:29.469641+01	2025-11-04 11:20:29.469641+00	0	0	2025-10-21 12:20:29.469641+01	2025-10-21 12:20:29.469641+01
68551c8a-07b4-453d-8a6f-e65e431fc5fb	c69fa65c-a116-4f3a-bd63-a990b8a1acff	54bd224f-bb07-4a5e-8cbd-553d0d78f92a	Sprint 1: Developer	Improve the Developer Experience	40	Active	2025-10-23 10:22:03.641224+01	2025-11-06 09:22:03.641224+00	5	0	2025-10-23 10:22:03.641224+01	2025-10-23 10:22:03.641224+01
\.


--
-- Data for Name: rate_limit_buckets; Type: TABLE DATA; Schema: public; Owner: postgres
--

COPY public.rate_limit_buckets (id, user_id, resource_type, token_count, last_refill, created_at) FROM stdin;
\.


--
-- Data for Name: readiness_evals; Type: TABLE DATA; Schema: public; Owner: postgres
--

COPY public.readiness_evals (id, story_id, score, missing_items, organization_id, summary, recommendations) FROM stdin;
550e8400-e29b-41d4-a716-446655440000	550e8400-e29b-41d4-a716-446655440000	95	{}	\N		{}
550e8400-e29b-41d4-a716-446655440001	550e8400-e29b-41d4-a716-446655440001	60	{"Missing AC coverage","Incomplete tasks"}	\N		{}
57adb6ac-decc-49c0-8a05-111f7db2a2ef	a0c8c75c-1b2e-46d2-a9b5-f009495a898f	65	{"Story description is too brief to guide implementation","Story must have at least one acceptance criterion"}	\N	Story is not ready yet. Address the following 2 item(s) to improve readiness.	{"Consider framing the title as 'As a <persona>, I want <action> so that <outcome>'","Expand the description with context, constraints, or personas","Add at least three acceptance criteria that capture Given/When/Then"}
cdbd7d7a-a8d5-4aef-98a0-0051416d6cbb	a0c8c75c-1b2e-46d2-a9b5-f009495a898f	65	{"Story description is too brief to guide implementation","Story must have at least one acceptance criterion"}	\N	Story is not ready yet. Address the following 2 item(s) to improve readiness.	{"Consider framing the title as 'As a <persona>, I want <action> so that <outcome>'","Expand the description with context, constraints, or personas","Add at least three acceptance criteria that capture Given/When/Then"}
69163914-72b8-444c-9030-3f8a0b2b42e1	a0c8c75c-1b2e-46d2-a9b5-f009495a898f	65	{"Story description is too brief to guide implementation","Story must have at least one acceptance criterion"}	\N	Story is not ready yet. Address the following 2 item(s) to improve readiness.	{"Consider framing the title as 'As a <persona>, I want <action> so that <outcome>'","Expand the description with context, constraints, or personas","Add at least three acceptance criteria that capture Given/When/Then"}
ed1c0e77-477e-41c2-b848-52c4a9469dbe	a0c8c75c-1b2e-46d2-a9b5-f009495a898f	65	{"Story description is too brief to guide implementation","Story must have at least one acceptance criterion"}	\N	Story is not ready yet. Address the following 2 item(s) to improve readiness.	{"Consider framing the title as 'As a <persona>, I want <action> so that <outcome>'","Expand the description with context, constraints, or personas","Add at least three acceptance criteria that capture Given/When/Then"}
4668fa33-aca5-4a30-81d0-8f01f1c32b44	a0c8c75c-1b2e-46d2-a9b5-f009495a898f	65	{"Story description is too brief to guide implementation","Story must have at least one acceptance criterion"}	\N	Story is not ready yet. Address the following 2 item(s) to improve readiness.	{"Consider framing the title as 'As a <persona>, I want <action> so that <outcome>'","Expand the description with context, constraints, or personas","Add at least three acceptance criteria that capture Given/When/Then"}
e5ee921a-3757-4d35-aaa7-792df4832ac6	a0c8c75c-1b2e-46d2-a9b5-f009495a898f	65	{"Story description is too brief to guide implementation","Story must have at least one acceptance criterion"}	\N	Story is not ready yet. Address the following 2 item(s) to improve readiness.	{"Consider framing the title as 'As a <persona>, I want <action> so that <outcome>'","Expand the description with context, constraints, or personas","Add at least three acceptance criteria that capture Given/When/Then"}
56a6706d-ce06-4651-8378-03a551232ae5	a0c8c75c-1b2e-46d2-a9b5-f009495a898f	65	{"Story description is too brief to guide implementation","Story must have at least one acceptance criterion"}	\N	Story is not ready yet. Address the following 2 item(s) to improve readiness.	{"Consider framing the title as 'As a <persona>, I want <action> so that <outcome>'","Expand the description with context, constraints, or personas","Add at least three acceptance criteria that capture Given/When/Then"}
c45a5cb3-077e-45c7-9a22-8a5fce3c7c56	a0c8c75c-1b2e-46d2-a9b5-f009495a898f	65	{"Story description is too brief to guide implementation","Story must have at least one acceptance criterion"}	\N	Story is not ready yet. Address the following 2 item(s) to improve readiness.	{"Consider framing the title as 'As a <persona>, I want <action> so that <outcome>'","Expand the description with context, constraints, or personas","Add at least three acceptance criteria that capture Given/When/Then"}
f2ddb8da-10cc-4345-94c2-4ff9093aeec7	a0c8c75c-1b2e-46d2-a9b5-f009495a898f	65	{"Story description is too brief to guide implementation","Story must have at least one acceptance criterion"}	\N	Story is not ready yet. Address the following 2 item(s) to improve readiness.	{"Consider framing the title as 'As a <persona>, I want <action> so that <outcome>'","Expand the description with context, constraints, or personas","Add at least three acceptance criteria that capture Given/When/Then"}
eb542bb7-9621-42bd-a66d-37b6925b3212	a0c8c75c-1b2e-46d2-a9b5-f009495a898f	65	{"Story description is too brief to guide implementation","Story must have at least one acceptance criterion"}	\N	Story is not ready yet. Address the following 2 item(s) to improve readiness.	{"Consider framing the title as 'As a <persona>, I want <action> so that <outcome>'","Expand the description with context, constraints, or personas","Add at least three acceptance criteria that capture Given/When/Then"}
da3a19b4-b0b2-4663-ab47-41bcba0ec79d	a0c8c75c-1b2e-46d2-a9b5-f009495a898f	50	{"Story description is too brief to guide implementation","Story only has 2 acceptance criteria; aim for at least 3","AC 'AC2' not covered by any task","AC 'AC1' not covered by any task"}	\N	Story is not ready yet. Address the following 4 item(s) to improve readiness.	{"Consider framing the title as 'As a <persona>, I want <action> so that <outcome>'","Expand the description with context, constraints, or personas","Work with the product owner to define additional acceptance criteria","Create tasks that explicitly reference each acceptance criterion"}
a250ba61-c02c-4a36-949c-c4a3a50acb7f	a0c8c75c-1b2e-46d2-a9b5-f009495a898f	50	{"Story description is too brief to guide implementation","Story only has 2 acceptance criteria; aim for at least 3","AC 'AC1' not covered by any task","AC 'AC2' not covered by any task"}	\N	Story is not ready yet. Address the following 4 item(s) to improve readiness.	{"Consider framing the title as 'As a <persona>, I want <action> so that <outcome>'","Expand the description with context, constraints, or personas","Work with the product owner to define additional acceptance criteria","Create tasks that explicitly reference each acceptance criterion"}
488de38b-b28e-4015-ac2c-643cfd2f345b	a0c8c75c-1b2e-46d2-a9b5-f009495a898f	50	{"Story description is too brief to guide implementation","Story only has 2 acceptance criteria; aim for at least 3","AC 'AC1' not covered by any task","AC 'AC2' not covered by any task"}	\N	Story is not ready yet. Address the following 4 item(s) to improve readiness.	{"Consider framing the title as 'As a <persona>, I want <action> so that <outcome>'","Expand the description with context, constraints, or personas","Work with the product owner to define additional acceptance criteria","Create tasks that explicitly reference each acceptance criterion"}
579c1bc4-b327-4df3-b9df-57b9babca17c	5bb8df3a-6e07-4872-a43d-2fd8f6ad5b57	100	{}	c69fa65c-a116-4f3a-bd63-a990b8a1acff	Story meets the readiness bar and can be scheduled for a sprint.	{"Verify dependencies and add the story to the upcoming sprint."}
869b35ad-b91a-409e-a831-b067b32f1555	a0c8c75c-1b2e-46d2-a9b5-f009495a898f	50	{"Story description is too brief to guide implementation","Story only has 2 acceptance criteria; aim for at least 3","AC 'AC1' not covered by any task","AC 'AC2' not covered by any task"}	\N	Story is not ready yet. Address the following 4 item(s) to improve readiness.	{"Consider framing the title as 'As a <persona>, I want <action> so that <outcome>'","Expand the description with context, constraints, or personas","Work with the product owner to define additional acceptance criteria","Create tasks that explicitly reference each acceptance criterion"}
c38ec6e1-cf55-4970-b0ed-8e39749e74fc	8e5ab725-52a2-4664-868f-a2187ee45665	30	{"Story description is too brief to guide implementation","Story points are not set","Story must have at least one acceptance criterion","Story has no implementation tasks"}	\N	Story is not ready yet. Address the following 4 item(s) to improve readiness.	{"Consider framing the title as 'As a <persona>, I want <action> so that <outcome>'","Expand the description with context, constraints, or personas","Estimate the story (1-8 points) to support sprint planning","Add at least three acceptance criteria that capture Given/When/Then","Break the story into contributor-sized tasks covering the acceptance criteria"}
4dbae304-9ba6-4fcb-aaf8-06b8f87f8812	8e5ab725-52a2-4664-868f-a2187ee45665	15	{"Story description is too brief to guide implementation","Story points are not set","Story only has 2 acceptance criteria; aim for at least 3","AC 'AC2' not covered by any task","AC 'AC1' not covered by any task","Story has no implementation tasks"}	\N	Story is not ready yet. Address the following 6 item(s) to improve readiness.	{"Consider framing the title as 'As a <persona>, I want <action> so that <outcome>'","Expand the description with context, constraints, or personas","Estimate the story (1-8 points) to support sprint planning","Work with the product owner to define additional acceptance criteria","Create tasks that explicitly reference each acceptance criterion","Break the story into contributor-sized tasks covering the acceptance criteria"}
88771cab-b5a1-40b3-a0de-db92a0f858c9	8e5ab725-52a2-4664-868f-a2187ee45665	15	{"Story description is too brief to guide implementation","Story points are not set","Story only has 2 acceptance criteria; aim for at least 3","AC 'AC2' not covered by any task","AC 'AC1' not covered by any task","Story has no implementation tasks"}	\N	Story is not ready yet. Address the following 6 item(s) to improve readiness.	{"Consider framing the title as 'As a <persona>, I want <action> so that <outcome>'","Expand the description with context, constraints, or personas","Estimate the story (1-8 points) to support sprint planning","Work with the product owner to define additional acceptance criteria","Create tasks that explicitly reference each acceptance criterion","Break the story into contributor-sized tasks covering the acceptance criteria"}
77871100-3ea7-45d0-8ac7-3f3e8b147a35	8e5ab725-52a2-4664-868f-a2187ee45665	15	{"Story description is too brief to guide implementation","Story points are not set","Story only has 2 acceptance criteria; aim for at least 3","AC 'AC2' not covered by any task","AC 'AC1' not covered by any task","Story has no implementation tasks"}	\N	Story is not ready yet. Address the following 6 item(s) to improve readiness.	{"Consider framing the title as 'As a <persona>, I want <action> so that <outcome>'","Expand the description with context, constraints, or personas","Estimate the story (1-8 points) to support sprint planning","Work with the product owner to define additional acceptance criteria","Create tasks that explicitly reference each acceptance criterion","Break the story into contributor-sized tasks covering the acceptance criteria"}
71cdb459-200f-4c79-a273-1d0b9043a75c	8e5ab725-52a2-4664-868f-a2187ee45665	15	{"Story description is too brief to guide implementation","Story points are not set","Story only has 2 acceptance criteria; aim for at least 3","AC 'AC2' not covered by any task","AC 'AC1' not covered by any task","Story has no implementation tasks"}	\N	Story is not ready yet. Address the following 6 item(s) to improve readiness.	{"Consider framing the title as 'As a <persona>, I want <action> so that <outcome>'","Expand the description with context, constraints, or personas","Estimate the story (1-8 points) to support sprint planning","Work with the product owner to define additional acceptance criteria","Create tasks that explicitly reference each acceptance criterion","Break the story into contributor-sized tasks covering the acceptance criteria"}
87913b4f-9c63-44fe-a235-61a40c8d974e	8e5ab725-52a2-4664-868f-a2187ee45665	15	{"Story description is too brief to guide implementation","Story points are not set","Story only has 2 acceptance criteria; aim for at least 3","AC 'AC1' not covered by any task","AC 'AC2' not covered by any task","Story has no implementation tasks"}	\N	Story is not ready yet. Address the following 6 item(s) to improve readiness.	{"Consider framing the title as 'As a <persona>, I want <action> so that <outcome>'","Expand the description with context, constraints, or personas","Estimate the story (1-8 points) to support sprint planning","Work with the product owner to define additional acceptance criteria","Create tasks that explicitly reference each acceptance criterion","Break the story into contributor-sized tasks covering the acceptance criteria"}
27c25d2b-7342-4086-9d3f-af4707fcd778	8e5ab725-52a2-4664-868f-a2187ee45665	15	{"Story description is too brief to guide implementation","Story points are not set","Story only has 2 acceptance criteria; aim for at least 3","AC 'AC1' not covered by any task","AC 'AC2' not covered by any task","Story has no implementation tasks"}	\N	Story is not ready yet. Address the following 6 item(s) to improve readiness.	{"Consider framing the title as 'As a <persona>, I want <action> so that <outcome>'","Expand the description with context, constraints, or personas","Estimate the story (1-8 points) to support sprint planning","Work with the product owner to define additional acceptance criteria","Create tasks that explicitly reference each acceptance criterion","Break the story into contributor-sized tasks covering the acceptance criteria"}
ddeede54-e201-4209-a00c-2b10c787588b	736184ec-7ab7-471d-b68c-a3ed088ba879	30	{"Story description is too brief to guide implementation","Story points are not set","Story must have at least one acceptance criterion","Story has no implementation tasks"}	\N	Story is not ready yet. Address the following 4 item(s) to improve readiness.	{"Consider framing the title as 'As a <persona>, I want <action> so that <outcome>'","Expand the description with context, constraints, or personas","Estimate the story (1-8 points) to support sprint planning","Add at least three acceptance criteria that capture Given/When/Then","Break the story into contributor-sized tasks covering the acceptance criteria"}
4ec5c3c6-e3d7-4eae-8486-16e1d7710cf6	5bb8df3a-6e07-4872-a43d-2fd8f6ad5b57	100	{}	c69fa65c-a116-4f3a-bd63-a990b8a1acff	Story meets the readiness bar and can be scheduled for a sprint.	{"Verify dependencies and add the story to the upcoming sprint."}
f9739b9e-a687-41b4-8be5-6b4a63c60e6e	5bb8df3a-6e07-4872-a43d-2fd8f6ad5b57	100	{}	c69fa65c-a116-4f3a-bd63-a990b8a1acff	Story meets the readiness bar and can be scheduled for a sprint.	{"Verify dependencies and add the story to the upcoming sprint."}
cdd3e9ae-2b05-4b02-9c92-a16672c3b955	736184ec-7ab7-471d-b68c-a3ed088ba879	50	{"Story description is too brief to guide implementation","Story points are not set","Story must have at least one acceptance criterion"}	\N	Story is not ready yet. Address the following 3 item(s) to improve readiness.	{"Consider framing the title as 'As a <persona>, I want <action> so that <outcome>'","Expand the description with context, constraints, or personas","Estimate the story (1-8 points) to support sprint planning","Add at least three acceptance criteria that capture Given/When/Then"}
b2b3ea17-cfc5-427a-8123-dc2323f84cfc	736184ec-7ab7-471d-b68c-a3ed088ba879	50	{"Story description is too brief to guide implementation","Story points are not set","Story must have at least one acceptance criterion"}	\N	Story is not ready yet. Address the following 3 item(s) to improve readiness.	{"Consider framing the title as 'As a <persona>, I want <action> so that <outcome>'","Expand the description with context, constraints, or personas","Estimate the story (1-8 points) to support sprint planning","Add at least three acceptance criteria that capture Given/When/Then"}
4d493865-1b46-48e6-8aac-ed50f889c698	92da7bbe-c54a-45e3-88e6-215ab938543e	60	{"Story points are not set","Story must have at least one acceptance criterion"}	c69fa65c-a116-4f3a-bd63-a990b8a1acff	Story is not ready yet. Address the following 2 item(s) to improve readiness.	{"Consider framing the title as 'As a <persona>, I want <action> so that <outcome>'","Estimate the story (1-8 points) to support sprint planning","Add at least three acceptance criteria that capture Given/When/Then"}
28d6b7dd-52c9-4b5b-b44b-a3c50a03a182	92da7bbe-c54a-45e3-88e6-215ab938543e	60	{"Story points are not set","Story must have at least one acceptance criterion"}	c69fa65c-a116-4f3a-bd63-a990b8a1acff	Story is not ready yet. Address the following 2 item(s) to improve readiness.	{"Consider framing the title as 'As a <persona>, I want <action> so that <outcome>'","Estimate the story (1-8 points) to support sprint planning","Add at least three acceptance criteria that capture Given/When/Then"}
d304ad7f-fca7-4e4c-b2d2-a8072726cd90	92da7bbe-c54a-45e3-88e6-215ab938543e	60	{"Story points are not set","Story must have at least one acceptance criterion"}	c69fa65c-a116-4f3a-bd63-a990b8a1acff	Story is not ready yet. Address the following 2 item(s) to improve readiness.	{"Consider framing the title as 'As a <persona>, I want <action> so that <outcome>'","Estimate the story (1-8 points) to support sprint planning","Add at least three acceptance criteria that capture Given/When/Then"}
eb4d0e93-0676-4be9-88d9-6435df487bfa	8b325798-5ac7-4158-9ab4-868e73e5654d	60	{"Story points are not set","Story must have at least one acceptance criterion"}	c69fa65c-a116-4f3a-bd63-a990b8a1acff	Story is not ready yet. Address the following 2 item(s) to improve readiness.	{"Consider framing the title as 'As a <persona>, I want <action> so that <outcome>'","Estimate the story (1-8 points) to support sprint planning","Add at least three acceptance criteria that capture Given/When/Then"}
8207a7e6-8276-48cc-8098-0f0e2f02bc72	92da7bbe-c54a-45e3-88e6-215ab938543e	60	{"Story points are not set","Story must have at least one acceptance criterion"}	c69fa65c-a116-4f3a-bd63-a990b8a1acff	Story is not ready yet. Address the following 2 item(s) to improve readiness.	{"Consider framing the title as 'As a <persona>, I want <action> so that <outcome>'","Estimate the story (1-8 points) to support sprint planning","Add at least three acceptance criteria that capture Given/When/Then"}
ba0b84e6-cfed-4ccf-934e-a553d1b8a017	8b325798-5ac7-4158-9ab4-868e73e5654d	45	{"Story title does not describe a user persona, desired action, and outcome","Story points are not set","Story must have at least one acceptance criterion"}	c69fa65c-a116-4f3a-bd63-a990b8a1acff	Story is not ready yet. Address the following 3 item(s) to improve readiness.	{"Reframe the title like 'As a <persona>, I want <action> so that <outcome>' to emphasise user value","Estimate the story (1-8 points) to support sprint planning","Add at least three acceptance criteria that capture Given/When/Then"}
fc045cb1-df73-4607-b68f-0d79c1513430	8b325798-5ac7-4158-9ab4-868e73e5654d	45	{"Story title does not describe a user persona, desired action, and outcome","Story points are not set","Story must have at least one acceptance criterion"}	c69fa65c-a116-4f3a-bd63-a990b8a1acff	Story is not ready yet. Address the following 3 item(s) to improve readiness.	{"Reframe the title like 'As a <persona>, I want <action> so that <outcome>' to emphasise user value","Estimate the story (1-8 points) to support sprint planning","Add at least three acceptance criteria that capture Given/When/Then"}
8162d894-e2a5-4a80-a436-09634476590e	92da7bbe-c54a-45e3-88e6-215ab938543e	45	{"Story title does not describe a user persona, desired action, and outcome","Story points are not set","Story must have at least one acceptance criterion"}	c69fa65c-a116-4f3a-bd63-a990b8a1acff	Story is not ready yet. Address the following 3 item(s) to improve readiness.	{"Reframe the title like 'As a <persona>, I want <action> so that <outcome>' to emphasise user value","Estimate the story (1-8 points) to support sprint planning","Add at least three acceptance criteria that capture Given/When/Then"}
7a5aaf46-db6a-439a-874d-63f608e31a99	92da7bbe-c54a-45e3-88e6-215ab938543e	45	{"Story title does not describe a user persona, desired action, and outcome","Story points are not set","Story must have at least one acceptance criterion"}	c69fa65c-a116-4f3a-bd63-a990b8a1acff	Story is not ready yet. Address the following 3 item(s) to improve readiness.	{"Reframe the title like 'As a <persona>, I want <action> so that <outcome>' to emphasise user value","Estimate the story (1-8 points) to support sprint planning","Add at least three acceptance criteria that capture Given/When/Then"}
e13e95db-5309-4388-8d7e-ac914b1e8c22	92da7bbe-c54a-45e3-88e6-215ab938543e	45	{"Story title does not describe a user persona, desired action, and outcome","Story points are not set","Story must have at least one acceptance criterion"}	c69fa65c-a116-4f3a-bd63-a990b8a1acff	Story is not ready yet. Address the following 3 item(s) to improve readiness.	{"Reframe the title like 'As a <persona>, I want <action> so that <outcome>' to emphasise user value","Estimate the story (1-8 points) to support sprint planning","Add at least three acceptance criteria that capture Given/When/Then"}
a4c39a8f-5acd-4d28-b4af-bb99888cc22f	92da7bbe-c54a-45e3-88e6-215ab938543e	45	{"Story title does not describe a user persona, desired action, and outcome","Story points are not set","Story must have at least one acceptance criterion"}	c69fa65c-a116-4f3a-bd63-a990b8a1acff	Story is not ready yet. Address the following 3 item(s) to improve readiness.	{"Reframe the title like 'As a <persona>, I want <action> so that <outcome>' to emphasise user value","Estimate the story (1-8 points) to support sprint planning","Add at least three acceptance criteria that capture Given/When/Then"}
e20fd04f-05a4-4799-8069-740a043108b1	92da7bbe-c54a-45e3-88e6-215ab938543e	55	{"Story title does not describe a user persona, desired action, and outcome","Story points are not set","Acceptance criteria focus on internal documentation rather than observable system behaviour"}	c69fa65c-a116-4f3a-bd63-a990b8a1acff	Story is not ready yet. Address the following 3 item(s) to improve readiness.	{"Reframe the title like 'As a <persona>, I want <action> so that <outcome>' to emphasise user value","Estimate the story (1-8 points) to support sprint planning","Rewrite the acceptance criteria to describe measurable product outcomes"}
132b17c8-05d0-48d8-a973-4bdcdac6e279	92da7bbe-c54a-45e3-88e6-215ab938543e	55	{"Story title does not describe a user persona, desired action, and outcome","Story points are not set","Acceptance criteria focus on internal documentation rather than observable system behaviour"}	c69fa65c-a116-4f3a-bd63-a990b8a1acff	Story is not ready yet. Address the following 3 item(s) to improve readiness.	{"Reframe the title like 'As a <persona>, I want <action> so that <outcome>' to emphasise user value","Estimate the story (1-8 points) to support sprint planning","Rewrite the acceptance criteria to describe measurable product outcomes"}
f9011707-ba37-4767-ac4e-ef1bfe208ebe	5bb8df3a-6e07-4872-a43d-2fd8f6ad5b57	75	{"Story title does not describe a user persona, desired action, and outcome","Story description is missing"}	c69fa65c-a116-4f3a-bd63-a990b8a1acff	Story is not ready yet. Address the following 2 item(s) to improve readiness.	{"Reframe the title like 'As a <persona>, I want <action> so that <outcome>' to emphasise user value","Provide a concise description that explains the need and desired outcome"}
0bfa70e4-518f-4373-acfa-8dc6bc11bbd3	5bb8df3a-6e07-4872-a43d-2fd8f6ad5b57	75	{"Story title does not describe a user persona, desired action, and outcome","Story description is missing"}	c69fa65c-a116-4f3a-bd63-a990b8a1acff	Story is not ready yet. Address the following 2 item(s) to improve readiness.	{"Reframe the title like 'As a <persona>, I want <action> so that <outcome>' to emphasise user value","Provide a concise description that explains the need and desired outcome"}
9e65d68f-fa64-4a71-a9ee-eec28222c3fd	5bb8df3a-6e07-4872-a43d-2fd8f6ad5b57	75	{"Story title does not describe a user persona, desired action, and outcome","Story description is missing"}	c69fa65c-a116-4f3a-bd63-a990b8a1acff	Story is not ready yet. Address the following 2 item(s) to improve readiness.	{"Reframe the title like 'As a <persona>, I want <action> so that <outcome>' to emphasise user value","Provide a concise description that explains the need and desired outcome"}
4d18226b-e619-4c18-896b-92b94a4f7980	5bb8df3a-6e07-4872-a43d-2fd8f6ad5b57	75	{"Story title does not describe a user persona, desired action, and outcome","Story description is missing"}	c69fa65c-a116-4f3a-bd63-a990b8a1acff	Story is not ready yet. Address the following 2 item(s) to improve readiness.	{"Reframe the title like 'As a <persona>, I want <action> so that <outcome>' to emphasise user value","Provide a concise description that explains the need and desired outcome"}
d07f7de6-48fc-4c02-bdd4-6c829426d458	5bb8df3a-6e07-4872-a43d-2fd8f6ad5b57	75	{"Story title does not describe a user persona, desired action, and outcome","Story description is missing"}	c69fa65c-a116-4f3a-bd63-a990b8a1acff	Story is not ready yet. Address the following 2 item(s) to improve readiness.	{"Reframe the title like 'As a <persona>, I want <action> so that <outcome>' to emphasise user value","Provide a concise description that explains the need and desired outcome"}
a9b93f73-96e3-4c22-8b2e-a4508929a32c	5bb8df3a-6e07-4872-a43d-2fd8f6ad5b57	75	{"Story title does not describe a user persona, desired action, and outcome","Story description is missing"}	c69fa65c-a116-4f3a-bd63-a990b8a1acff	Story is not ready yet. Address the following 2 item(s) to improve readiness.	{"Reframe the title like 'As a <persona>, I want <action> so that <outcome>' to emphasise user value","Provide a concise description that explains the need and desired outcome"}
40f5ab58-c8dc-4f36-acce-c30ad5a68577	5bb8df3a-6e07-4872-a43d-2fd8f6ad5b57	100	{}	c69fa65c-a116-4f3a-bd63-a990b8a1acff	Story meets the readiness bar and can be scheduled for a sprint.	{"Verify dependencies and add the story to the upcoming sprint."}
fbdc6360-a714-452c-bfdf-c20a874380a9	5bb8df3a-6e07-4872-a43d-2fd8f6ad5b57	100	{}	c69fa65c-a116-4f3a-bd63-a990b8a1acff	Story meets the readiness bar and can be scheduled for a sprint.	{"Verify dependencies and add the story to the upcoming sprint."}
f2dcf680-aa57-4614-b26a-da8eaaaa03c8	5bb8df3a-6e07-4872-a43d-2fd8f6ad5b57	100	{}	c69fa65c-a116-4f3a-bd63-a990b8a1acff	Story meets the readiness bar and can be scheduled for a sprint.	{"Verify dependencies and add the story to the upcoming sprint."}
0359b578-87c9-4a6f-8f59-14b5244ab6c4	5bb8df3a-6e07-4872-a43d-2fd8f6ad5b57	100	{}	c69fa65c-a116-4f3a-bd63-a990b8a1acff	Story meets the readiness bar and can be scheduled for a sprint.	{"Verify dependencies and add the story to the upcoming sprint."}
2a02713f-1caa-4317-9631-94a3a7c1cf02	5bb8df3a-6e07-4872-a43d-2fd8f6ad5b57	100	{}	c69fa65c-a116-4f3a-bd63-a990b8a1acff	Story meets the readiness bar and can be scheduled for a sprint.	{"Verify dependencies and add the story to the upcoming sprint."}
9e567c88-c8a9-4a76-a5f8-44fabe772142	5bb8df3a-6e07-4872-a43d-2fd8f6ad5b57	100	{}	c69fa65c-a116-4f3a-bd63-a990b8a1acff	Story meets the readiness bar and can be scheduled for a sprint.	{"Verify dependencies and add the story to the upcoming sprint."}
f81e900c-d664-42c7-9864-2a28c126e016	5bb8df3a-6e07-4872-a43d-2fd8f6ad5b57	100	{}	c69fa65c-a116-4f3a-bd63-a990b8a1acff	Story meets the readiness bar and can be scheduled for a sprint.	{"Verify dependencies and add the story to the upcoming sprint."}
b2f4270b-ef2b-4dc3-a492-7ead203e6582	5bb8df3a-6e07-4872-a43d-2fd8f6ad5b57	100	{}	c69fa65c-a116-4f3a-bd63-a990b8a1acff	Story meets the readiness bar and can be scheduled for a sprint.	{"Verify dependencies and add the story to the upcoming sprint."}
bbb21888-f908-4cfd-9377-1e7040e2904c	5bb8df3a-6e07-4872-a43d-2fd8f6ad5b57	100	{}	c69fa65c-a116-4f3a-bd63-a990b8a1acff	Story meets the readiness bar and can be scheduled for a sprint.	{"Add a task covering automated or acceptance tests so criteria can be validated","Consider adding a task to capture before/after metrics or monitor impact","Add a measurable outcome to at least one acceptance criterion (e.g., SLA, count, or percentage)"}
4b0f9e0d-ad87-41b0-acc0-1438766fc350	5bb8df3a-6e07-4872-a43d-2fd8f6ad5b57	100	{}	c69fa65c-a116-4f3a-bd63-a990b8a1acff	Story meets the readiness bar and can be scheduled for a sprint.	{"Add a task covering automated or acceptance tests so criteria can be validated","Consider adding a task to capture before/after metrics or monitor impact","Add a measurable outcome to at least one acceptance criterion (e.g., SLA, count, or percentage)"}
e7a91905-3ddf-40e2-95ff-bb34e57cd704	5bb8df3a-6e07-4872-a43d-2fd8f6ad5b57	100	{}	c69fa65c-a116-4f3a-bd63-a990b8a1acff	Story meets the readiness bar and can be scheduled for a sprint.	{"Add a task covering automated or acceptance tests so criteria can be validated","Consider adding a task to capture before/after metrics or monitor impact","Add a measurable outcome to at least one acceptance criterion (e.g., SLA, count, or percentage)"}
1fdbb1ca-a7a4-4366-9056-3966d2a7a174	5bb8df3a-6e07-4872-a43d-2fd8f6ad5b57	75	{"AC '91e6142b-b42e-4dd1-9acb-0a306917820a' not covered by any task"}	c69fa65c-a116-4f3a-bd63-a990b8a1acff	Story is not ready yet. Address the following 1 item(s) to improve readiness.	{"Create tasks that explicitly reference each acceptance criterion","Consider adding a task to capture before/after metrics or monitor impact"}
4202a63b-37b2-4d09-9f8c-b9de02656325	5bb8df3a-6e07-4872-a43d-2fd8f6ad5b57	75	{"AC '91e6142b-b42e-4dd1-9acb-0a306917820a' not covered by any task"}	c69fa65c-a116-4f3a-bd63-a990b8a1acff	Story is not ready yet. Address the following 1 item(s) to improve readiness.	{"Create tasks that explicitly reference each acceptance criterion","Consider adding a task to capture before/after metrics or monitor impact"}
e9453434-362f-4ed2-a029-ebbf396d7921	5bb8df3a-6e07-4872-a43d-2fd8f6ad5b57	100	{}	c69fa65c-a116-4f3a-bd63-a990b8a1acff	Story meets the readiness bar and can be scheduled for a sprint.	{"Verify dependencies and add the story to the upcoming sprint."}
c9cb52d3-e4d2-403a-aa24-a907e8ff9e53	c0a154a2-7a11-422e-bd60-ac0de1806dd7	75	{"Story description is missing","Acceptance criteria focus on internal documentation rather than observable system behaviour"}	c69fa65c-a116-4f3a-bd63-a990b8a1acff	Story is not ready yet. Address the following 2 item(s) to improve readiness.	{"Provide a concise description that explains the need and desired outcome","Consider splitting large stories (>5 points) to reduce risk","Rewrite the acceptance criteria to describe measurable product outcomes","Add a task covering automated or acceptance tests so criteria can be validated","Consider adding a task to capture before/after metrics or monitor impact"}
94a7243d-f7a8-4b0b-9bca-322b9d229940	c0a154a2-7a11-422e-bd60-ac0de1806dd7	75	{"Story description is missing","Acceptance criteria focus on internal documentation rather than observable system behaviour"}	c69fa65c-a116-4f3a-bd63-a990b8a1acff	Story is not ready yet. Address the following 2 item(s) to improve readiness.	{"Provide a concise description that explains the need and desired outcome","Consider splitting large stories (>5 points) to reduce risk","Rewrite the acceptance criteria to describe measurable product outcomes","Add a task covering automated or acceptance tests so criteria can be validated","Consider adding a task to capture before/after metrics or monitor impact"}
33b653bf-39bd-4292-922b-0bdb3ad222c2	c0a154a2-7a11-422e-bd60-ac0de1806dd7	75	{"Story description is missing","Acceptance criteria focus on internal documentation rather than observable system behaviour"}	c69fa65c-a116-4f3a-bd63-a990b8a1acff	Story is not ready yet. Address the following 2 item(s) to improve readiness.	{"Provide a concise description that explains the need and desired outcome","Consider splitting large stories (>5 points) to reduce risk","Rewrite the acceptance criteria to describe measurable product outcomes","Add a task covering automated or acceptance tests so criteria can be validated","Consider adding a task to capture before/after metrics or monitor impact"}
f5ef1b6c-daf2-4acc-be4f-7a600f05e2aa	c0a154a2-7a11-422e-bd60-ac0de1806dd7	75	{"Story description is missing","Acceptance criteria focus on internal documentation rather than observable system behaviour"}	c69fa65c-a116-4f3a-bd63-a990b8a1acff	Story is not ready yet. Address the following 2 item(s) to improve readiness.	{"Provide a concise description that explains the need and desired outcome","Consider splitting large stories (>5 points) to reduce risk","Rewrite the acceptance criteria to describe measurable product outcomes","Add a task covering automated or acceptance tests so criteria can be validated","Consider adding a task to capture before/after metrics or monitor impact"}
474531ff-8504-4563-908c-04e3ce867ba7	c0a154a2-7a11-422e-bd60-ac0de1806dd7	90	{"Story description is missing"}	c69fa65c-a116-4f3a-bd63-a990b8a1acff	Story is not ready yet. Address the following 1 item(s) to improve readiness.	{"Provide a concise description that explains the need and desired outcome","Consider splitting large stories (>5 points) to reduce risk","Add a task covering automated or acceptance tests so criteria can be validated","Consider adding a task to capture before/after metrics or monitor impact"}
e83918f2-cc34-4654-9086-1151663a0d62	c0a154a2-7a11-422e-bd60-ac0de1806dd7	90	{"Story description is missing"}	c69fa65c-a116-4f3a-bd63-a990b8a1acff	Story is not ready yet. Address the following 1 item(s) to improve readiness.	{"Provide a concise description that explains the need and desired outcome","Consider splitting large stories (>5 points) to reduce risk","Add a task covering automated or acceptance tests so criteria can be validated","Consider adding a task to capture before/after metrics or monitor impact"}
65122b87-d624-4ebd-910d-1571fd29185f	c0a154a2-7a11-422e-bd60-ac0de1806dd7	90	{"Story description is missing"}	c69fa65c-a116-4f3a-bd63-a990b8a1acff	Story is not ready yet. Address the following 1 item(s) to improve readiness.	{"Provide a concise description that explains the need and desired outcome","Consider splitting large stories (>5 points) to reduce risk","Add a task covering automated or acceptance tests so criteria can be validated","Consider adding a task to capture before/after metrics or monitor impact"}
b5a309c3-11c5-408a-a317-eda1dd69215c	c0a154a2-7a11-422e-bd60-ac0de1806dd7	90	{"Story description is missing"}	c69fa65c-a116-4f3a-bd63-a990b8a1acff	Story is not ready yet. Address the following 1 item(s) to improve readiness.	{"Provide a concise description that explains the need and desired outcome","Consider splitting large stories (>5 points) to reduce risk","Add a task covering automated or acceptance tests so criteria can be validated","Consider adding a task to capture before/after metrics or monitor impact"}
85bd3354-ab9a-4958-b580-3c67d983f88b	c0a154a2-7a11-422e-bd60-ac0de1806dd7	100	{}	c69fa65c-a116-4f3a-bd63-a990b8a1acff	Story meets the readiness bar and can be scheduled for a sprint.	{"Consider splitting large stories (>5 points) to reduce risk"}
1fab25b1-860b-4a58-8dfe-5cc4ea494fb5	c0a154a2-7a11-422e-bd60-ac0de1806dd7	100	{}	c69fa65c-a116-4f3a-bd63-a990b8a1acff	Story meets the readiness bar and can be scheduled for a sprint.	{"Consider splitting large stories (>5 points) to reduce risk"}
4419e44f-c68d-4bb7-a93e-6c0b2a3efb5e	c0a154a2-7a11-422e-bd60-ac0de1806dd7	100	{}	c69fa65c-a116-4f3a-bd63-a990b8a1acff	Story meets the readiness bar and can be scheduled for a sprint.	{"Consider splitting large stories (>5 points) to reduce risk"}
5f42919e-9613-4ac8-bda6-64f020f49fa2	2c40c1a7-1463-40ef-ba69-194592fc6d7e	65	{"Story description is missing","AC 'b4b702f8-187b-411c-ab7c-d1246fcbddfa' not covered by any task"}	c69fa65c-a116-4f3a-bd63-a990b8a1acff	Story is not ready yet. Address the following 2 item(s) to improve readiness.	{"Provide a concise description that explains the need and desired outcome","Consider splitting large stories (>5 points) to reduce risk","Create tasks that explicitly reference each acceptance criterion","Consider adding tasks so every acceptance criterion has dedicated coverage","Add a task covering automated or acceptance tests so criteria can be validated","Consider adding a task to capture before/after metrics or monitor impact"}
d003d1a0-3bf0-4b6b-a4d3-40f65e01f262	2c40c1a7-1463-40ef-ba69-194592fc6d7e	65	{"Story description is missing","AC 'b4b702f8-187b-411c-ab7c-d1246fcbddfa' not covered by any task"}	c69fa65c-a116-4f3a-bd63-a990b8a1acff	Story is not ready yet. Address the following 2 item(s) to improve readiness.	{"Provide a concise description that explains the need and desired outcome","Consider splitting large stories (>5 points) to reduce risk","Create tasks that explicitly reference each acceptance criterion","Consider adding tasks so every acceptance criterion has dedicated coverage","Add a task covering automated or acceptance tests so criteria can be validated","Consider adding a task to capture before/after metrics or monitor impact"}
7b96c9bc-42e1-45a8-8c7a-a40c5ff4d901	2c40c1a7-1463-40ef-ba69-194592fc6d7e	65	{"Story description is missing","AC 'b4b702f8-187b-411c-ab7c-d1246fcbddfa' not covered by any task"}	c69fa65c-a116-4f3a-bd63-a990b8a1acff	Story is not ready yet. Address the following 2 item(s) to improve readiness.	{"Provide a concise description that explains the need and desired outcome","Consider splitting large stories (>5 points) to reduce risk","Create tasks that explicitly reference each acceptance criterion","Consider adding tasks so every acceptance criterion has dedicated coverage","Add a task covering automated or acceptance tests so criteria can be validated","Consider adding a task to capture before/after metrics or monitor impact"}
47456634-8933-4168-818d-69020e9271ca	2c40c1a7-1463-40ef-ba69-194592fc6d7e	65	{"Story description is missing","AC 'b4b702f8-187b-411c-ab7c-d1246fcbddfa' not covered by any task"}	c69fa65c-a116-4f3a-bd63-a990b8a1acff	Story is not ready yet. Address the following 2 item(s) to improve readiness.	{"Provide a concise description that explains the need and desired outcome","Consider splitting large stories (>5 points) to reduce risk","Create tasks that explicitly reference each acceptance criterion","Consider adding tasks so every acceptance criterion has dedicated coverage","Add a task covering automated or acceptance tests so criteria can be validated","Consider adding a task to capture before/after metrics or monitor impact"}
d3554bbc-a50a-4830-b969-f1020bbeb9c9	2c40c1a7-1463-40ef-ba69-194592fc6d7e	65	{"Story description is missing","AC 'b4b702f8-187b-411c-ab7c-d1246fcbddfa' not covered by any task"}	c69fa65c-a116-4f3a-bd63-a990b8a1acff	Story is not ready yet. Address the following 2 item(s) to improve readiness.	{"Provide a concise description that explains the need and desired outcome","Consider splitting large stories (>5 points) to reduce risk","Create tasks that explicitly reference each acceptance criterion","Consider adding tasks so every acceptance criterion has dedicated coverage","Add a task covering automated or acceptance tests so criteria can be validated","Consider adding a task to capture before/after metrics or monitor impact"}
99fa71a9-c684-4f78-ad00-8e581099b99a	2c40c1a7-1463-40ef-ba69-194592fc6d7e	65	{"Story description is missing","Acceptance criterion \\"Given Committed story points exceed 80% of capacity, when I view the sprint spotlight, then I see a warning badge prompting me to review sc\\" is not covered by any task"}	c69fa65c-a116-4f3a-bd63-a990b8a1acff	Story is not ready yet. Address the following 2 item(s) to improve readiness.	{"Provide a concise description that explains the need and desired outcome","Consider splitting large stories (>5 points) to reduce risk","Create tasks that explicitly reference each acceptance criterion","Consider adding tasks so every acceptance criterion has dedicated coverage","Add a task covering automated or acceptance tests so criteria can be validated","Consider adding a task to capture before/after metrics or monitor impact"}
98a08c2b-399d-4781-a1e4-48bc75462b64	2c40c1a7-1463-40ef-ba69-194592fc6d7e	65	{"Story description is missing","Acceptance criterion \\"Given Committed story points exceed 80% of capacity, when I view the sprint spotlight, then I see a warning badge prompting me to review sc\\" is not covered by any task"}	c69fa65c-a116-4f3a-bd63-a990b8a1acff	Story is not ready yet. Address the following 2 item(s) to improve readiness.	{"Provide a concise description that explains the need and desired outcome","Consider splitting large stories (>5 points) to reduce risk","Create tasks that explicitly reference each acceptance criterion","Consider adding tasks so every acceptance criterion has dedicated coverage","Add a task covering automated or acceptance tests so criteria can be validated","Consider adding a task to capture before/after metrics or monitor impact"}
2d2e2a66-b969-45af-afaf-2c0375aad7cb	2c40c1a7-1463-40ef-ba69-194592fc6d7e	100	{}	c69fa65c-a116-4f3a-bd63-a990b8a1acff	Story meets the readiness bar and can be scheduled for a sprint.	{"Consider splitting large stories (>5 points) to reduce risk","Add a task covering automated or acceptance tests so criteria can be validated"}
6af63be3-0749-4d2a-8289-a85925b70d40	2c40c1a7-1463-40ef-ba69-194592fc6d7e	100	{}	c69fa65c-a116-4f3a-bd63-a990b8a1acff	Story meets the readiness bar and can be scheduled for a sprint.	{"Consider splitting large stories (>5 points) to reduce risk","Add a task covering automated or acceptance tests so criteria can be validated"}
3500357b-513b-401c-8c53-01d7b5fcb6f5	2c40c1a7-1463-40ef-ba69-194592fc6d7e	100	{}	c69fa65c-a116-4f3a-bd63-a990b8a1acff	Story meets the readiness bar and can be scheduled for a sprint.	{"Consider splitting large stories (>5 points) to reduce risk","Add a task covering automated or acceptance tests so criteria can be validated"}
21c1e360-ae00-4e71-a9a1-067b5fe2f289	2c40c1a7-1463-40ef-ba69-194592fc6d7e	100	{}	c69fa65c-a116-4f3a-bd63-a990b8a1acff	Story meets the readiness bar and can be scheduled for a sprint.	{"Consider splitting large stories (>5 points) to reduce risk","Add a task covering automated or acceptance tests so criteria can be validated"}
988b6f4f-4d94-40e5-a85a-66dc4d43cb9c	2c40c1a7-1463-40ef-ba69-194592fc6d7e	100	{}	c69fa65c-a116-4f3a-bd63-a990b8a1acff	Story meets the readiness bar and can be scheduled for a sprint.	{"Consider splitting large stories (>5 points) to reduce risk","Add a task covering automated or acceptance tests so criteria can be validated"}
9f3a360c-f7ea-4d52-97be-7a93367a7a1a	2c40c1a7-1463-40ef-ba69-194592fc6d7e	100	{}	c69fa65c-a116-4f3a-bd63-a990b8a1acff	Story meets the readiness bar and can be scheduled for a sprint.	{"Consider splitting large stories (>5 points) to reduce risk","Add a task covering automated or acceptance tests so criteria can be validated"}
ea6665d2-919f-470e-9499-b047913dd192	2c40c1a7-1463-40ef-ba69-194592fc6d7e	100	{}	c69fa65c-a116-4f3a-bd63-a990b8a1acff	Story meets the readiness bar and can be scheduled for a sprint.	{"Consider splitting large stories (>5 points) to reduce risk","Add a task covering automated or acceptance tests so criteria can be validated"}
19fc083f-55a8-4368-84f6-638f99fbb668	2c40c1a7-1463-40ef-ba69-194592fc6d7e	100	{}	c69fa65c-a116-4f3a-bd63-a990b8a1acff	Story meets the readiness bar and can be scheduled for a sprint.	{"Consider splitting large stories (>5 points) to reduce risk","Add a task covering automated or acceptance tests so criteria can be validated"}
b4554bee-4dba-4b81-a839-be73b621d0bc	2c40c1a7-1463-40ef-ba69-194592fc6d7e	100	{}	c69fa65c-a116-4f3a-bd63-a990b8a1acff	Story meets the readiness bar and can be scheduled for a sprint.	{"Consider splitting large stories (>5 points) to reduce risk","Add a task covering automated or acceptance tests so criteria can be validated"}
ccfe9c64-d4c6-4c82-a31c-f4537417773b	2c40c1a7-1463-40ef-ba69-194592fc6d7e	100	{}	c69fa65c-a116-4f3a-bd63-a990b8a1acff	Story meets the readiness bar and can be scheduled for a sprint.	{"Consider splitting large stories (>5 points) to reduce risk","Add a task covering automated or acceptance tests so criteria can be validated"}
5ce819c0-102e-435f-bfc4-b641c7b0a306	2c40c1a7-1463-40ef-ba69-194592fc6d7e	100	{}	c69fa65c-a116-4f3a-bd63-a990b8a1acff	Story meets the readiness bar and can be scheduled for a sprint.	{"Consider splitting large stories (>5 points) to reduce risk","Add a task covering automated or acceptance tests so criteria can be validated"}
29952308-3771-4ef8-8c01-9d67134210ea	2c40c1a7-1463-40ef-ba69-194592fc6d7e	100	{}	c69fa65c-a116-4f3a-bd63-a990b8a1acff	Story meets the readiness bar and can be scheduled for a sprint.	{"Consider splitting large stories (>5 points) to reduce risk","Add a task covering automated or acceptance tests so criteria can be validated"}
b89ad10c-53d5-4405-a987-43f89298e37a	5bb8df3a-6e07-4872-a43d-2fd8f6ad5b57	100	{}	c69fa65c-a116-4f3a-bd63-a990b8a1acff	Story meets the readiness bar and can be scheduled for a sprint.	{"Verify dependencies and add the story to the upcoming sprint."}
ce213274-381c-4b06-86c4-c35783ed3731	5bb8df3a-6e07-4872-a43d-2fd8f6ad5b57	100	{}	c69fa65c-a116-4f3a-bd63-a990b8a1acff	Story meets the readiness bar and can be scheduled for a sprint.	{"Verify dependencies and add the story to the upcoming sprint."}
2b9e25cf-7888-4dcd-be20-0bc15e0eb0f3	5bb8df3a-6e07-4872-a43d-2fd8f6ad5b57	100	{}	c69fa65c-a116-4f3a-bd63-a990b8a1acff	Story meets the readiness bar and can be scheduled for a sprint.	{"Verify dependencies and add the story to the upcoming sprint."}
64c7b58c-bc6a-4473-961d-a749fad4ff7b	2c40c1a7-1463-40ef-ba69-194592fc6d7e	100	{}	c69fa65c-a116-4f3a-bd63-a990b8a1acff	Story meets the readiness bar and can be scheduled for a sprint.	{"Consider splitting large stories (>5 points) to reduce risk","Add a task covering automated or acceptance tests so criteria can be validated"}
81f0cc36-b72d-466d-8d88-d4de6ac049cc	5bb8df3a-6e07-4872-a43d-2fd8f6ad5b57	100	{}	c69fa65c-a116-4f3a-bd63-a990b8a1acff	Story meets the readiness bar and can be scheduled for a sprint.	{"Verify dependencies and add the story to the upcoming sprint."}
521e2f15-73d3-4bb8-96c5-1173baae1eb8	5bb8df3a-6e07-4872-a43d-2fd8f6ad5b57	100	{}	c69fa65c-a116-4f3a-bd63-a990b8a1acff	Story meets the readiness bar and can be scheduled for a sprint.	{"Verify dependencies and add the story to the upcoming sprint."}
6e3fad1b-11c6-416c-b8f5-df34e1c4dac2	5bb8df3a-6e07-4872-a43d-2fd8f6ad5b57	100	{}	c69fa65c-a116-4f3a-bd63-a990b8a1acff	Story meets the readiness bar and can be scheduled for a sprint.	{"Verify dependencies and add the story to the upcoming sprint."}
65a2062c-2fc2-428b-8941-13a06b466ae8	5bb8df3a-6e07-4872-a43d-2fd8f6ad5b57	100	{}	c69fa65c-a116-4f3a-bd63-a990b8a1acff	Story meets the readiness bar and can be scheduled for a sprint.	{"Verify dependencies and add the story to the upcoming sprint."}
50b260ff-3972-45ca-9448-9e9b0d1b717f	5bb8df3a-6e07-4872-a43d-2fd8f6ad5b57	100	{}	c69fa65c-a116-4f3a-bd63-a990b8a1acff	Story meets the readiness bar and can be scheduled for a sprint.	{"Verify dependencies and add the story to the upcoming sprint."}
b6ada06e-4849-499f-80fa-c35dd8d39724	c0a154a2-7a11-422e-bd60-ac0de1806dd7	100	{}	c69fa65c-a116-4f3a-bd63-a990b8a1acff	Story meets the readiness bar and can be scheduled for a sprint.	{"Consider splitting large stories (>5 points) to reduce risk"}
8f483f5c-a97d-446b-b456-ab85e3743a40	5bb8df3a-6e07-4872-a43d-2fd8f6ad5b57	100	{}	c69fa65c-a116-4f3a-bd63-a990b8a1acff	Story meets the readiness bar and can be scheduled for a sprint.	{"Verify dependencies and add the story to the upcoming sprint."}
42a9f8a3-c088-472b-ac6e-d6b8c88643a2	5bb8df3a-6e07-4872-a43d-2fd8f6ad5b57	100	{}	c69fa65c-a116-4f3a-bd63-a990b8a1acff	Story meets the readiness bar and can be scheduled for a sprint.	{"Verify dependencies and add the story to the upcoming sprint."}
50821a1d-7fbf-4e8a-a304-3f30498d7fe5	fbdb370a-ba81-4022-896a-3d05e87d1dc6	70	{"Story points are not set","Story only has 1 acceptance criteria; aim for at least 3"}	c69fa65c-a116-4f3a-bd63-a990b8a1acff	Story is not ready yet. Address the following 2 item(s) to improve readiness.	{"Estimate the story (1-8 points) to support sprint planning","Work with the product owner to define additional acceptance criteria","Add a task covering automated or acceptance tests so criteria can be validated","Consider adding a task to capture before/after metrics or monitor impact"}
f37b83bc-4d19-408f-bb5c-dae84d2c70f5	5bb8df3a-6e07-4872-a43d-2fd8f6ad5b57	100	{}	c69fa65c-a116-4f3a-bd63-a990b8a1acff	Story meets the readiness bar and can be scheduled for a sprint.	{"Verify dependencies and add the story to the upcoming sprint."}
fddb77d0-6e68-45cc-8dcc-545ee67ae54b	c14ac649-d99f-4fe6-afd2-3831b7da773a	40	{"Story points are not set","Story must have at least one acceptance criterion","Story has no implementation tasks"}	c69fa65c-a116-4f3a-bd63-a990b8a1acff	Story is not ready yet. Address the following 3 item(s) to improve readiness.	{"Estimate the story (1-8 points) to support sprint planning","Add at least three acceptance criteria that capture Given/When/Then","Break the story into contributor-sized tasks covering the acceptance criteria"}
9281c4a8-fa18-44db-b447-54d91eb2fbaa	2c40c1a7-1463-40ef-ba69-194592fc6d7e	100	{}	c69fa65c-a116-4f3a-bd63-a990b8a1acff	Story meets the readiness bar and can be scheduled for a sprint.	{"Consider splitting large stories (>5 points) to reduce risk","Add a task covering automated or acceptance tests so criteria can be validated"}
11c8df41-4121-4f6b-b0c4-57a1c856543b	5bb8df3a-6e07-4872-a43d-2fd8f6ad5b57	100	{}	c69fa65c-a116-4f3a-bd63-a990b8a1acff	Story meets the readiness bar and can be scheduled for a sprint.	{"Verify dependencies and add the story to the upcoming sprint."}
107bf06e-d006-435c-9f0e-4611d50efbfe	fbdb370a-ba81-4022-896a-3d05e87d1dc6	70	{"Story points are not set","Story only has 1 acceptance criteria; aim for at least 3"}	c69fa65c-a116-4f3a-bd63-a990b8a1acff	Story is not ready yet. Address the following 2 item(s) to improve readiness.	{"Estimate the story (1-8 points) to support sprint planning","Work with the product owner to define additional acceptance criteria","Add a task covering automated or acceptance tests so criteria can be validated","Consider adding a task to capture before/after metrics or monitor impact"}
00c24e85-08ad-469c-a7cf-a0ee28b3d340	c0a154a2-7a11-422e-bd60-ac0de1806dd7	100	{}	c69fa65c-a116-4f3a-bd63-a990b8a1acff	Story meets the readiness bar and can be scheduled for a sprint.	{"Consider splitting large stories (>5 points) to reduce risk"}
9ea812a7-0fef-45c8-8e4a-55beed6a0f28	2c40c1a7-1463-40ef-ba69-194592fc6d7e	100	{}	c69fa65c-a116-4f3a-bd63-a990b8a1acff	Story meets the readiness bar and can be scheduled for a sprint.	{"Consider splitting large stories (>5 points) to reduce risk","Add a task covering automated or acceptance tests so criteria can be validated"}
09500f0c-3b9e-4cc1-b7f5-e95d6beaea41	c14ac649-d99f-4fe6-afd2-3831b7da773a	40	{"Story points are not set","Story must have at least one acceptance criterion","Story has no implementation tasks"}	c69fa65c-a116-4f3a-bd63-a990b8a1acff	Story is not ready yet. Address the following 3 item(s) to improve readiness.	{"Estimate the story (1-8 points) to support sprint planning","Add at least three acceptance criteria that capture Given/When/Then","Break the story into contributor-sized tasks covering the acceptance criteria"}
7c0e4aa5-7a5b-4c60-9f0f-3b67cf22d0bd	5bb8df3a-6e07-4872-a43d-2fd8f6ad5b57	100	{}	c69fa65c-a116-4f3a-bd63-a990b8a1acff	Story meets the readiness bar and can be scheduled for a sprint.	{"Verify dependencies and add the story to the upcoming sprint."}
471f665a-4eb4-4608-99d8-ef616415b139	c0a154a2-7a11-422e-bd60-ac0de1806dd7	100	{}	c69fa65c-a116-4f3a-bd63-a990b8a1acff	Story meets the readiness bar and can be scheduled for a sprint.	{"Consider splitting large stories (>5 points) to reduce risk"}
d56b542e-a37e-4f44-825b-6cf0e37d606f	c14ac649-d99f-4fe6-afd2-3831b7da773a	40	{"Story points are not set","Story must have at least one acceptance criterion","Story has no implementation tasks"}	c69fa65c-a116-4f3a-bd63-a990b8a1acff	Story is not ready yet. Address the following 3 item(s) to improve readiness.	{"Estimate the story (1-8 points) to support sprint planning","Add at least three acceptance criteria that capture Given/When/Then","Break the story into contributor-sized tasks covering the acceptance criteria"}
d45f1000-753e-455f-87a7-9f5f7aca4c21	fbdb370a-ba81-4022-896a-3d05e87d1dc6	70	{"Story points are not set","Story only has 1 acceptance criteria; aim for at least 3"}	c69fa65c-a116-4f3a-bd63-a990b8a1acff	Story is not ready yet. Address the following 2 item(s) to improve readiness.	{"Estimate the story (1-8 points) to support sprint planning","Work with the product owner to define additional acceptance criteria","Add a task covering automated or acceptance tests so criteria can be validated","Consider adding a task to capture before/after metrics or monitor impact"}
e80571d3-99ac-4173-acdf-4f517a37e747	2c40c1a7-1463-40ef-ba69-194592fc6d7e	100	{}	c69fa65c-a116-4f3a-bd63-a990b8a1acff	Story meets the readiness bar and can be scheduled for a sprint.	{"Consider splitting large stories (>5 points) to reduce risk","Add a task covering automated or acceptance tests so criteria can be validated"}
908ba5dc-52e5-4a32-a425-60e40d668cb3	fbdb370a-ba81-4022-896a-3d05e87d1dc6	70	{"Story points are not set","Story only has 1 acceptance criteria; aim for at least 3"}	c69fa65c-a116-4f3a-bd63-a990b8a1acff	Story is not ready yet. Address the following 2 item(s) to improve readiness.	{"Estimate the story (1-8 points) to support sprint planning","Work with the product owner to define additional acceptance criteria","Add a task covering automated or acceptance tests so criteria can be validated","Consider adding a task to capture before/after metrics or monitor impact"}
702d5705-0341-47cb-b0d1-f93b5d5ab7b5	5bb8df3a-6e07-4872-a43d-2fd8f6ad5b57	100	{}	c69fa65c-a116-4f3a-bd63-a990b8a1acff	Story meets the readiness bar and can be scheduled for a sprint.	{"Verify dependencies and add the story to the upcoming sprint."}
df9b7bdb-4088-47a6-886e-73966288d93b	c0a154a2-7a11-422e-bd60-ac0de1806dd7	100	{}	c69fa65c-a116-4f3a-bd63-a990b8a1acff	Story meets the readiness bar and can be scheduled for a sprint.	{"Consider splitting large stories (>5 points) to reduce risk"}
76c11013-3d43-491a-b129-5245b948b25f	c14ac649-d99f-4fe6-afd2-3831b7da773a	40	{"Story points are not set","Story must have at least one acceptance criterion","Story has no implementation tasks"}	c69fa65c-a116-4f3a-bd63-a990b8a1acff	Story is not ready yet. Address the following 3 item(s) to improve readiness.	{"Estimate the story (1-8 points) to support sprint planning","Add at least three acceptance criteria that capture Given/When/Then","Break the story into contributor-sized tasks covering the acceptance criteria"}
fa62bc96-79c7-4986-aaa6-75d9bb733d7e	2c40c1a7-1463-40ef-ba69-194592fc6d7e	100	{}	c69fa65c-a116-4f3a-bd63-a990b8a1acff	Story meets the readiness bar and can be scheduled for a sprint.	{"Consider splitting large stories (>5 points) to reduce risk","Add a task covering automated or acceptance tests so criteria can be validated"}
7dfa9d73-cc5d-421b-b37f-8a2963c8057f	c14ac649-d99f-4fe6-afd2-3831b7da773a	40	{"Story points are not set","Story must have at least one acceptance criterion","Story has no implementation tasks"}	c69fa65c-a116-4f3a-bd63-a990b8a1acff	Story is not ready yet. Address the following 3 item(s) to improve readiness.	{"Estimate the story (1-8 points) to support sprint planning","Add at least three acceptance criteria that capture Given/When/Then","Break the story into contributor-sized tasks covering the acceptance criteria"}
7df10697-cc81-42db-b224-1ec223166be8	2c40c1a7-1463-40ef-ba69-194592fc6d7e	100	{}	c69fa65c-a116-4f3a-bd63-a990b8a1acff	Story meets the readiness bar and can be scheduled for a sprint.	{"Consider splitting large stories (>5 points) to reduce risk","Add a task covering automated or acceptance tests so criteria can be validated"}
ee3fb233-daee-4669-ab58-56648193afce	2c40c1a7-1463-40ef-ba69-194592fc6d7e	100	{}	c69fa65c-a116-4f3a-bd63-a990b8a1acff	Story meets the readiness bar and can be scheduled for a sprint.	{"Consider splitting large stories (>5 points) to reduce risk","Add a task covering automated or acceptance tests so criteria can be validated"}
f13dbcb3-c67d-48f1-9317-b34e3aca5465	c14ac649-d99f-4fe6-afd2-3831b7da773a	40	{"Story points are not set","Story must have at least one acceptance criterion","Story has no implementation tasks"}	c69fa65c-a116-4f3a-bd63-a990b8a1acff	Story is not ready yet. Address the following 3 item(s) to improve readiness.	{"Estimate the story (1-8 points) to support sprint planning","Add at least three acceptance criteria that capture Given/When/Then","Break the story into contributor-sized tasks covering the acceptance criteria"}
ef8529c1-064c-4c86-bb6d-ca47cc19fe8b	5bb8df3a-6e07-4872-a43d-2fd8f6ad5b57	100	{}	c69fa65c-a116-4f3a-bd63-a990b8a1acff	Story meets the readiness bar and can be scheduled for a sprint.	{"Verify dependencies and add the story to the upcoming sprint."}
2ef7a4db-f3fc-45e8-9bdb-ca18142a6d80	fbdb370a-ba81-4022-896a-3d05e87d1dc6	70	{"Story points are not set","Story only has 1 acceptance criteria; aim for at least 3"}	c69fa65c-a116-4f3a-bd63-a990b8a1acff	Story is not ready yet. Address the following 2 item(s) to improve readiness.	{"Estimate the story (1-8 points) to support sprint planning","Work with the product owner to define additional acceptance criteria","Add a task covering automated or acceptance tests so criteria can be validated","Consider adding a task to capture before/after metrics or monitor impact"}
ba3cff0f-ef40-44f4-8e8d-3a1ab61fd5a4	2c40c1a7-1463-40ef-ba69-194592fc6d7e	100	{}	c69fa65c-a116-4f3a-bd63-a990b8a1acff	Story meets the readiness bar and can be scheduled for a sprint.	{"Consider splitting large stories (>5 points) to reduce risk","Add a task covering automated or acceptance tests so criteria can be validated"}
fe9fa289-27a0-4a7c-bb4f-a9c22f90c401	fbdb370a-ba81-4022-896a-3d05e87d1dc6	70	{"Story points are not set","Story only has 1 acceptance criteria; aim for at least 3"}	c69fa65c-a116-4f3a-bd63-a990b8a1acff	Story is not ready yet. Address the following 2 item(s) to improve readiness.	{"Estimate the story (1-8 points) to support sprint planning","Work with the product owner to define additional acceptance criteria","Add a task covering automated or acceptance tests so criteria can be validated","Consider adding a task to capture before/after metrics or monitor impact"}
8ae8e668-726f-4962-95a3-3df3dad5b251	c0a154a2-7a11-422e-bd60-ac0de1806dd7	100	{}	c69fa65c-a116-4f3a-bd63-a990b8a1acff	Story meets the readiness bar and can be scheduled for a sprint.	{"Consider splitting large stories (>5 points) to reduce risk"}
67e00cee-cd81-496f-b08f-3aa602d7e799	c14ac649-d99f-4fe6-afd2-3831b7da773a	40	{"Story points are not set","Story must have at least one acceptance criterion","Story has no implementation tasks"}	c69fa65c-a116-4f3a-bd63-a990b8a1acff	Story is not ready yet. Address the following 3 item(s) to improve readiness.	{"Estimate the story (1-8 points) to support sprint planning","Add at least three acceptance criteria that capture Given/When/Then","Break the story into contributor-sized tasks covering the acceptance criteria"}
c911d07a-3cf5-4461-ba00-cf252a4bebcf	c14ac649-d99f-4fe6-afd2-3831b7da773a	40	{"Story points are not set","Story must have at least one acceptance criterion","Story has no implementation tasks"}	c69fa65c-a116-4f3a-bd63-a990b8a1acff	Story is not ready yet. Address the following 3 item(s) to improve readiness.	{"Estimate the story (1-8 points) to support sprint planning","Add at least three acceptance criteria that capture Given/When/Then","Break the story into contributor-sized tasks covering the acceptance criteria"}
3a641862-43f7-45ba-8891-2d9cdcd3920b	c0a154a2-7a11-422e-bd60-ac0de1806dd7	75	{"Acceptance criterion \\"Given I am on the backlog view, when A flagged story is selected, then I receive an AI suggestion with the top remediation step and can app\\" is not covered by any task","Acceptance criterion \\"Given I am viewing the backlog, when The page loads, then I see aggregated readiness stats (count of flagged stories, total ready points) u\\" is not covered by any task","Acceptance criterion \\"Given I am viewing the backlog as a product owner, when A story lacks ACs, has >8 points, or is older than 30 days, then I see a visual bad\\" is not covered by any task"}	c69fa65c-a116-4f3a-bd63-a990b8a1acff	Story is not ready yet. Address the following 3 item(s) to improve readiness.	{"Consider splitting large stories (>5 points) to reduce risk","Create tasks that explicitly reference each acceptance criterion"}
5b77d047-c47a-4565-b314-09ba0719d7e3	2c40c1a7-1463-40ef-ba69-194592fc6d7e	75	{"Acceptance criterion \\"Given Committed story points exceed 80% of capacity, when I view the sprint spotlight, then I see a warning badge prompting me to review sc\\" is not covered by any task","Acceptance criterion \\"Given There is an active sprint, when I open the project dashboard, then I see the sprint name, goal, and countdown in days\\" is not covered by any task","Acceptance criterion \\"Given Tasks in the sprint are blocked, when I open the sprint spotlight, then I see a list of blockers with owners and an action to escalat\\" is not covered by any task","Acceptance criterion \\"Given Committed story points exceed 80% of capacity, when I view the sprint spotlight, then I see a warning badge prompting me to review sc\\" is not covered by any task"}	c69fa65c-a116-4f3a-bd63-a990b8a1acff	Story is not ready yet. Address the following 4 item(s) to improve readiness.	{"Consider splitting large stories (>5 points) to reduce risk","Create tasks that explicitly reference each acceptance criterion","Add a task covering automated or acceptance tests so criteria can be validated"}
938cc6aa-4552-460b-af95-f70bb03b9ae3	c3b352a6-8dd3-4ad6-8197-219ad93cb28a	25	{"Story title does not describe a user persona, desired action, and outcome","Story points are not set","Acceptance criterion \\"Given I am viewing the sprint task board, when I apply filters for status, then The task list should update to show only matching tasks, an\\" is not covered by any task","Acceptance criterion \\"Given I am viewing the sprint task board, when I look at the page header or context section, then I should see the sprint name, start date,\\" is not covered by any task","Acceptance criterion \\"Given I am viewing the sprint task board, when Another contributor takes ownership of a task or changes task status, then The board should \\" is not covered by any task","Acceptance criterion \\"Given I am viewing the sprint task board, when I see the list of tasks, then Available tasks (no owner, not completed) should be clearly vi\\" is not covered by any task","Acceptance criterion \\"Given I am a contributor logged into the system and there is an active sprint for my project, when I navigate to the Sprint Tasks view, the\\" is not covered by any task","Story has no implementation tasks"}	c69fa65c-a116-4f3a-bd63-a990b8a1acff	Story is not ready yet. Address the following 8 item(s) to improve readiness.	{"Reframe the title like 'As a <persona>, I want <action> so that <outcome>' to emphasise user value","Estimate the story (1-8 points) to support sprint planning","Create tasks that explicitly reference each acceptance criterion","Break the story into contributor-sized tasks covering the acceptance criteria"}
72e96591-0d5e-4fab-99af-deb2d99814de	85b3093d-2838-478d-9861-fb493afa2db7	75	{"Story title does not describe a user persona, desired action, and outcome","Story description is missing"}	c69fa65c-a116-4f3a-bd63-a990b8a1acff	Story is not ready yet. Address the following 2 item(s) to improve readiness.	{"Reframe the title like 'As a <persona>, I want <action> so that <outcome>' to emphasise user value","Provide a concise description that explains the need and desired outcome","Consider adding a task to capture before/after metrics or monitor impact","Add a measurable outcome to at least one acceptance criterion (e.g., SLA, count, or percentage)"}
107a1334-6a24-4934-93db-c98a92600135	85b3093d-2838-478d-9861-fb493afa2db7	75	{"Story title does not describe a user persona, desired action, and outcome","Story description is missing"}	c69fa65c-a116-4f3a-bd63-a990b8a1acff	Story is not ready yet. Address the following 2 item(s) to improve readiness.	{"Reframe the title like 'As a <persona>, I want <action> so that <outcome>' to emphasise user value","Provide a concise description that explains the need and desired outcome","Consider adding a task to capture before/after metrics or monitor impact","Add a measurable outcome to at least one acceptance criterion (e.g., SLA, count, or percentage)"}
c8c3862e-df3e-4a73-8e25-c58b2fa1e1c0	a85c4725-3814-497a-8dd6-d5d8ee97936d	75	{"Story title does not describe a user persona, desired action, and outcome","Story description is missing"}	c69fa65c-a116-4f3a-bd63-a990b8a1acff	Story is not ready yet. Address the following 2 item(s) to improve readiness.	{"Reframe the title like 'As a <persona>, I want <action> so that <outcome>' to emphasise user value","Provide a concise description that explains the need and desired outcome","Consider splitting large stories (>5 points) to reduce risk","Consider adding a task to capture before/after metrics or monitor impact","Add a measurable outcome to at least one acceptance criterion (e.g., SLA, count, or percentage)"}
960e56d3-6f52-4e26-882e-8146d81202f1	c0a154a2-7a11-422e-bd60-ac0de1806dd7	100	{}	c69fa65c-a116-4f3a-bd63-a990b8a1acff	Story meets the readiness bar and can be scheduled for a sprint.	{"Consider splitting large stories (>5 points) to reduce risk"}
ea6c5748-984f-44f3-8f49-65768ddd7eae	c0a154a2-7a11-422e-bd60-ac0de1806dd7	100	{}	c69fa65c-a116-4f3a-bd63-a990b8a1acff	Story meets the readiness bar and can be scheduled for a sprint.	{"Consider splitting large stories (>5 points) to reduce risk"}
3edfe207-510f-4c19-9d9b-be309478213f	5bb8df3a-6e07-4872-a43d-2fd8f6ad5b57	75	{"Acceptance criterion \\"Given I am a developer with no assigned tasks but sprint stories need attention, when I load the dashboard, then I see a recommended task f\\" is not covered by any task","Acceptance criterion \\"Given I have no assigned tasks and there are no ready stories, when I view the dashboard, then I see an AI-generated suggestion for a meani\\" is not covered by any task","Acceptance criterion \\"Given I am a developer loading the dashboard, when The dashboard renders my next actions, then The key widgets render within 2 seconds and \\" is not covered by any task","Acceptance criterion \\"Given I am a signed-in developer with assigned tasks, when I load the dashboard, then I see the top three in-progress or ready tasks with s\\" is not covered by any task"}	c69fa65c-a116-4f3a-bd63-a990b8a1acff	Story is not ready yet. Address the following 4 item(s) to improve readiness.	{"Create tasks that explicitly reference each acceptance criterion"}
f7bb42f2-ddaa-4108-a15f-24b4e53bfe9a	5bb8df3a-6e07-4872-a43d-2fd8f6ad5b57	75	{"Acceptance criterion \\"Given I am a developer loading the dashboard, when The dashboard renders my next actions, then The key widgets render within 2 seconds and \\" is not covered by any task","Acceptance criterion \\"Given I am a signed-in developer with assigned tasks, when I load the dashboard, then I see the top three in-progress or ready tasks with s\\" is not covered by any task","Acceptance criterion \\"Given I am a developer with no assigned tasks but sprint stories need attention, when I load the dashboard, then I see a recommended task f\\" is not covered by any task","Acceptance criterion \\"Given I have no assigned tasks and there are no ready stories, when I view the dashboard, then I see an AI-generated suggestion for a meani\\" is not covered by any task"}	c69fa65c-a116-4f3a-bd63-a990b8a1acff	Story is not ready yet. Address the following 4 item(s) to improve readiness.	{"Create tasks that explicitly reference each acceptance criterion"}
880054d9-8752-442f-b941-6c180ea97735	2c40c1a7-1463-40ef-ba69-194592fc6d7e	75	{"Acceptance criterion \\"Given Committed story points exceed 80% of capacity, when I view the sprint spotlight, then I see a warning badge prompting me to review sc\\" is not covered by any task","Acceptance criterion \\"Given There is an active sprint, when I open the project dashboard, then I see the sprint name, goal, and countdown in days\\" is not covered by any task","Acceptance criterion \\"Given Committed story points exceed 80% of capacity, when I view the sprint spotlight, then I see a warning badge prompting me to review sc\\" is not covered by any task","Acceptance criterion \\"Given Tasks in the sprint are blocked, when I open the sprint spotlight, then I see a list of blockers with owners and an action to escalat\\" is not covered by any task"}	c69fa65c-a116-4f3a-bd63-a990b8a1acff	Story is not ready yet. Address the following 4 item(s) to improve readiness.	{"Consider splitting large stories (>5 points) to reduce risk","Create tasks that explicitly reference each acceptance criterion","Add a task covering automated or acceptance tests so criteria can be validated"}
9d16d9a4-9da9-48e0-9b8d-7192defc37af	c0a154a2-7a11-422e-bd60-ac0de1806dd7	75	{"Acceptance criterion \\"Given I am on the backlog view, when A flagged story is selected, then I receive an AI suggestion with the top remediation step and can app\\" is not covered by any task","Acceptance criterion \\"Given I am viewing the backlog, when The page loads, then I see aggregated readiness stats (count of flagged stories, total ready points) u\\" is not covered by any task","Acceptance criterion \\"Given I am viewing the backlog as a product owner, when A story lacks ACs, has >8 points, or is older than 30 days, then I see a visual bad\\" is not covered by any task"}	c69fa65c-a116-4f3a-bd63-a990b8a1acff	Story is not ready yet. Address the following 3 item(s) to improve readiness.	{"Consider splitting large stories (>5 points) to reduce risk","Create tasks that explicitly reference each acceptance criterion"}
302009f2-799a-4ae5-8bec-372be1ef07aa	c3b352a6-8dd3-4ad6-8197-219ad93cb28a	25	{"Story title does not describe a user persona, desired action, and outcome","Story points are not set","Acceptance criterion \\"Given I am viewing the sprint task board, when I look at the page header or context section, then I should see the sprint name, start date,\\" is not covered by any task","Acceptance criterion \\"Given I am viewing the sprint task board, when I see the list of tasks, then Available tasks (no owner, not completed) should be clearly vi\\" is not covered by any task","Acceptance criterion \\"Given I am a contributor logged into the system and there is an active sprint for my project, when I navigate to the Sprint Tasks view, the\\" is not covered by any task","Acceptance criterion \\"Given I am viewing the sprint task board, when Another contributor takes ownership of a task or changes task status, then The board should \\" is not covered by any task","Acceptance criterion \\"Given I am viewing the sprint task board, when I apply filters for status, then The task list should update to show only matching tasks, an\\" is not covered by any task","Story has no implementation tasks"}	c69fa65c-a116-4f3a-bd63-a990b8a1acff	Story is not ready yet. Address the following 8 item(s) to improve readiness.	{"Reframe the title like 'As a <persona>, I want <action> so that <outcome>' to emphasise user value","Estimate the story (1-8 points) to support sprint planning","Create tasks that explicitly reference each acceptance criterion","Break the story into contributor-sized tasks covering the acceptance criteria"}
844e0d4d-3d2d-49b7-bd8f-5d3a9a591b72	c3b352a6-8dd3-4ad6-8197-219ad93cb28a	45	{"Story title does not describe a user persona, desired action, and outcome","Story points are not set","Acceptance criterion \\"Given I am viewing the sprint task board, when I look at the page header or context section, then I should see the sprint name, start date,\\" is not covered by any task","Acceptance criterion \\"Given I am viewing the sprint task board, when Another contributor takes ownership of a task or changes task status, then The board should \\" is not covered by any task","Acceptance criterion \\"Given I am viewing the sprint task board, when I see the list of tasks, then Available tasks (no owner, not completed) should be clearly vi\\" is not covered by any task"}	c69fa65c-a116-4f3a-bd63-a990b8a1acff	Story is not ready yet. Address the following 5 item(s) to improve readiness.	{"Reframe the title like 'As a <persona>, I want <action> so that <outcome>' to emphasise user value","Estimate the story (1-8 points) to support sprint planning","Create tasks that explicitly reference each acceptance criterion","Consider adding tasks so every acceptance criterion has dedicated coverage","Add a task covering automated or acceptance tests so criteria can be validated","Consider adding a task to capture before/after metrics or monitor impact"}
12908a11-e86d-4f45-bfff-f9ed9a0b3dfa	c0a154a2-7a11-422e-bd60-ac0de1806dd7	100	{}	c69fa65c-a116-4f3a-bd63-a990b8a1acff	Story meets the readiness bar and can be scheduled for a sprint.	{"Consider splitting large stories (>5 points) to reduce risk"}
92e835b9-5505-47a3-9a2d-356cfbd9bbfe	5bb8df3a-6e07-4872-a43d-2fd8f6ad5b57	100	{}	c69fa65c-a116-4f3a-bd63-a990b8a1acff	Story meets the readiness bar and can be scheduled for a sprint.	{"Verify dependencies and add the story to the upcoming sprint."}
52773d7b-5e8b-47d0-a324-d7c257013104	fbdb370a-ba81-4022-896a-3d05e87d1dc6	70	{"Story points are not set","Story only has 1 acceptance criteria; aim for at least 3"}	c69fa65c-a116-4f3a-bd63-a990b8a1acff	Story is not ready yet. Address the following 2 item(s) to improve readiness.	{"Estimate the story (1-8 points) to support sprint planning","Work with the product owner to define additional acceptance criteria","Add a task covering automated or acceptance tests so criteria can be validated","Consider adding a task to capture before/after metrics or monitor impact"}
9e39230e-5613-47ed-abbf-2de978d64a20	c14ac649-d99f-4fe6-afd2-3831b7da773a	40	{"Story points are not set","Story must have at least one acceptance criterion","Story has no implementation tasks"}	c69fa65c-a116-4f3a-bd63-a990b8a1acff	Story is not ready yet. Address the following 3 item(s) to improve readiness.	{"Estimate the story (1-8 points) to support sprint planning","Add at least three acceptance criteria that capture Given/When/Then","Break the story into contributor-sized tasks covering the acceptance criteria"}
04d16b07-91d2-43a6-b315-f8cf2e60a862	2c40c1a7-1463-40ef-ba69-194592fc6d7e	100	{}	c69fa65c-a116-4f3a-bd63-a990b8a1acff	Story meets the readiness bar and can be scheduled for a sprint.	{"Consider splitting large stories (>5 points) to reduce risk","Add a task covering automated or acceptance tests so criteria can be validated"}
5da92bd7-acdc-4038-92de-dddbd5501060	c14ac649-d99f-4fe6-afd2-3831b7da773a	40	{"Story points are not set","Story must have at least one acceptance criterion","Story has no implementation tasks"}	c69fa65c-a116-4f3a-bd63-a990b8a1acff	Story is not ready yet. Address the following 3 item(s) to improve readiness.	{"Estimate the story (1-8 points) to support sprint planning","Add at least three acceptance criteria that capture Given/When/Then","Break the story into contributor-sized tasks covering the acceptance criteria"}
daf0fad1-065e-4339-bd49-33f8ceda9830	c14ac649-d99f-4fe6-afd2-3831b7da773a	40	{"Story points are not set","Story must have at least one acceptance criterion","Story has no implementation tasks"}	c69fa65c-a116-4f3a-bd63-a990b8a1acff	Story is not ready yet. Address the following 3 item(s) to improve readiness.	{"Estimate the story (1-8 points) to support sprint planning","Add at least three acceptance criteria that capture Given/When/Then","Break the story into contributor-sized tasks covering the acceptance criteria"}
c05671b7-3967-4c73-b333-abded705b373	c3b352a6-8dd3-4ad6-8197-219ad93cb28a	45	{"Story title does not describe a user persona, desired action, and outcome","Story points are not set","Acceptance criterion \\"Given I am viewing the sprint task board, when I see the list of tasks, then Available tasks (no owner, not completed) should be clearly vi\\" is not covered by any task","Acceptance criterion \\"Given I am viewing the sprint task board, when Another contributor takes ownership of a task or changes task status, then The board should \\" is not covered by any task","Acceptance criterion \\"Given I am viewing the sprint task board, when I look at the page header or context section, then I should see the sprint name, start date,\\" is not covered by any task"}	c69fa65c-a116-4f3a-bd63-a990b8a1acff	Story is not ready yet. Address the following 5 item(s) to improve readiness.	{"Reframe the title like 'As a <persona>, I want <action> so that <outcome>' to emphasise user value","Estimate the story (1-8 points) to support sprint planning","Create tasks that explicitly reference each acceptance criterion","Consider adding tasks so every acceptance criterion has dedicated coverage","Add a task covering automated or acceptance tests so criteria can be validated","Consider adding a task to capture before/after metrics or monitor impact"}
18a8a382-6bd9-48b6-a108-222936f66641	85b3093d-2838-478d-9861-fb493afa2db7	75	{"Story title does not describe a user persona, desired action, and outcome","Story description is missing"}	c69fa65c-a116-4f3a-bd63-a990b8a1acff	Story is not ready yet. Address the following 2 item(s) to improve readiness.	{"Reframe the title like 'As a <persona>, I want <action> so that <outcome>' to emphasise user value","Provide a concise description that explains the need and desired outcome","Consider adding a task to capture before/after metrics or monitor impact","Add a measurable outcome to at least one acceptance criterion (e.g., SLA, count, or percentage)"}
89a4099e-b78a-4db4-9ef0-4b1809d071c9	a85c4725-3814-497a-8dd6-d5d8ee97936d	75	{"Story title does not describe a user persona, desired action, and outcome","Story description is missing"}	c69fa65c-a116-4f3a-bd63-a990b8a1acff	Story is not ready yet. Address the following 2 item(s) to improve readiness.	{"Reframe the title like 'As a <persona>, I want <action> so that <outcome>' to emphasise user value","Provide a concise description that explains the need and desired outcome","Consider splitting large stories (>5 points) to reduce risk","Consider adding a task to capture before/after metrics or monitor impact","Add a measurable outcome to at least one acceptance criterion (e.g., SLA, count, or percentage)"}
76440ae5-f030-4039-888b-137c6408571c	c14ac649-d99f-4fe6-afd2-3831b7da773a	40	{"Story points are not set","Story must have at least one acceptance criterion","Story has no implementation tasks"}	c69fa65c-a116-4f3a-bd63-a990b8a1acff	Story is not ready yet. Address the following 3 item(s) to improve readiness.	{"Estimate the story (1-8 points) to support sprint planning","Add at least three acceptance criteria that capture Given/When/Then","Break the story into contributor-sized tasks covering the acceptance criteria"}
0f1783b4-3fe9-459e-b94c-7271f3f00bfb	5bb8df3a-6e07-4872-a43d-2fd8f6ad5b57	100	{}	c69fa65c-a116-4f3a-bd63-a990b8a1acff	Story meets the readiness bar and can be scheduled for a sprint.	{"Verify dependencies and add the story to the upcoming sprint."}
92484461-b2b9-41c9-8048-d6b30869c8c0	fbdb370a-ba81-4022-896a-3d05e87d1dc6	70	{"Story points are not set","Story only has 1 acceptance criteria; aim for at least 3"}	c69fa65c-a116-4f3a-bd63-a990b8a1acff	Story is not ready yet. Address the following 2 item(s) to improve readiness.	{"Estimate the story (1-8 points) to support sprint planning","Work with the product owner to define additional acceptance criteria","Add a task covering automated or acceptance tests so criteria can be validated","Consider adding a task to capture before/after metrics or monitor impact"}
a6cf03ac-4816-4521-a7ed-8dc0abb29f96	c0a154a2-7a11-422e-bd60-ac0de1806dd7	100	{}	c69fa65c-a116-4f3a-bd63-a990b8a1acff	Story meets the readiness bar and can be scheduled for a sprint.	{"Consider splitting large stories (>5 points) to reduce risk"}
d56e821a-950b-4fab-8ef3-3b6d27df4bf3	2c40c1a7-1463-40ef-ba69-194592fc6d7e	75	{"Acceptance criterion \\"Given Committed story points exceed 80% of capacity, when I view the sprint spotlight, then I see a warning badge prompting me to review sc\\" is not covered by any task","Acceptance criterion \\"Given Tasks in the sprint are blocked, when I open the sprint spotlight, then I see a list of blockers with owners and an action to escalat\\" is not covered by any task","Acceptance criterion \\"Given There is an active sprint, when I open the project dashboard, then I see the sprint name, goal, and countdown in days\\" is not covered by any task","Acceptance criterion \\"Given Committed story points exceed 80% of capacity, when I view the sprint spotlight, then I see a warning badge prompting me to review sc\\" is not covered by any task"}	c69fa65c-a116-4f3a-bd63-a990b8a1acff	Story is not ready yet. Address the following 4 item(s) to improve readiness.	{"Consider splitting large stories (>5 points) to reduce risk","Create tasks that explicitly reference each acceptance criterion","Add a task covering automated or acceptance tests so criteria can be validated"}
f8abff0f-4c95-49cc-a41d-7a7d4032a55d	c3b352a6-8dd3-4ad6-8197-219ad93cb28a	70	{"Story title does not describe a user persona, desired action, and outcome","Story points are not set"}	c69fa65c-a116-4f3a-bd63-a990b8a1acff	Story is not ready yet. Address the following 2 item(s) to improve readiness.	{"Reframe the title like 'As a <persona>, I want <action> so that <outcome>' to emphasise user value","Estimate the story (1-8 points) to support sprint planning","Add a task covering automated or acceptance tests so criteria can be validated","Consider adding a task to capture before/after metrics or monitor impact"}
ca14c176-295c-4de4-8a0e-c5c3c2feb123	a85c4725-3814-497a-8dd6-d5d8ee97936d	75	{"Story title does not describe a user persona, desired action, and outcome","Story description is missing"}	c69fa65c-a116-4f3a-bd63-a990b8a1acff	Story is not ready yet. Address the following 2 item(s) to improve readiness.	{"Reframe the title like 'As a <persona>, I want <action> so that <outcome>' to emphasise user value","Provide a concise description that explains the need and desired outcome","Consider splitting large stories (>5 points) to reduce risk","Consider adding a task to capture before/after metrics or monitor impact","Add a measurable outcome to at least one acceptance criterion (e.g., SLA, count, or percentage)"}
69e743af-4e19-4012-9493-3970f7164232	2c40c1a7-1463-40ef-ba69-194592fc6d7e	100	{}	c69fa65c-a116-4f3a-bd63-a990b8a1acff	Story meets the readiness bar and can be scheduled for a sprint.	{"Consider splitting large stories (>5 points) to reduce risk","Add a task covering automated or acceptance tests so criteria can be validated"}
e4800b4e-99f5-4e3d-be99-de9ec21bf1f1	fbdb370a-ba81-4022-896a-3d05e87d1dc6	70	{"Story points are not set","Story only has 1 acceptance criteria; aim for at least 3"}	c69fa65c-a116-4f3a-bd63-a990b8a1acff	Story is not ready yet. Address the following 2 item(s) to improve readiness.	{"Estimate the story (1-8 points) to support sprint planning","Work with the product owner to define additional acceptance criteria","Add a task covering automated or acceptance tests so criteria can be validated","Consider adding a task to capture before/after metrics or monitor impact"}
d82935c5-e344-4d02-8e63-7a3f72596f9e	5bb8df3a-6e07-4872-a43d-2fd8f6ad5b57	75	{"Acceptance criterion \\"Given I am a developer with no assigned tasks but sprint stories need attention, when I load the dashboard, then I see a recommended task f\\" is not covered by any task","Acceptance criterion \\"Given I have no assigned tasks and there are no ready stories, when I view the dashboard, then I see an AI-generated suggestion for a meani\\" is not covered by any task","Acceptance criterion \\"Given I am a developer loading the dashboard, when The dashboard renders my next actions, then The key widgets render within 2 seconds and \\" is not covered by any task","Acceptance criterion \\"Given I am a signed-in developer with assigned tasks, when I load the dashboard, then I see the top three in-progress or ready tasks with s\\" is not covered by any task"}	c69fa65c-a116-4f3a-bd63-a990b8a1acff	Story is not ready yet. Address the following 4 item(s) to improve readiness.	{"Create tasks that explicitly reference each acceptance criterion"}
870c6848-c1dd-4cf9-9345-ad1e18693d0c	c14ac649-d99f-4fe6-afd2-3831b7da773a	40	{"Story points are not set","Story must have at least one acceptance criterion","Story has no implementation tasks"}	c69fa65c-a116-4f3a-bd63-a990b8a1acff	Story is not ready yet. Address the following 3 item(s) to improve readiness.	{"Estimate the story (1-8 points) to support sprint planning","Add at least three acceptance criteria that capture Given/When/Then","Break the story into contributor-sized tasks covering the acceptance criteria"}
e0d44548-ca68-40c8-9d27-cf8cf1e346e2	c3b352a6-8dd3-4ad6-8197-219ad93cb28a	70	{"Story title does not describe a user persona, desired action, and outcome","Story points are not set"}	c69fa65c-a116-4f3a-bd63-a990b8a1acff	Story is not ready yet. Address the following 2 item(s) to improve readiness.	{"Reframe the title like 'As a <persona>, I want <action> so that <outcome>' to emphasise user value","Estimate the story (1-8 points) to support sprint planning","Add a task covering automated or acceptance tests so criteria can be validated","Consider adding a task to capture before/after metrics or monitor impact"}
254d2233-d82b-4345-9953-021a3298c657	a8a8bba1-61d3-4d74-8f93-f3ca6328b114	100	{}	c69fa65c-a116-4f3a-bd63-a990b8a1acff	Story meets the readiness bar and can be scheduled for a sprint.	{"Consider adding a task to capture before/after metrics or monitor impact"}
feff2028-9c36-4728-ae5b-25fca785c0a4	a8a8bba1-61d3-4d74-8f93-f3ca6328b114	100	{}	c69fa65c-a116-4f3a-bd63-a990b8a1acff	Story meets the readiness bar and can be scheduled for a sprint.	{"Consider adding a task to capture before/after metrics or monitor impact"}
e85954a4-7849-496e-a40a-ba1b2637456c	32748062-392a-40c0-af69-539cbf2f4102	40	{"Story points are not set","Acceptance criterion \\"Given I am viewing the backlog, when Stories are displayed, then Stories should be sorted by priority (highest first) by default, with an o\\" is not covered by any task","Acceptance criterion \\"Given I am a Sponsor or Product Owner viewing the backlog, when I look at a story, then I should see a priority field with options: Critica\\" is not covered by any task","Acceptance criterion \\"Given I am a Sponsor or Product Owner with a story selected, when I set or update the priority/weight of the story, then The story should b\\" is not covered by any task","Acceptance criterion \\"Given I am a Contributor (dev/qa role), when I view stories or tasks, then I can see the priority but cannot change it, ensuring only Spons\\" is not covered by any task","Acceptance criterion \\"Given The sprint planner is selecting stories for a new sprint, when Multiple ready stories are available and exceed sprint capacity, then \\" is not covered by any task","Story has no implementation tasks"}	c69fa65c-a116-4f3a-bd63-a990b8a1acff	Story is not ready yet. Address the following 7 item(s) to improve readiness.	{"Estimate the story (1-8 points) to support sprint planning","Create tasks that explicitly reference each acceptance criterion","Break the story into contributor-sized tasks covering the acceptance criteria"}
e8227ec6-a1c5-4424-9ecb-3a3fb4f5723a	c14ac649-d99f-4fe6-afd2-3831b7da773a	40	{"Story points are not set","Story must have at least one acceptance criterion","Story has no implementation tasks"}	c69fa65c-a116-4f3a-bd63-a990b8a1acff	Story is not ready yet. Address the following 3 item(s) to improve readiness.	{"Estimate the story (1-8 points) to support sprint planning","Add at least three acceptance criteria that capture Given/When/Then","Break the story into contributor-sized tasks covering the acceptance criteria"}
44b46469-d621-449e-ad94-f91eed661a57	5bb8df3a-6e07-4872-a43d-2fd8f6ad5b57	100	{}	c69fa65c-a116-4f3a-bd63-a990b8a1acff	Story meets the readiness bar and can be scheduled for a sprint.	{"Verify dependencies and add the story to the upcoming sprint."}
2b2526e6-3ab2-4c85-8b7e-06855ab16a61	5bb8df3a-6e07-4872-a43d-2fd8f6ad5b57	100	{}	c69fa65c-a116-4f3a-bd63-a990b8a1acff	Story meets the readiness bar and can be scheduled for a sprint.	{"Verify dependencies and add the story to the upcoming sprint."}
fa4f0dfc-a777-4220-9f73-52568d7bddd1	fbdb370a-ba81-4022-896a-3d05e87d1dc6	45	{"Story points are not set","Story only has 1 acceptance criteria; aim for at least 3","Acceptance criterion \\"Given Stories or tasks change, when the event bus publishes backlog updates, then projections for sprint board, backlog, and readiness view\\" is not covered by any task"}	c69fa65c-a116-4f3a-bd63-a990b8a1acff	Story is not ready yet. Address the following 3 item(s) to improve readiness.	{"Estimate the story (1-8 points) to support sprint planning","Work with the product owner to define additional acceptance criteria","Create tasks that explicitly reference each acceptance criterion","Add a task covering automated or acceptance tests so criteria can be validated","Consider adding a task to capture before/after metrics or monitor impact"}
f1e72b04-3fa2-4c30-91f2-e827ba16cb59	c3b352a6-8dd3-4ad6-8197-219ad93cb28a	70	{"Story title does not describe a user persona, desired action, and outcome","Story points are not set"}	c69fa65c-a116-4f3a-bd63-a990b8a1acff	Story is not ready yet. Address the following 2 item(s) to improve readiness.	{"Reframe the title like 'As a <persona>, I want <action> so that <outcome>' to emphasise user value","Estimate the story (1-8 points) to support sprint planning","Consider adding a task to capture before/after metrics or monitor impact"}
74e66af5-3412-4e59-9f87-04774ceaccd1	c3b352a6-8dd3-4ad6-8197-219ad93cb28a	70	{"Story title does not describe a user persona, desired action, and outcome","Story points are not set"}	c69fa65c-a116-4f3a-bd63-a990b8a1acff	Story is not ready yet. Address the following 2 item(s) to improve readiness.	{"Reframe the title like 'As a <persona>, I want <action> so that <outcome>' to emphasise user value","Estimate the story (1-8 points) to support sprint planning","Consider adding a task to capture before/after metrics or monitor impact"}
8ae1b87e-961a-4283-b460-467bcec8faeb	c3b352a6-8dd3-4ad6-8197-219ad93cb28a	70	{"Story title does not describe a user persona, desired action, and outcome","Story points are not set"}	c69fa65c-a116-4f3a-bd63-a990b8a1acff	Story is not ready yet. Address the following 2 item(s) to improve readiness.	{"Reframe the title like 'As a <persona>, I want <action> so that <outcome>' to emphasise user value","Estimate the story (1-8 points) to support sprint planning","Consider adding a task to capture before/after metrics or monitor impact"}
ac2f5d67-080d-4e97-8c72-584ae327e132	c3b352a6-8dd3-4ad6-8197-219ad93cb28a	70	{"Story title does not describe a user persona, desired action, and outcome","Story points are not set"}	c69fa65c-a116-4f3a-bd63-a990b8a1acff	Story is not ready yet. Address the following 2 item(s) to improve readiness.	{"Reframe the title like 'As a <persona>, I want <action> so that <outcome>' to emphasise user value","Estimate the story (1-8 points) to support sprint planning","Consider adding a task to capture before/after metrics or monitor impact"}
6f8397fd-b2e3-4c1f-bb0f-2bc9430e6787	a8a8bba1-61d3-4d74-8f93-f3ca6328b114	100	{}	c69fa65c-a116-4f3a-bd63-a990b8a1acff	Story meets the readiness bar and can be scheduled for a sprint.	{"Consider adding a task to capture before/after metrics or monitor impact"}
c5503b67-3001-46fe-aba2-4f1a8d5893e3	c3b352a6-8dd3-4ad6-8197-219ad93cb28a	100	{}	c69fa65c-a116-4f3a-bd63-a990b8a1acff	Story meets the readiness bar and can be scheduled for a sprint.	{"Consider splitting large stories (>5 points) to reduce risk","Consider adding a task to capture before/after metrics or monitor impact"}
b24407a8-06be-4eae-862e-c8d4125ab3cd	c3b352a6-8dd3-4ad6-8197-219ad93cb28a	100	{}	c69fa65c-a116-4f3a-bd63-a990b8a1acff	Story meets the readiness bar and can be scheduled for a sprint.	{"Consider splitting large stories (>5 points) to reduce risk","Consider adding a task to capture before/after metrics or monitor impact"}
a625922a-c737-4ca1-9c90-dcc6ad5933c5	c0a154a2-7a11-422e-bd60-ac0de1806dd7	100	{}	c69fa65c-a116-4f3a-bd63-a990b8a1acff	Story meets the readiness bar and can be scheduled for a sprint.	{"Consider splitting large stories (>5 points) to reduce risk"}
495b889f-4529-4f60-acbd-9933c650f52f	2c40c1a7-1463-40ef-ba69-194592fc6d7e	100	{}	c69fa65c-a116-4f3a-bd63-a990b8a1acff	Story meets the readiness bar and can be scheduled for a sprint.	{"Consider splitting large stories (>5 points) to reduce risk","Add a task covering automated or acceptance tests so criteria can be validated"}
8358d195-c8fb-481d-98c5-1323a0f43a19	c0a154a2-7a11-422e-bd60-ac0de1806dd7	75	{"Acceptance criterion \\"Given I am viewing the backlog as a product owner, when A story lacks ACs, has >8 points, or is older than 30 days, then I see a visual bad\\" is not covered by any task","Acceptance criterion \\"Given I am viewing the backlog, when The page loads, then I see aggregated readiness stats (count of flagged stories, total ready points) u\\" is not covered by any task","Acceptance criterion \\"Given I am on the backlog view, when A flagged story is selected, then I receive an AI suggestion with the top remediation step and can app\\" is not covered by any task"}	c69fa65c-a116-4f3a-bd63-a990b8a1acff	Story is not ready yet. Address the following 3 item(s) to improve readiness.	{"Consider splitting large stories (>5 points) to reduce risk","Create tasks that explicitly reference each acceptance criterion"}
950b9cd7-eede-495d-a869-7e11163d6764	fbdb370a-ba81-4022-896a-3d05e87d1dc6	45	{"Story points are not set","Story only has 1 acceptance criteria; aim for at least 3","Acceptance criterion \\"Given Stories or tasks change, when the event bus publishes backlog updates, then projections for sprint board, backlog, and readiness view\\" is not covered by any task"}	c69fa65c-a116-4f3a-bd63-a990b8a1acff	Story is not ready yet. Address the following 3 item(s) to improve readiness.	{"Estimate the story (1-8 points) to support sprint planning","Work with the product owner to define additional acceptance criteria","Create tasks that explicitly reference each acceptance criterion","Add a task covering automated or acceptance tests so criteria can be validated","Consider adding a task to capture before/after metrics or monitor impact"}
e36f201f-4be7-47e5-8b3b-d25a919b4cb2	c3b352a6-8dd3-4ad6-8197-219ad93cb28a	70	{"Story title does not describe a user persona, desired action, and outcome","Story points are not set"}	c69fa65c-a116-4f3a-bd63-a990b8a1acff	Story is not ready yet. Address the following 2 item(s) to improve readiness.	{"Reframe the title like 'As a <persona>, I want <action> so that <outcome>' to emphasise user value","Estimate the story (1-8 points) to support sprint planning","Consider adding a task to capture before/after metrics or monitor impact"}
58a1142b-23ff-4b03-94d4-0fb47d14bd3e	c3b352a6-8dd3-4ad6-8197-219ad93cb28a	100	{}	c69fa65c-a116-4f3a-bd63-a990b8a1acff	Story meets the readiness bar and can be scheduled for a sprint.	{"Consider splitting large stories (>5 points) to reduce risk","Consider adding a task to capture before/after metrics or monitor impact"}
55b09f2e-b4f6-4bdd-b18b-d26c0ccce9d7	32748062-392a-40c0-af69-539cbf2f4102	40	{"Story points are not set","Acceptance criterion \\"Given The sprint planner is selecting stories for a new sprint, when Multiple ready stories are available and exceed sprint capacity, then \\" is not covered by any task","Acceptance criterion \\"Given I am a Sponsor or Product Owner viewing the backlog, when I look at a story, then I should see a priority field with options: Critica\\" is not covered by any task","Acceptance criterion \\"Given I am a Contributor (dev/qa role), when I view stories or tasks, then I can see the priority but cannot change it, ensuring only Spons\\" is not covered by any task","Acceptance criterion \\"Given I am viewing the backlog, when Stories are displayed, then Stories should be sorted by priority (highest first) by default, with an o\\" is not covered by any task","Acceptance criterion \\"Given I am a Sponsor or Product Owner with a story selected, when I set or update the priority/weight of the story, then The story should b\\" is not covered by any task","Story has no implementation tasks"}	c69fa65c-a116-4f3a-bd63-a990b8a1acff	Story is not ready yet. Address the following 7 item(s) to improve readiness.	{"Estimate the story (1-8 points) to support sprint planning","Create tasks that explicitly reference each acceptance criterion","Break the story into contributor-sized tasks covering the acceptance criteria"}
ab5bf0d6-eee8-47ff-bef6-c65160370c64	fbdb370a-ba81-4022-896a-3d05e87d1dc6	70	{"Story points are not set","Story only has 1 acceptance criteria; aim for at least 3"}	c69fa65c-a116-4f3a-bd63-a990b8a1acff	Story is not ready yet. Address the following 2 item(s) to improve readiness.	{"Estimate the story (1-8 points) to support sprint planning","Work with the product owner to define additional acceptance criteria","Add a task covering automated or acceptance tests so criteria can be validated","Consider adding a task to capture before/after metrics or monitor impact"}
4b096b71-f7c5-4eae-8ac0-a9282a974a04	c0a154a2-7a11-422e-bd60-ac0de1806dd7	100	{}	c69fa65c-a116-4f3a-bd63-a990b8a1acff	Story meets the readiness bar and can be scheduled for a sprint.	{"Consider splitting large stories (>5 points) to reduce risk"}
03945eac-449a-4816-9c53-6565d87512b3	fbdb370a-ba81-4022-896a-3d05e87d1dc6	45	{"Story points are not set","Story only has 1 acceptance criteria; aim for at least 3","Acceptance criterion \\"Given Stories or tasks change, when the event bus publishes backlog updates, then projections for sprint board, backlog, and readiness view\\" is not covered by any task"}	c69fa65c-a116-4f3a-bd63-a990b8a1acff	Story is not ready yet. Address the following 3 item(s) to improve readiness.	{"Estimate the story (1-8 points) to support sprint planning","Work with the product owner to define additional acceptance criteria","Create tasks that explicitly reference each acceptance criterion","Add a task covering automated or acceptance tests so criteria can be validated","Consider adding a task to capture before/after metrics or monitor impact"}
e024c968-96be-4601-9832-2ebe9659c95b	c3b352a6-8dd3-4ad6-8197-219ad93cb28a	75	{"Story title does not describe a user persona, desired action, and outcome","Story description is missing"}	c69fa65c-a116-4f3a-bd63-a990b8a1acff	Story is not ready yet. Address the following 2 item(s) to improve readiness.	{"Reframe the title like 'As a <persona>, I want <action> so that <outcome>' to emphasise user value","Provide a concise description that explains the need and desired outcome","Consider splitting large stories (>5 points) to reduce risk","Consider adding a task to capture before/after metrics or monitor impact"}
4202ec8e-0d4a-411b-862f-0afa41e38e08	32748062-392a-40c0-af69-539cbf2f4102	40	{"Story points are not set","Acceptance criterion \\"Given I am a Sponsor or Product Owner viewing the backlog, when I look at a story, then I should see a priority field with options: Critica\\" is not covered by any task","Acceptance criterion \\"Given The sprint planner is selecting stories for a new sprint, when Multiple ready stories are available and exceed sprint capacity, then \\" is not covered by any task","Acceptance criterion \\"Given I am viewing the backlog, when Stories are displayed, then Stories should be sorted by priority (highest first) by default, with an o\\" is not covered by any task","Acceptance criterion \\"Given I am a Contributor (dev/qa role), when I view stories or tasks, then I can see the priority but cannot change it, ensuring only Spons\\" is not covered by any task","Acceptance criterion \\"Given I am a Sponsor or Product Owner with a story selected, when I set or update the priority/weight of the story, then The story should b\\" is not covered by any task","Story has no implementation tasks"}	c69fa65c-a116-4f3a-bd63-a990b8a1acff	Story is not ready yet. Address the following 7 item(s) to improve readiness.	{"Estimate the story (1-8 points) to support sprint planning","Create tasks that explicitly reference each acceptance criterion","Break the story into contributor-sized tasks covering the acceptance criteria"}
e7148409-cd6a-4371-848e-1c1b18b8edd0	32748062-392a-40c0-af69-539cbf2f4102	40	{"Story points are not set","Acceptance criterion \\"Given I am a Sponsor or Product Owner with a story selected, when I set or update the priority/weight of the story, then The story should b\\" is not covered by any task","Acceptance criterion \\"Given The sprint planner is selecting stories for a new sprint, when Multiple ready stories are available and exceed sprint capacity, then \\" is not covered by any task","Acceptance criterion \\"Given I am a Sponsor or Product Owner viewing the backlog, when I look at a story, then I should see a priority field with options: Critica\\" is not covered by any task","Acceptance criterion \\"Given I am viewing the backlog, when Stories are displayed, then Stories should be sorted by priority (highest first) by default, with an o\\" is not covered by any task","Acceptance criterion \\"Given I am a Contributor (dev/qa role), when I view stories or tasks, then I can see the priority but cannot change it, ensuring only Spons\\" is not covered by any task","Story has no implementation tasks"}	c69fa65c-a116-4f3a-bd63-a990b8a1acff	Story is not ready yet. Address the following 7 item(s) to improve readiness.	{"Estimate the story (1-8 points) to support sprint planning","Create tasks that explicitly reference each acceptance criterion","Break the story into contributor-sized tasks covering the acceptance criteria"}
d946ec78-7c04-4ff6-92b5-6e4c038e3e17	5bb8df3a-6e07-4872-a43d-2fd8f6ad5b57	100	{}	c69fa65c-a116-4f3a-bd63-a990b8a1acff	Story meets the readiness bar and can be scheduled for a sprint.	{"Verify dependencies and add the story to the upcoming sprint."}
3a48a6ab-04d5-466b-87b2-46b5432d7064	5bb8df3a-6e07-4872-a43d-2fd8f6ad5b57	100	{}	c69fa65c-a116-4f3a-bd63-a990b8a1acff	Story meets the readiness bar and can be scheduled for a sprint.	{"Verify dependencies and add the story to the upcoming sprint."}
628c8d88-7bb1-41bc-8379-c843af1334e4	5bb8df3a-6e07-4872-a43d-2fd8f6ad5b57	75	{"Acceptance criterion \\"Given I have no assigned tasks and there are no ready stories, when I view the dashboard, then I see an AI-generated suggestion for a meani\\" is not covered by any task","Acceptance criterion \\"Given I am a developer loading the dashboard, when The dashboard renders my next actions, then The key widgets render within 2 seconds and \\" is not covered by any task","Acceptance criterion \\"Given I am a signed-in developer with assigned tasks, when I load the dashboard, then I see the top three in-progress or ready tasks with s\\" is not covered by any task","Acceptance criterion \\"Given I am a developer with no assigned tasks but sprint stories need attention, when I load the dashboard, then I see a recommended task f\\" is not covered by any task"}	c69fa65c-a116-4f3a-bd63-a990b8a1acff	Story is not ready yet. Address the following 4 item(s) to improve readiness.	{"Create tasks that explicitly reference each acceptance criterion"}
e2a93a7e-df2c-4f20-9dc7-e459b84370c4	c14ac649-d99f-4fe6-afd2-3831b7da773a	40	{"Story points are not set","Story must have at least one acceptance criterion","Story has no implementation tasks"}	c69fa65c-a116-4f3a-bd63-a990b8a1acff	Story is not ready yet. Address the following 3 item(s) to improve readiness.	{"Estimate the story (1-8 points) to support sprint planning","Add at least three acceptance criteria that capture Given/When/Then","Break the story into contributor-sized tasks covering the acceptance criteria"}
843a9190-369d-47af-a734-af7147cef870	c3b352a6-8dd3-4ad6-8197-219ad93cb28a	75	{"Story title does not describe a user persona, desired action, and outcome","Story description is missing"}	c69fa65c-a116-4f3a-bd63-a990b8a1acff	Story is not ready yet. Address the following 2 item(s) to improve readiness.	{"Reframe the title like 'As a <persona>, I want <action> so that <outcome>' to emphasise user value","Provide a concise description that explains the need and desired outcome","Consider splitting large stories (>5 points) to reduce risk","Consider adding a task to capture before/after metrics or monitor impact"}
fdd9a02d-19f9-4396-bda6-0a55aa6ab015	4f35d451-9ec7-4a20-97f4-83b59f2aa5da	25	{"Story title does not describe a user persona, desired action, and outcome","Story points are not set","Acceptance criterion \\"Given A task is missing acceptance criteria references, when The analysis evaluates the task, then The system should recommend linking to s\\" is not covered by any task","Acceptance criterion \\"Given I select a task to enhance, when I request AI-assisted task enrichment, then The system should use LLM to generate detailed task desc\\" is not covered by any task","Acceptance criterion \\"Given A task description lacks specific technical details, when The analysis evaluates the task, then The system should recommend adding: f\\" is not covered by any task","Acceptance criterion \\"Given I am viewing a task in the backlog, when The task readiness analysis runs, then I should see a clarity score indicating how well-defi\\" is not covered by any task","Acceptance criterion \\"Given A task has vague or ambiguous language, when The analysis evaluates the task, then The system should flag terms like implement, creat\\" is not covered by any task","Acceptance criterion \\"Given A task is analyzed for AI agent compatibility, when The readiness check runs, then The system should evaluate if the task includes: c\\" is not covered by any task","Acceptance criterion \\"Given A task analysis is complete, when I view the recommendations, then I should see examples of well-defined tasks from the same project \\" is not covered by any task","Story has no implementation tasks"}	c69fa65c-a116-4f3a-bd63-a990b8a1acff	Story is not ready yet. Address the following 10 item(s) to improve readiness.	{"Reframe the title like 'As a <persona>, I want <action> so that <outcome>' to emphasise user value","Estimate the story (1-8 points) to support sprint planning","Create tasks that explicitly reference each acceptance criterion","Break the story into contributor-sized tasks covering the acceptance criteria"}
f10d7d86-fb9d-43ff-91c2-24027eae9322	c0a154a2-7a11-422e-bd60-ac0de1806dd7	100	{}	c69fa65c-a116-4f3a-bd63-a990b8a1acff	Story meets the readiness bar and can be scheduled for a sprint.	{"Consider splitting large stories (>5 points) to reduce risk"}
10ccf7bb-abd4-4ced-82f4-b519f3049742	fbdb370a-ba81-4022-896a-3d05e87d1dc6	70	{"Story points are not set","Story only has 1 acceptance criteria; aim for at least 3"}	c69fa65c-a116-4f3a-bd63-a990b8a1acff	Story is not ready yet. Address the following 2 item(s) to improve readiness.	{"Estimate the story (1-8 points) to support sprint planning","Work with the product owner to define additional acceptance criteria","Add a task covering automated or acceptance tests so criteria can be validated","Consider adding a task to capture before/after metrics or monitor impact"}
dd0f7621-027b-42c3-a82d-3d08df05e0d2	c14ac649-d99f-4fe6-afd2-3831b7da773a	40	{"Story points are not set","Story must have at least one acceptance criterion","Story has no implementation tasks"}	c69fa65c-a116-4f3a-bd63-a990b8a1acff	Story is not ready yet. Address the following 3 item(s) to improve readiness.	{"Estimate the story (1-8 points) to support sprint planning","Add at least three acceptance criteria that capture Given/When/Then","Break the story into contributor-sized tasks covering the acceptance criteria"}
b574548f-cc29-470f-91ab-20c9d99f63a6	5bb8df3a-6e07-4872-a43d-2fd8f6ad5b57	100	{}	c69fa65c-a116-4f3a-bd63-a990b8a1acff	Story meets the readiness bar and can be scheduled for a sprint.	{"Verify dependencies and add the story to the upcoming sprint."}
58559ae3-e1f8-4af9-8adb-6d13998747cd	c14ac649-d99f-4fe6-afd2-3831b7da773a	40	{"Story points are not set","Story must have at least one acceptance criterion","Story has no implementation tasks"}	c69fa65c-a116-4f3a-bd63-a990b8a1acff	Story is not ready yet. Address the following 3 item(s) to improve readiness.	{"Estimate the story (1-8 points) to support sprint planning","Add at least three acceptance criteria that capture Given/When/Then","Break the story into contributor-sized tasks covering the acceptance criteria"}
8fd40fbb-64da-4c29-a582-f813f880eeab	fbdb370a-ba81-4022-896a-3d05e87d1dc6	70	{"Story points are not set","Story only has 1 acceptance criteria; aim for at least 3"}	c69fa65c-a116-4f3a-bd63-a990b8a1acff	Story is not ready yet. Address the following 2 item(s) to improve readiness.	{"Estimate the story (1-8 points) to support sprint planning","Work with the product owner to define additional acceptance criteria","Add a task covering automated or acceptance tests so criteria can be validated","Consider adding a task to capture before/after metrics or monitor impact"}
98002399-d3f5-4fbf-b9c3-4e8a3730cb54	c14ac649-d99f-4fe6-afd2-3831b7da773a	40	{"Story points are not set","Story must have at least one acceptance criterion","Story has no implementation tasks"}	c69fa65c-a116-4f3a-bd63-a990b8a1acff	Story is not ready yet. Address the following 3 item(s) to improve readiness.	{"Estimate the story (1-8 points) to support sprint planning","Add at least three acceptance criteria that capture Given/When/Then","Break the story into contributor-sized tasks covering the acceptance criteria"}
c9221dd7-512c-4425-b963-a7278cdb3fde	fbdb370a-ba81-4022-896a-3d05e87d1dc6	70	{"Story points are not set","Story only has 1 acceptance criteria; aim for at least 3"}	c69fa65c-a116-4f3a-bd63-a990b8a1acff	Story is not ready yet. Address the following 2 item(s) to improve readiness.	{"Estimate the story (1-8 points) to support sprint planning","Work with the product owner to define additional acceptance criteria","Add a task covering automated or acceptance tests so criteria can be validated","Consider adding a task to capture before/after metrics or monitor impact"}
8eec1657-0d7d-402f-87e8-5cd60c83b78d	5bb8df3a-6e07-4872-a43d-2fd8f6ad5b57	100	{}	c69fa65c-a116-4f3a-bd63-a990b8a1acff	Story meets the readiness bar and can be scheduled for a sprint.	{"Verify dependencies and add the story to the upcoming sprint."}
7d4c8ff3-e6b4-4048-84b9-3d6a3c3108b2	c0a154a2-7a11-422e-bd60-ac0de1806dd7	75	{"Acceptance criterion \\"Given I am viewing the backlog as a product owner, when A story lacks ACs, has >8 points, or is older than 30 days, then I see a visual bad\\" is not covered by any task","Acceptance criterion \\"Given I am on the backlog view, when A flagged story is selected, then I receive an AI suggestion with the top remediation step and can app\\" is not covered by any task","Acceptance criterion \\"Given I am viewing the backlog, when The page loads, then I see aggregated readiness stats (count of flagged stories, total ready points) u\\" is not covered by any task"}	c69fa65c-a116-4f3a-bd63-a990b8a1acff	Story is not ready yet. Address the following 3 item(s) to improve readiness.	{"Consider splitting large stories (>5 points) to reduce risk","Create tasks that explicitly reference each acceptance criterion"}
dcc6e19a-709f-421e-aaa2-0f3ca1692725	c3b352a6-8dd3-4ad6-8197-219ad93cb28a	75	{"Story title does not describe a user persona, desired action, and outcome","Story description is missing"}	c69fa65c-a116-4f3a-bd63-a990b8a1acff	Story is not ready yet. Address the following 2 item(s) to improve readiness.	{"Reframe the title like 'As a <persona>, I want <action> so that <outcome>' to emphasise user value","Provide a concise description that explains the need and desired outcome","Consider splitting large stories (>5 points) to reduce risk","Consider adding a task to capture before/after metrics or monitor impact"}
1e43b6f4-7c68-48b6-8a48-1a2e216f3bc2	4f35d451-9ec7-4a20-97f4-83b59f2aa5da	25	{"Story title does not describe a user persona, desired action, and outcome","Story points are not set","Acceptance criterion \\"Given A task is analyzed for AI agent compatibility, when The readiness check runs, then The system should evaluate if the task includes: c\\" is not covered by any task","Acceptance criterion \\"Given A task description lacks specific technical details, when The analysis evaluates the task, then The system should recommend adding: f\\" is not covered by any task","Acceptance criterion \\"Given A task has vague or ambiguous language, when The analysis evaluates the task, then The system should flag terms like implement, creat\\" is not covered by any task","Acceptance criterion \\"Given I am viewing a task in the backlog, when The task readiness analysis runs, then I should see a clarity score indicating how well-defi\\" is not covered by any task","Acceptance criterion \\"Given A task is missing acceptance criteria references, when The analysis evaluates the task, then The system should recommend linking to s\\" is not covered by any task","Acceptance criterion \\"Given I select a task to enhance, when I request AI-assisted task enrichment, then The system should use LLM to generate detailed task desc\\" is not covered by any task","Acceptance criterion \\"Given A task analysis is complete, when I view the recommendations, then I should see examples of well-defined tasks from the same project \\" is not covered by any task","Story has no implementation tasks"}	c69fa65c-a116-4f3a-bd63-a990b8a1acff	Story is not ready yet. Address the following 10 item(s) to improve readiness.	{"Reframe the title like 'As a <persona>, I want <action> so that <outcome>' to emphasise user value","Estimate the story (1-8 points) to support sprint planning","Create tasks that explicitly reference each acceptance criterion","Break the story into contributor-sized tasks covering the acceptance criteria"}
e043f4d3-9aa3-4985-b923-5129ce1b434a	2c40c1a7-1463-40ef-ba69-194592fc6d7e	100	{}	c69fa65c-a116-4f3a-bd63-a990b8a1acff	Story meets the readiness bar and can be scheduled for a sprint.	{"Consider splitting large stories (>5 points) to reduce risk","Add a task covering automated or acceptance tests so criteria can be validated"}
24bbdd8b-db78-41f4-a367-d863596aba78	5bb8df3a-6e07-4872-a43d-2fd8f6ad5b57	100	{}	c69fa65c-a116-4f3a-bd63-a990b8a1acff	Story meets the readiness bar and can be scheduled for a sprint.	{"Verify dependencies and add the story to the upcoming sprint."}
34085ff4-281e-4869-ad84-c8fa498b2891	5bb8df3a-6e07-4872-a43d-2fd8f6ad5b57	75	{"Acceptance criterion \\"Given I have no assigned tasks and there are no ready stories, when I view the dashboard, then I see an AI-generated suggestion for a meani\\" is not covered by any task","Acceptance criterion \\"Given I am a developer loading the dashboard, when The dashboard renders my next actions, then The key widgets render within 2 seconds and \\" is not covered by any task","Acceptance criterion \\"Given I am a developer with no assigned tasks but sprint stories need attention, when I load the dashboard, then I see a recommended task f\\" is not covered by any task","Acceptance criterion \\"Given I am a signed-in developer with assigned tasks, when I load the dashboard, then I see the top three in-progress or ready tasks with s\\" is not covered by any task"}	c69fa65c-a116-4f3a-bd63-a990b8a1acff	Story is not ready yet. Address the following 4 item(s) to improve readiness.	{"Create tasks that explicitly reference each acceptance criterion"}
f1d4908b-3eda-44f1-aaf3-d2d8583b5960	5bb8df3a-6e07-4872-a43d-2fd8f6ad5b57	75	{"Acceptance criterion \\"Given I have no assigned tasks and there are no ready stories, when I view the dashboard, then I see an AI-generated suggestion for a meani\\" is not covered by any task","Acceptance criterion \\"Given I am a signed-in developer with assigned tasks, when I load the dashboard, then I see the top three in-progress or ready tasks with s\\" is not covered by any task","Acceptance criterion \\"Given I am a developer with no assigned tasks but sprint stories need attention, when I load the dashboard, then I see a recommended task f\\" is not covered by any task","Acceptance criterion \\"Given I am a developer loading the dashboard, when The dashboard renders my next actions, then The key widgets render within 2 seconds and \\" is not covered by any task"}	c69fa65c-a116-4f3a-bd63-a990b8a1acff	Story is not ready yet. Address the following 4 item(s) to improve readiness.	{"Create tasks that explicitly reference each acceptance criterion"}
ab0eb645-1e41-4c09-93b0-1deab72dccbf	5bb8df3a-6e07-4872-a43d-2fd8f6ad5b57	75	{"Acceptance criterion \\"Given I have no assigned tasks and there are no ready stories, when I view the dashboard, then I see an AI-generated suggestion for a meani\\" is not covered by any task","Acceptance criterion \\"Given I am a signed-in developer with assigned tasks, when I load the dashboard, then I see the top three in-progress or ready tasks with s\\" is not covered by any task","Acceptance criterion \\"Given I am a developer with no assigned tasks but sprint stories need attention, when I load the dashboard, then I see a recommended task f\\" is not covered by any task","Acceptance criterion \\"Given I am a developer loading the dashboard, when The dashboard renders my next actions, then The key widgets render within 2 seconds and \\" is not covered by any task"}	c69fa65c-a116-4f3a-bd63-a990b8a1acff	Story is not ready yet. Address the following 4 item(s) to improve readiness.	{"Create tasks that explicitly reference each acceptance criterion"}
6ac35dc7-c4b5-4c2e-b54b-88d426d089c0	2c40c1a7-1463-40ef-ba69-194592fc6d7e	75	{"Acceptance criterion \\"Given Tasks in the sprint are blocked, when I open the sprint spotlight, then I see a list of blockers with owners and an action to escalat\\" is not covered by any task","Acceptance criterion \\"Given Committed story points exceed 80% of capacity, when I view the sprint spotlight, then I see a warning badge prompting me to review sc\\" is not covered by any task","Acceptance criterion \\"Given There is an active sprint, when I open the project dashboard, then I see the sprint name, goal, and countdown in days\\" is not covered by any task","Acceptance criterion \\"Given Committed story points exceed 80% of capacity, when I view the sprint spotlight, then I see a warning badge prompting me to review sc\\" is not covered by any task"}	c69fa65c-a116-4f3a-bd63-a990b8a1acff	Story is not ready yet. Address the following 4 item(s) to improve readiness.	{"Consider splitting large stories (>5 points) to reduce risk","Create tasks that explicitly reference each acceptance criterion","Add a task covering automated or acceptance tests so criteria can be validated"}
209b4d00-a7fc-4846-8f76-38ccc417aebe	c3b352a6-8dd3-4ad6-8197-219ad93cb28a	75	{"Story title does not describe a user persona, desired action, and outcome","Story description is missing"}	c69fa65c-a116-4f3a-bd63-a990b8a1acff	Story is not ready yet. Address the following 2 item(s) to improve readiness.	{"Reframe the title like 'As a <persona>, I want <action> so that <outcome>' to emphasise user value","Provide a concise description that explains the need and desired outcome","Consider splitting large stories (>5 points) to reduce risk","Consider adding a task to capture before/after metrics or monitor impact"}
a339f849-fad0-46ad-8611-44035f2f9257	4f35d451-9ec7-4a20-97f4-83b59f2aa5da	25	{"Story title does not describe a user persona, desired action, and outcome","Story points are not set","Acceptance criterion \\"Given I select a task to enhance, when I request AI-assisted task enrichment, then The system should use LLM to generate detailed task desc\\" is not covered by any task","Acceptance criterion \\"Given A task is missing acceptance criteria references, when The analysis evaluates the task, then The system should recommend linking to s\\" is not covered by any task","Acceptance criterion \\"Given A task analysis is complete, when I view the recommendations, then I should see examples of well-defined tasks from the same project \\" is not covered by any task","Acceptance criterion \\"Given I am viewing a task in the backlog, when The task readiness analysis runs, then I should see a clarity score indicating how well-defi\\" is not covered by any task","Acceptance criterion \\"Given A task has vague or ambiguous language, when The analysis evaluates the task, then The system should flag terms like implement, creat\\" is not covered by any task","Acceptance criterion \\"Given A task is analyzed for AI agent compatibility, when The readiness check runs, then The system should evaluate if the task includes: c\\" is not covered by any task","Acceptance criterion \\"Given A task description lacks specific technical details, when The analysis evaluates the task, then The system should recommend adding: f\\" is not covered by any task","Story has no implementation tasks"}	c69fa65c-a116-4f3a-bd63-a990b8a1acff	Story is not ready yet. Address the following 10 item(s) to improve readiness.	{"Reframe the title like 'As a <persona>, I want <action> so that <outcome>' to emphasise user value","Estimate the story (1-8 points) to support sprint planning","Create tasks that explicitly reference each acceptance criterion","Break the story into contributor-sized tasks covering the acceptance criteria"}
facfc25e-2a6f-4a90-b390-9d5f3e4a8487	c0a154a2-7a11-422e-bd60-ac0de1806dd7	100	{}	c69fa65c-a116-4f3a-bd63-a990b8a1acff	Story meets the readiness bar and can be scheduled for a sprint.	{"Consider splitting large stories (>5 points) to reduce risk"}
3969df80-3f48-4d1f-84db-d0f0baa8b41f	fbdb370a-ba81-4022-896a-3d05e87d1dc6	70	{"Story points are not set","Story only has 1 acceptance criteria; aim for at least 3"}	c69fa65c-a116-4f3a-bd63-a990b8a1acff	Story is not ready yet. Address the following 2 item(s) to improve readiness.	{"Estimate the story (1-8 points) to support sprint planning","Work with the product owner to define additional acceptance criteria","Add a task covering automated or acceptance tests so criteria can be validated","Consider adding a task to capture before/after metrics or monitor impact"}
875e52b8-34b2-4f5b-96b2-a1207649e6dd	5bb8df3a-6e07-4872-a43d-2fd8f6ad5b57	100	{}	c69fa65c-a116-4f3a-bd63-a990b8a1acff	Story meets the readiness bar and can be scheduled for a sprint.	{"Verify dependencies and add the story to the upcoming sprint."}
d6778467-7def-4f05-a264-6f1c41c16750	2c40c1a7-1463-40ef-ba69-194592fc6d7e	100	{}	c69fa65c-a116-4f3a-bd63-a990b8a1acff	Story meets the readiness bar and can be scheduled for a sprint.	{"Consider splitting large stories (>5 points) to reduce risk","Add a task covering automated or acceptance tests so criteria can be validated"}
c28ef9b5-b36d-4750-a82b-25635cc9425d	2c40c1a7-1463-40ef-ba69-194592fc6d7e	100	{}	c69fa65c-a116-4f3a-bd63-a990b8a1acff	Story meets the readiness bar and can be scheduled for a sprint.	{"Consider splitting large stories (>5 points) to reduce risk","Add a task covering automated or acceptance tests so criteria can be validated"}
18db313b-21ac-4cd4-b1b9-a5a23d77d435	5bb8df3a-6e07-4872-a43d-2fd8f6ad5b57	100	{}	c69fa65c-a116-4f3a-bd63-a990b8a1acff	Story meets the readiness bar and can be scheduled for a sprint.	{"Verify dependencies and add the story to the upcoming sprint."}
afdc9ef4-f4f3-464f-99f6-21bf570c5b08	5bb8df3a-6e07-4872-a43d-2fd8f6ad5b57	75	{"Acceptance criterion \\"Given I am a developer loading the dashboard, when The dashboard renders my next actions, then The key widgets render within 2 seconds and \\" is not covered by any task","Acceptance criterion \\"Given I have no assigned tasks and there are no ready stories, when I view the dashboard, then I see an AI-generated suggestion for a meani\\" is not covered by any task","Acceptance criterion \\"Given I am a developer with no assigned tasks but sprint stories need attention, when I load the dashboard, then I see a recommended task f\\" is not covered by any task","Acceptance criterion \\"Given I am a signed-in developer with assigned tasks, when I load the dashboard, then I see the top three in-progress or ready tasks with s\\" is not covered by any task"}	c69fa65c-a116-4f3a-bd63-a990b8a1acff	Story is not ready yet. Address the following 4 item(s) to improve readiness.	{"Create tasks that explicitly reference each acceptance criterion"}
700ed739-9905-43c6-9623-27c138bf8ee2	5bb8df3a-6e07-4872-a43d-2fd8f6ad5b57	75	{"Acceptance criterion \\"Given I am a signed-in developer with assigned tasks, when I load the dashboard, then I see the top three in-progress or ready tasks with s\\" is not covered by any task","Acceptance criterion \\"Given I have no assigned tasks and there are no ready stories, when I view the dashboard, then I see an AI-generated suggestion for a meani\\" is not covered by any task","Acceptance criterion \\"Given I am a developer with no assigned tasks but sprint stories need attention, when I load the dashboard, then I see a recommended task f\\" is not covered by any task","Acceptance criterion \\"Given I am a developer loading the dashboard, when The dashboard renders my next actions, then The key widgets render within 2 seconds and \\" is not covered by any task"}	c69fa65c-a116-4f3a-bd63-a990b8a1acff	Story is not ready yet. Address the following 4 item(s) to improve readiness.	{"Create tasks that explicitly reference each acceptance criterion"}
79e01ed0-449c-41a1-8d55-0f213bde93c4	5bb8df3a-6e07-4872-a43d-2fd8f6ad5b57	75	{"Acceptance criterion \\"Given I have no assigned tasks and there are no ready stories, when I view the dashboard, then I see an AI-generated suggestion for a meani\\" is not covered by any task","Acceptance criterion \\"Given I am a developer loading the dashboard, when The dashboard renders my next actions, then The key widgets render within 2 seconds and \\" is not covered by any task","Acceptance criterion \\"Given I am a signed-in developer with assigned tasks, when I load the dashboard, then I see the top three in-progress or ready tasks with s\\" is not covered by any task","Acceptance criterion \\"Given I am a developer with no assigned tasks but sprint stories need attention, when I load the dashboard, then I see a recommended task f\\" is not covered by any task"}	c69fa65c-a116-4f3a-bd63-a990b8a1acff	Story is not ready yet. Address the following 4 item(s) to improve readiness.	{"Create tasks that explicitly reference each acceptance criterion"}
e1cdea2c-2605-459e-925a-8ad6e40ba9fc	5bb8df3a-6e07-4872-a43d-2fd8f6ad5b57	75	{"Acceptance criterion \\"Given I am a developer with no assigned tasks but sprint stories need attention, when I load the dashboard, then I see a recommended task f\\" is not covered by any task","Acceptance criterion \\"Given I am a developer loading the dashboard, when The dashboard renders my next actions, then The key widgets render within 2 seconds and \\" is not covered by any task","Acceptance criterion \\"Given I have no assigned tasks and there are no ready stories, when I view the dashboard, then I see an AI-generated suggestion for a meani\\" is not covered by any task","Acceptance criterion \\"Given I am a signed-in developer with assigned tasks, when I load the dashboard, then I see the top three in-progress or ready tasks with s\\" is not covered by any task"}	c69fa65c-a116-4f3a-bd63-a990b8a1acff	Story is not ready yet. Address the following 4 item(s) to improve readiness.	{"Create tasks that explicitly reference each acceptance criterion"}
67ead09d-d405-489d-a526-0816a4d3846a	c0a154a2-7a11-422e-bd60-ac0de1806dd7	75	{"Acceptance criterion \\"Given I am viewing the backlog, when The page loads, then I see aggregated readiness stats (count of flagged stories, total ready points) u\\" is not covered by any task","Acceptance criterion \\"Given I am on the backlog view, when A flagged story is selected, then I receive an AI suggestion with the top remediation step and can app\\" is not covered by any task","Acceptance criterion \\"Given I am viewing the backlog as a product owner, when A story lacks ACs, has >8 points, or is older than 30 days, then I see a visual bad\\" is not covered by any task"}	c69fa65c-a116-4f3a-bd63-a990b8a1acff	Story is not ready yet. Address the following 3 item(s) to improve readiness.	{"Consider splitting large stories (>5 points) to reduce risk","Create tasks that explicitly reference each acceptance criterion"}
266d310b-faba-44ed-9386-17d149bda398	c3b352a6-8dd3-4ad6-8197-219ad93cb28a	75	{"Story title does not describe a user persona, desired action, and outcome","Story description is missing"}	c69fa65c-a116-4f3a-bd63-a990b8a1acff	Story is not ready yet. Address the following 2 item(s) to improve readiness.	{"Reframe the title like 'As a <persona>, I want <action> so that <outcome>' to emphasise user value","Provide a concise description that explains the need and desired outcome","Consider splitting large stories (>5 points) to reduce risk","Consider adding a task to capture before/after metrics or monitor impact"}
7108fdc6-5898-4b44-980a-c13f8af65839	2c40c1a7-1463-40ef-ba69-194592fc6d7e	100	{}	c69fa65c-a116-4f3a-bd63-a990b8a1acff	Story meets the readiness bar and can be scheduled for a sprint.	{"Consider splitting large stories (>5 points) to reduce risk","Add a task covering automated or acceptance tests so criteria can be validated"}
87df9187-31af-435f-b3a6-ece85dd270ad	c0a154a2-7a11-422e-bd60-ac0de1806dd7	100	{}	c69fa65c-a116-4f3a-bd63-a990b8a1acff	Story meets the readiness bar and can be scheduled for a sprint.	{"Consider splitting large stories (>5 points) to reduce risk"}
b56c05f9-693e-4d22-826e-d1dc2777d5af	c0a154a2-7a11-422e-bd60-ac0de1806dd7	100	{}	c69fa65c-a116-4f3a-bd63-a990b8a1acff	Story meets the readiness bar and can be scheduled for a sprint.	{"Consider splitting large stories (>5 points) to reduce risk"}
550c5520-bb67-4f30-b5a2-ce8997e6beef	5bb8df3a-6e07-4872-a43d-2fd8f6ad5b57	75	{"Acceptance criterion \\"Given I have no assigned tasks and there are no ready stories, when I view the dashboard, then I see an AI-generated suggestion for a meani\\" is not covered by any task","Acceptance criterion \\"Given I am a developer with no assigned tasks but sprint stories need attention, when I load the dashboard, then I see a recommended task f\\" is not covered by any task","Acceptance criterion \\"Given I am a signed-in developer with assigned tasks, when I load the dashboard, then I see the top three in-progress or ready tasks with s\\" is not covered by any task","Acceptance criterion \\"Given I am a developer loading the dashboard, when The dashboard renders my next actions, then The key widgets render within 2 seconds and \\" is not covered by any task"}	c69fa65c-a116-4f3a-bd63-a990b8a1acff	Story is not ready yet. Address the following 4 item(s) to improve readiness.	{"Create tasks that explicitly reference each acceptance criterion"}
7786178b-5763-4433-b48c-2fdc333fd901	c14ac649-d99f-4fe6-afd2-3831b7da773a	40	{"Story points are not set","Story must have at least one acceptance criterion","Story has no implementation tasks"}	c69fa65c-a116-4f3a-bd63-a990b8a1acff	Story is not ready yet. Address the following 3 item(s) to improve readiness.	{"Estimate the story (1-8 points) to support sprint planning","Add at least three acceptance criteria that capture Given/When/Then","Break the story into contributor-sized tasks covering the acceptance criteria"}
a60c715c-85ee-42ab-96e8-c1de5a27338f	5bb8df3a-6e07-4872-a43d-2fd8f6ad5b57	75	{"Acceptance criterion \\"Given I am a signed-in developer with assigned tasks, when I load the dashboard, then I see the top three in-progress or ready tasks with s\\" is not covered by any task","Acceptance criterion \\"Given I am a developer loading the dashboard, when The dashboard renders my next actions, then The key widgets render within 2 seconds and \\" is not covered by any task","Acceptance criterion \\"Given I am a developer with no assigned tasks but sprint stories need attention, when I load the dashboard, then I see a recommended task f\\" is not covered by any task","Acceptance criterion \\"Given I have no assigned tasks and there are no ready stories, when I view the dashboard, then I see an AI-generated suggestion for a meani\\" is not covered by any task"}	c69fa65c-a116-4f3a-bd63-a990b8a1acff	Story is not ready yet. Address the following 4 item(s) to improve readiness.	{"Create tasks that explicitly reference each acceptance criterion"}
708b79c8-85fc-4195-916a-a415976b64cb	c3b352a6-8dd3-4ad6-8197-219ad93cb28a	75	{"Story title does not describe a user persona, desired action, and outcome","Story description is missing"}	c69fa65c-a116-4f3a-bd63-a990b8a1acff	Story is not ready yet. Address the following 2 item(s) to improve readiness.	{"Reframe the title like 'As a <persona>, I want <action> so that <outcome>' to emphasise user value","Provide a concise description that explains the need and desired outcome","Consider splitting large stories (>5 points) to reduce risk","Consider adding a task to capture before/after metrics or monitor impact"}
64e9dffd-4029-42d5-80e6-6cbebbcf0e2f	4f35d451-9ec7-4a20-97f4-83b59f2aa5da	25	{"Story title does not describe a user persona, desired action, and outcome","Story points are not set","Acceptance criterion \\"Given A task has vague or ambiguous language, when The analysis evaluates the task, then The system should flag terms like implement, creat\\" is not covered by any task","Acceptance criterion \\"Given I am viewing a task in the backlog, when The task readiness analysis runs, then I should see a clarity score indicating how well-defi\\" is not covered by any task","Acceptance criterion \\"Given A task is missing acceptance criteria references, when The analysis evaluates the task, then The system should recommend linking to s\\" is not covered by any task","Acceptance criterion \\"Given A task analysis is complete, when I view the recommendations, then I should see examples of well-defined tasks from the same project \\" is not covered by any task","Acceptance criterion \\"Given A task description lacks specific technical details, when The analysis evaluates the task, then The system should recommend adding: f\\" is not covered by any task","Acceptance criterion \\"Given A task is analyzed for AI agent compatibility, when The readiness check runs, then The system should evaluate if the task includes: c\\" is not covered by any task","Acceptance criterion \\"Given I select a task to enhance, when I request AI-assisted task enrichment, then The system should use LLM to generate detailed task desc\\" is not covered by any task","Story has no implementation tasks"}	c69fa65c-a116-4f3a-bd63-a990b8a1acff	Story is not ready yet. Address the following 10 item(s) to improve readiness.	{"Reframe the title like 'As a <persona>, I want <action> so that <outcome>' to emphasise user value","Estimate the story (1-8 points) to support sprint planning","Create tasks that explicitly reference each acceptance criterion","Break the story into contributor-sized tasks covering the acceptance criteria"}
7f05ac4d-cb02-423b-a7da-60f8ab6b871f	c14ac649-d99f-4fe6-afd2-3831b7da773a	40	{"Story points are not set","Story must have at least one acceptance criterion","Story has no implementation tasks"}	c69fa65c-a116-4f3a-bd63-a990b8a1acff	Story is not ready yet. Address the following 3 item(s) to improve readiness.	{"Estimate the story (1-8 points) to support sprint planning","Add at least three acceptance criteria that capture Given/When/Then","Break the story into contributor-sized tasks covering the acceptance criteria"}
3700bba7-2aca-423e-907f-cf3818767901	fbdb370a-ba81-4022-896a-3d05e87d1dc6	45	{"Story points are not set","Story only has 1 acceptance criteria; aim for at least 3","Acceptance criterion \\"Given Stories or tasks change, when the event bus publishes backlog updates, then projections for sprint board, backlog, and readiness view\\" is not covered by any task"}	c69fa65c-a116-4f3a-bd63-a990b8a1acff	Story is not ready yet. Address the following 3 item(s) to improve readiness.	{"Estimate the story (1-8 points) to support sprint planning","Work with the product owner to define additional acceptance criteria","Create tasks that explicitly reference each acceptance criterion","Add a task covering automated or acceptance tests so criteria can be validated","Consider adding a task to capture before/after metrics or monitor impact"}
6c3d588d-9193-41db-afb7-2d76d9c13722	c14ac649-d99f-4fe6-afd2-3831b7da773a	40	{"Story points are not set","Story must have at least one acceptance criterion","Story has no implementation tasks"}	c69fa65c-a116-4f3a-bd63-a990b8a1acff	Story is not ready yet. Address the following 3 item(s) to improve readiness.	{"Estimate the story (1-8 points) to support sprint planning","Add at least three acceptance criteria that capture Given/When/Then","Break the story into contributor-sized tasks covering the acceptance criteria"}
36815276-d034-4402-b682-a0fc0e275468	2c40c1a7-1463-40ef-ba69-194592fc6d7e	75	{"Acceptance criterion \\"Given Tasks in the sprint are blocked, when I open the sprint spotlight, then I see a list of blockers with owners and an action to escalat\\" is not covered by any task","Acceptance criterion \\"Given There is an active sprint, when I open the project dashboard, then I see the sprint name, goal, and countdown in days\\" is not covered by any task","Acceptance criterion \\"Given Committed story points exceed 80% of capacity, when I view the sprint spotlight, then I see a warning badge prompting me to review sc\\" is not covered by any task","Acceptance criterion \\"Given Committed story points exceed 80% of capacity, when I view the sprint spotlight, then I see a warning badge prompting me to review sc\\" is not covered by any task"}	c69fa65c-a116-4f3a-bd63-a990b8a1acff	Story is not ready yet. Address the following 4 item(s) to improve readiness.	{"Consider splitting large stories (>5 points) to reduce risk","Create tasks that explicitly reference each acceptance criterion","Add a task covering automated or acceptance tests so criteria can be validated"}
0aa7df43-535b-419c-86eb-c6a3fa571fc4	2c40c1a7-1463-40ef-ba69-194592fc6d7e	75	{"Acceptance criterion \\"Given Tasks in the sprint are blocked, when I open the sprint spotlight, then I see a list of blockers with owners and an action to escalat\\" is not covered by any task","Acceptance criterion \\"Given Committed story points exceed 80% of capacity, when I view the sprint spotlight, then I see a warning badge prompting me to review sc\\" is not covered by any task","Acceptance criterion \\"Given There is an active sprint, when I open the project dashboard, then I see the sprint name, goal, and countdown in days\\" is not covered by any task","Acceptance criterion \\"Given Committed story points exceed 80% of capacity, when I view the sprint spotlight, then I see a warning badge prompting me to review sc\\" is not covered by any task"}	c69fa65c-a116-4f3a-bd63-a990b8a1acff	Story is not ready yet. Address the following 4 item(s) to improve readiness.	{"Consider splitting large stories (>5 points) to reduce risk","Create tasks that explicitly reference each acceptance criterion","Add a task covering automated or acceptance tests so criteria can be validated"}
2f1b8779-2564-49e4-a358-e9e465e3eb1f	fbdb370a-ba81-4022-896a-3d05e87d1dc6	45	{"Story points are not set","Story only has 1 acceptance criteria; aim for at least 3","Acceptance criterion \\"Given Stories or tasks change, when the event bus publishes backlog updates, then projections for sprint board, backlog, and readiness view\\" is not covered by any task"}	c69fa65c-a116-4f3a-bd63-a990b8a1acff	Story is not ready yet. Address the following 3 item(s) to improve readiness.	{"Estimate the story (1-8 points) to support sprint planning","Work with the product owner to define additional acceptance criteria","Create tasks that explicitly reference each acceptance criterion","Add a task covering automated or acceptance tests so criteria can be validated","Consider adding a task to capture before/after metrics or monitor impact"}
51d09da0-de5a-4ce1-97d2-84e9ec3970bb	24e14f90-bd7b-495a-9c31-9b6ebeaf712d	25	{"Story title does not describe a user persona, desired action, and outcome","Story points are not set","Story must have at least one acceptance criterion","Story has no implementation tasks"}	c69fa65c-a116-4f3a-bd63-a990b8a1acff	Story is not ready yet. Address the following 4 item(s) to improve readiness.	{"Reframe the title like 'As a <persona>, I want <action> so that <outcome>' to emphasise user value","Estimate the story (1-8 points) to support sprint planning","Add at least three acceptance criteria that capture Given/When/Then","Break the story into contributor-sized tasks covering the acceptance criteria"}
314f4b04-e105-4b98-aae9-30936aff8651	c3b352a6-8dd3-4ad6-8197-219ad93cb28a	75	{"Story title does not describe a user persona, desired action, and outcome","Story description is missing"}	c69fa65c-a116-4f3a-bd63-a990b8a1acff	Story is not ready yet. Address the following 2 item(s) to improve readiness.	{"Reframe the title like 'As a <persona>, I want <action> so that <outcome>' to emphasise user value","Provide a concise description that explains the need and desired outcome","Consider splitting large stories (>5 points) to reduce risk","Consider adding a task to capture before/after metrics or monitor impact"}
33e61980-7883-4128-8e88-f361eb56c8be	2c40c1a7-1463-40ef-ba69-194592fc6d7e	100	{}	c69fa65c-a116-4f3a-bd63-a990b8a1acff	Story meets the readiness bar and can be scheduled for a sprint.	{"Consider splitting large stories (>5 points) to reduce risk","Add a task covering automated or acceptance tests so criteria can be validated"}
c917e6cb-42e3-46e7-9460-31b4a27753e6	c0a154a2-7a11-422e-bd60-ac0de1806dd7	75	{"Acceptance criterion \\"Given I am viewing the backlog as a product owner, when A story lacks ACs, has >8 points, or is older than 30 days, then I see a visual bad\\" is not covered by any task","Acceptance criterion \\"Given I am on the backlog view, when A flagged story is selected, then I receive an AI suggestion with the top remediation step and can app\\" is not covered by any task","Acceptance criterion \\"Given I am viewing the backlog, when The page loads, then I see aggregated readiness stats (count of flagged stories, total ready points) u\\" is not covered by any task"}	c69fa65c-a116-4f3a-bd63-a990b8a1acff	Story is not ready yet. Address the following 3 item(s) to improve readiness.	{"Consider splitting large stories (>5 points) to reduce risk","Create tasks that explicitly reference each acceptance criterion"}
09eb3302-278f-4611-a6fe-3714a524eb68	5bb8df3a-6e07-4872-a43d-2fd8f6ad5b57	75	{"Acceptance criterion \\"Given I am a signed-in developer with assigned tasks, when I load the dashboard, then I see the top three in-progress or ready tasks with s\\" is not covered by any task","Acceptance criterion \\"Given I have no assigned tasks and there are no ready stories, when I view the dashboard, then I see an AI-generated suggestion for a meani\\" is not covered by any task","Acceptance criterion \\"Given I am a developer with no assigned tasks but sprint stories need attention, when I load the dashboard, then I see a recommended task f\\" is not covered by any task","Acceptance criterion \\"Given I am a developer loading the dashboard, when The dashboard renders my next actions, then The key widgets render within 2 seconds and \\" is not covered by any task"}	c69fa65c-a116-4f3a-bd63-a990b8a1acff	Story is not ready yet. Address the following 4 item(s) to improve readiness.	{"Create tasks that explicitly reference each acceptance criterion"}
c38244c3-0776-48f0-91d9-5f270da6f042	5bb8df3a-6e07-4872-a43d-2fd8f6ad5b57	75	{"Acceptance criterion \\"Given I am a developer with no assigned tasks but sprint stories need attention, when I load the dashboard, then I see a recommended task f\\" is not covered by any task","Acceptance criterion \\"Given I am a signed-in developer with assigned tasks, when I load the dashboard, then I see the top three in-progress or ready tasks with s\\" is not covered by any task","Acceptance criterion \\"Given I am a developer loading the dashboard, when The dashboard renders my next actions, then The key widgets render within 2 seconds and \\" is not covered by any task","Acceptance criterion \\"Given I have no assigned tasks and there are no ready stories, when I view the dashboard, then I see an AI-generated suggestion for a meani\\" is not covered by any task"}	c69fa65c-a116-4f3a-bd63-a990b8a1acff	Story is not ready yet. Address the following 4 item(s) to improve readiness.	{"Create tasks that explicitly reference each acceptance criterion"}
e1c71c9f-37b8-4143-bc5c-ea004e4e2bbe	a8a8bba1-61d3-4d74-8f93-f3ca6328b114	25	{"Story title does not describe a user persona, desired action, and outcome","Story points are not set","Story must have at least one acceptance criterion","Story has no implementation tasks"}	c69fa65c-a116-4f3a-bd63-a990b8a1acff	Story is not ready yet. Address the following 4 item(s) to improve readiness.	{"Reframe the title like 'As a <persona>, I want <action> so that <outcome>' to emphasise user value","Estimate the story (1-8 points) to support sprint planning","Add at least three acceptance criteria that capture Given/When/Then","Break the story into contributor-sized tasks covering the acceptance criteria"}
dd5ed394-4f7e-4ebd-bca2-83e7d0c64b92	c3b352a6-8dd3-4ad6-8197-219ad93cb28a	25	{"Story title does not describe a user persona, desired action, and outcome","Story points are not set","Story must have at least one acceptance criterion","Story has no implementation tasks"}	c69fa65c-a116-4f3a-bd63-a990b8a1acff	Story is not ready yet. Address the following 4 item(s) to improve readiness.	{"Reframe the title like 'As a <persona>, I want <action> so that <outcome>' to emphasise user value","Estimate the story (1-8 points) to support sprint planning","Add at least three acceptance criteria that capture Given/When/Then","Break the story into contributor-sized tasks covering the acceptance criteria"}
d5bf3ad9-35e6-49c2-ac7a-a7cf50da6630	c3b352a6-8dd3-4ad6-8197-219ad93cb28a	25	{"Story title does not describe a user persona, desired action, and outcome","Story points are not set","Story must have at least one acceptance criterion","Story has no implementation tasks"}	c69fa65c-a116-4f3a-bd63-a990b8a1acff	Story is not ready yet. Address the following 4 item(s) to improve readiness.	{"Reframe the title like 'As a <persona>, I want <action> so that <outcome>' to emphasise user value","Estimate the story (1-8 points) to support sprint planning","Add at least three acceptance criteria that capture Given/When/Then","Break the story into contributor-sized tasks covering the acceptance criteria"}
9cbfcff9-f351-47a0-9e8b-8ffd44d11982	c3b352a6-8dd3-4ad6-8197-219ad93cb28a	75	{"Story title does not describe a user persona, desired action, and outcome","Story description is missing"}	c69fa65c-a116-4f3a-bd63-a990b8a1acff	Story is not ready yet. Address the following 2 item(s) to improve readiness.	{"Reframe the title like 'As a <persona>, I want <action> so that <outcome>' to emphasise user value","Provide a concise description that explains the need and desired outcome","Consider splitting large stories (>5 points) to reduce risk","Consider adding a task to capture before/after metrics or monitor impact"}
de4c5a8c-6d64-4e03-9fc8-4b30f6be22c2	4f35d451-9ec7-4a20-97f4-83b59f2aa5da	60	{"Story title does not describe a user persona, desired action, and outcome","Acceptance criterion \\"Given A task description lacks specific technical details, when The analysis evaluates the task, then The system should recommend adding: f\\" is not covered by any task","Acceptance criterion \\"Given A task is missing acceptance criteria references, when The analysis evaluates the task, then The system should recommend linking to s\\" is not covered by any task","Acceptance criterion \\"Given I select a task to enhance, when I request AI-assisted task enrichment, then The system should use LLM to generate detailed task desc\\" is not covered by any task","Acceptance criterion \\"Given A task analysis is complete, when I view the recommendations, then I should see examples of well-defined tasks from the same project \\" is not covered by any task","Acceptance criterion \\"Given A task is analyzed for AI agent compatibility, when The readiness check runs, then The system should evaluate if the task includes: c\\" is not covered by any task","Acceptance criterion \\"Given I am viewing a task in the backlog, when The task readiness analysis runs, then I should see a clarity score indicating how well-defi\\" is not covered by any task","Acceptance criterion \\"Given A task has vague or ambiguous language, when The analysis evaluates the task, then The system should flag terms like implement, creat\\" is not covered by any task"}	c69fa65c-a116-4f3a-bd63-a990b8a1acff	Story is not ready yet. Address the following 8 item(s) to improve readiness.	{"Reframe the title like 'As a <persona>, I want <action> so that <outcome>' to emphasise user value","Consider splitting large stories (>5 points) to reduce risk","Create tasks that explicitly reference each acceptance criterion"}
8f95aad2-3592-4da8-a252-72fceb61d77b	c0a154a2-7a11-422e-bd60-ac0de1806dd7	100	{}	c69fa65c-a116-4f3a-bd63-a990b8a1acff	Story meets the readiness bar and can be scheduled for a sprint.	{"Consider splitting large stories (>5 points) to reduce risk"}
bfad2bf3-75c2-464e-98f9-44f1d0b18b60	5bb8df3a-6e07-4872-a43d-2fd8f6ad5b57	100	{}	c69fa65c-a116-4f3a-bd63-a990b8a1acff	Story meets the readiness bar and can be scheduled for a sprint.	{"Verify dependencies and add the story to the upcoming sprint."}
e2a50b81-c63c-4514-91c9-be111f0040a1	fbdb370a-ba81-4022-896a-3d05e87d1dc6	70	{"Story points are not set","Story only has 1 acceptance criteria; aim for at least 3"}	c69fa65c-a116-4f3a-bd63-a990b8a1acff	Story is not ready yet. Address the following 2 item(s) to improve readiness.	{"Estimate the story (1-8 points) to support sprint planning","Work with the product owner to define additional acceptance criteria","Add a task covering automated or acceptance tests so criteria can be validated","Consider adding a task to capture before/after metrics or monitor impact"}
d1259cda-5954-4423-9d7c-6716454b373f	5bb8df3a-6e07-4872-a43d-2fd8f6ad5b57	75	{"Acceptance criterion \\"Given I have no assigned tasks and there are no ready stories, when I view the dashboard, then I see an AI-generated suggestion for a meani\\" is not covered by any task","Acceptance criterion \\"Given I am a developer with no assigned tasks but sprint stories need attention, when I load the dashboard, then I see a recommended task f\\" is not covered by any task","Acceptance criterion \\"Given I am a developer loading the dashboard, when The dashboard renders my next actions, then The key widgets render within 2 seconds and \\" is not covered by any task","Acceptance criterion \\"Given I am a signed-in developer with assigned tasks, when I load the dashboard, then I see the top three in-progress or ready tasks with s\\" is not covered by any task"}	c69fa65c-a116-4f3a-bd63-a990b8a1acff	Story is not ready yet. Address the following 4 item(s) to improve readiness.	{"Create tasks that explicitly reference each acceptance criterion"}
6decfe79-10ee-4040-9c40-a4e543c9b134	a85c4725-3814-497a-8dd6-d5d8ee97936d	25	{"Story title does not describe a user persona, desired action, and outcome","Story points are not set","Story must have at least one acceptance criterion","Story has no implementation tasks"}	c69fa65c-a116-4f3a-bd63-a990b8a1acff	Story is not ready yet. Address the following 4 item(s) to improve readiness.	{"Reframe the title like 'As a <persona>, I want <action> so that <outcome>' to emphasise user value","Estimate the story (1-8 points) to support sprint planning","Add at least three acceptance criteria that capture Given/When/Then","Break the story into contributor-sized tasks covering the acceptance criteria"}
c1ad3bd0-47fe-47f3-b412-f8bfadc35b0a	c3b352a6-8dd3-4ad6-8197-219ad93cb28a	25	{"Story title does not describe a user persona, desired action, and outcome","Story points are not set","Story must have at least one acceptance criterion","Story has no implementation tasks"}	c69fa65c-a116-4f3a-bd63-a990b8a1acff	Story is not ready yet. Address the following 4 item(s) to improve readiness.	{"Reframe the title like 'As a <persona>, I want <action> so that <outcome>' to emphasise user value","Estimate the story (1-8 points) to support sprint planning","Add at least three acceptance criteria that capture Given/When/Then","Break the story into contributor-sized tasks covering the acceptance criteria"}
34cdd90e-ac33-4b02-8773-2ffc12cf1873	c3b352a6-8dd3-4ad6-8197-219ad93cb28a	75	{"Story title does not describe a user persona, desired action, and outcome","Story description is missing"}	c69fa65c-a116-4f3a-bd63-a990b8a1acff	Story is not ready yet. Address the following 2 item(s) to improve readiness.	{"Reframe the title like 'As a <persona>, I want <action> so that <outcome>' to emphasise user value","Provide a concise description that explains the need and desired outcome","Consider splitting large stories (>5 points) to reduce risk","Consider adding a task to capture before/after metrics or monitor impact"}
c9d8ac16-c3a8-4859-97fb-7418208659e5	c3b352a6-8dd3-4ad6-8197-219ad93cb28a	75	{"Story title does not describe a user persona, desired action, and outcome","Story description is missing"}	c69fa65c-a116-4f3a-bd63-a990b8a1acff	Story is not ready yet. Address the following 2 item(s) to improve readiness.	{"Reframe the title like 'As a <persona>, I want <action> so that <outcome>' to emphasise user value","Provide a concise description that explains the need and desired outcome","Consider splitting large stories (>5 points) to reduce risk","Consider adding a task to capture before/after metrics or monitor impact"}
58f8f63d-0dd3-4eac-87d9-4b8bd5ec9dc1	c3b352a6-8dd3-4ad6-8197-219ad93cb28a	75	{"Story title does not describe a user persona, desired action, and outcome","Story description is missing"}	c69fa65c-a116-4f3a-bd63-a990b8a1acff	Story is not ready yet. Address the following 2 item(s) to improve readiness.	{"Reframe the title like 'As a <persona>, I want <action> so that <outcome>' to emphasise user value","Provide a concise description that explains the need and desired outcome","Consider splitting large stories (>5 points) to reduce risk","Consider adding a task to capture before/after metrics or monitor impact"}
46030d7d-4620-4709-a1db-917528042170	c3b352a6-8dd3-4ad6-8197-219ad93cb28a	75	{"Story title does not describe a user persona, desired action, and outcome","Story description is missing"}	c69fa65c-a116-4f3a-bd63-a990b8a1acff	Story is not ready yet. Address the following 2 item(s) to improve readiness.	{"Reframe the title like 'As a <persona>, I want <action> so that <outcome>' to emphasise user value","Provide a concise description that explains the need and desired outcome","Consider splitting large stories (>5 points) to reduce risk","Consider adding a task to capture before/after metrics or monitor impact"}
171e1803-4638-4ef3-927d-1747512c66c8	4f35d451-9ec7-4a20-97f4-83b59f2aa5da	60	{"Story title does not describe a user persona, desired action, and outcome","Acceptance criterion \\"Given A task analysis is complete, when I view the recommendations, then I should see examples of well-defined tasks from the same project \\" is not covered by any task","Acceptance criterion \\"Given I am viewing a task in the backlog, when The task readiness analysis runs, then I should see a clarity score indicating how well-defi\\" is not covered by any task","Acceptance criterion \\"Given A task has vague or ambiguous language, when The analysis evaluates the task, then The system should flag terms like implement, creat\\" is not covered by any task","Acceptance criterion \\"Given A task description lacks specific technical details, when The analysis evaluates the task, then The system should recommend adding: f\\" is not covered by any task","Acceptance criterion \\"Given A task is analyzed for AI agent compatibility, when The readiness check runs, then The system should evaluate if the task includes: c\\" is not covered by any task","Acceptance criterion \\"Given I select a task to enhance, when I request AI-assisted task enrichment, then The system should use LLM to generate detailed task desc\\" is not covered by any task","Acceptance criterion \\"Given A task is missing acceptance criteria references, when The analysis evaluates the task, then The system should recommend linking to s\\" is not covered by any task"}	c69fa65c-a116-4f3a-bd63-a990b8a1acff	Story is not ready yet. Address the following 8 item(s) to improve readiness.	{"Reframe the title like 'As a <persona>, I want <action> so that <outcome>' to emphasise user value","Consider splitting large stories (>5 points) to reduce risk","Create tasks that explicitly reference each acceptance criterion"}
605894eb-c376-4b86-b177-16c6fa81480d	c14ac649-d99f-4fe6-afd2-3831b7da773a	40	{"Story points are not set","Story must have at least one acceptance criterion","Story has no implementation tasks"}	c69fa65c-a116-4f3a-bd63-a990b8a1acff	Story is not ready yet. Address the following 3 item(s) to improve readiness.	{"Estimate the story (1-8 points) to support sprint planning","Add at least three acceptance criteria that capture Given/When/Then","Break the story into contributor-sized tasks covering the acceptance criteria"}
9c8a874c-a9cc-4f3b-987b-9d7bc74c7991	5bb8df3a-6e07-4872-a43d-2fd8f6ad5b57	75	{"Acceptance criterion \\"Given I have no assigned tasks and there are no ready stories, when I view the dashboard, then I see an AI-generated suggestion for a meani\\" is not covered by any task","Acceptance criterion \\"Given I am a developer loading the dashboard, when The dashboard renders my next actions, then The key widgets render within 2 seconds and \\" is not covered by any task","Acceptance criterion \\"Given I am a signed-in developer with assigned tasks, when I load the dashboard, then I see the top three in-progress or ready tasks with s\\" is not covered by any task","Acceptance criterion \\"Given I am a developer with no assigned tasks but sprint stories need attention, when I load the dashboard, then I see a recommended task f\\" is not covered by any task"}	c69fa65c-a116-4f3a-bd63-a990b8a1acff	Story is not ready yet. Address the following 4 item(s) to improve readiness.	{"Create tasks that explicitly reference each acceptance criterion"}
34fe8cdf-7abe-4c7c-a963-8a19e2dd81f3	a8a8bba1-61d3-4d74-8f93-f3ca6328b114	25	{"Story title does not describe a user persona, desired action, and outcome","Story points are not set","Story must have at least one acceptance criterion","Story has no implementation tasks"}	c69fa65c-a116-4f3a-bd63-a990b8a1acff	Story is not ready yet. Address the following 4 item(s) to improve readiness.	{"Reframe the title like 'As a <persona>, I want <action> so that <outcome>' to emphasise user value","Estimate the story (1-8 points) to support sprint planning","Add at least three acceptance criteria that capture Given/When/Then","Break the story into contributor-sized tasks covering the acceptance criteria"}
f37a2a77-c2a4-475a-b916-cc45396cb5db	c3b352a6-8dd3-4ad6-8197-219ad93cb28a	75	{"Story title does not describe a user persona, desired action, and outcome","Story description is missing"}	c69fa65c-a116-4f3a-bd63-a990b8a1acff	Story is not ready yet. Address the following 2 item(s) to improve readiness.	{"Reframe the title like 'As a <persona>, I want <action> so that <outcome>' to emphasise user value","Provide a concise description that explains the need and desired outcome","Consider splitting large stories (>5 points) to reduce risk","Consider adding a task to capture before/after metrics or monitor impact"}
f062afc1-a503-426e-bdd2-b287af068b1b	4f35d451-9ec7-4a20-97f4-83b59f2aa5da	60	{"Story title does not describe a user persona, desired action, and outcome","Acceptance criterion \\"Given I am viewing a task in the backlog, when The task readiness analysis runs, then I should see a clarity score indicating how well-defi\\" is not covered by any task","Acceptance criterion \\"Given A task has vague or ambiguous language, when The analysis evaluates the task, then The system should flag terms like implement, creat\\" is not covered by any task","Acceptance criterion \\"Given I select a task to enhance, when I request AI-assisted task enrichment, then The system should use LLM to generate detailed task desc\\" is not covered by any task","Acceptance criterion \\"Given A task description lacks specific technical details, when The analysis evaluates the task, then The system should recommend adding: f\\" is not covered by any task","Acceptance criterion \\"Given A task is missing acceptance criteria references, when The analysis evaluates the task, then The system should recommend linking to s\\" is not covered by any task","Acceptance criterion \\"Given A task is analyzed for AI agent compatibility, when The readiness check runs, then The system should evaluate if the task includes: c\\" is not covered by any task","Acceptance criterion \\"Given A task analysis is complete, when I view the recommendations, then I should see examples of well-defined tasks from the same project \\" is not covered by any task"}	c69fa65c-a116-4f3a-bd63-a990b8a1acff	Story is not ready yet. Address the following 8 item(s) to improve readiness.	{"Reframe the title like 'As a <persona>, I want <action> so that <outcome>' to emphasise user value","Consider splitting large stories (>5 points) to reduce risk","Create tasks that explicitly reference each acceptance criterion"}
68fc055a-9909-4541-95ed-8cc5ed68a6f2	fbdb370a-ba81-4022-896a-3d05e87d1dc6	70	{"Story points are not set","Story only has 1 acceptance criteria; aim for at least 3"}	c69fa65c-a116-4f3a-bd63-a990b8a1acff	Story is not ready yet. Address the following 2 item(s) to improve readiness.	{"Estimate the story (1-8 points) to support sprint planning","Work with the product owner to define additional acceptance criteria","Add a task covering automated or acceptance tests so criteria can be validated","Consider adding a task to capture before/after metrics or monitor impact"}
cefc436f-c52b-47ae-a4e9-e9609c20195d	5bb8df3a-6e07-4872-a43d-2fd8f6ad5b57	75	{"Acceptance criterion \\"Given I am a signed-in developer with assigned tasks, when I load the dashboard, then I see the top three in-progress or ready tasks with s\\" is not covered by any task","Acceptance criterion \\"Given I am a developer with no assigned tasks but sprint stories need attention, when I load the dashboard, then I see a recommended task f\\" is not covered by any task","Acceptance criterion \\"Given I have no assigned tasks and there are no ready stories, when I view the dashboard, then I see an AI-generated suggestion for a meani\\" is not covered by any task","Acceptance criterion \\"Given I am a developer loading the dashboard, when The dashboard renders my next actions, then The key widgets render within 2 seconds and \\" is not covered by any task"}	c69fa65c-a116-4f3a-bd63-a990b8a1acff	Story is not ready yet. Address the following 4 item(s) to improve readiness.	{"Create tasks that explicitly reference each acceptance criterion"}
61939001-044b-4b9f-b50b-f719d7a586f7	c3b352a6-8dd3-4ad6-8197-219ad93cb28a	25	{"Story title does not describe a user persona, desired action, and outcome","Story points are not set","Acceptance criterion \\"Given I am viewing the sprint task board, when I look at the page header or context section, then I should see the sprint name, start date,\\" is not covered by any task","Acceptance criterion \\"Given I am viewing the sprint task board, when I apply filters for status, then The task list should update to show only matching tasks, an\\" is not covered by any task","Acceptance criterion \\"Given I am a contributor logged into the system and there is an active sprint for my project, when I navigate to the Sprint Tasks view, the\\" is not covered by any task","Acceptance criterion \\"Given I am viewing the sprint task board, when I see the list of tasks, then Available tasks (no owner, not completed) should be clearly vi\\" is not covered by any task","Acceptance criterion \\"Given I am viewing the sprint task board, when Another contributor takes ownership of a task or changes task status, then The board should \\" is not covered by any task","Story has no implementation tasks"}	c69fa65c-a116-4f3a-bd63-a990b8a1acff	Story is not ready yet. Address the following 8 item(s) to improve readiness.	{"Reframe the title like 'As a <persona>, I want <action> so that <outcome>' to emphasise user value","Estimate the story (1-8 points) to support sprint planning","Create tasks that explicitly reference each acceptance criterion","Break the story into contributor-sized tasks covering the acceptance criteria"}
7377ecd4-308a-4174-8f8b-b3d85dd1cd60	c3b352a6-8dd3-4ad6-8197-219ad93cb28a	75	{"Story title does not describe a user persona, desired action, and outcome","Story description is missing"}	c69fa65c-a116-4f3a-bd63-a990b8a1acff	Story is not ready yet. Address the following 2 item(s) to improve readiness.	{"Reframe the title like 'As a <persona>, I want <action> so that <outcome>' to emphasise user value","Provide a concise description that explains the need and desired outcome","Consider splitting large stories (>5 points) to reduce risk","Consider adding a task to capture before/after metrics or monitor impact"}
0a26d2e0-5197-4fc9-b123-b10a10bcbd93	5bb8df3a-6e07-4872-a43d-2fd8f6ad5b57	100	{}	c69fa65c-a116-4f3a-bd63-a990b8a1acff	Story meets the readiness bar and can be scheduled for a sprint.	{"Verify dependencies and add the story to the upcoming sprint."}
cb0a44e9-6a82-4038-831b-39d9915f8bc6	c0a154a2-7a11-422e-bd60-ac0de1806dd7	75	{"Acceptance criterion \\"Given I am on the backlog view, when A flagged story is selected, then I receive an AI suggestion with the top remediation step and can app\\" is not covered by any task","Acceptance criterion \\"Given I am viewing the backlog, when The page loads, then I see aggregated readiness stats (count of flagged stories, total ready points) u\\" is not covered by any task","Acceptance criterion \\"Given I am viewing the backlog as a product owner, when A story lacks ACs, has >8 points, or is older than 30 days, then I see a visual bad\\" is not covered by any task"}	c69fa65c-a116-4f3a-bd63-a990b8a1acff	Story is not ready yet. Address the following 3 item(s) to improve readiness.	{"Consider splitting large stories (>5 points) to reduce risk","Create tasks that explicitly reference each acceptance criterion"}
9080db27-a9db-4ea5-8d1f-e1b6121ae1e9	c3b352a6-8dd3-4ad6-8197-219ad93cb28a	25	{"Story title does not describe a user persona, desired action, and outcome","Story points are not set","Acceptance criterion \\"Given I am viewing the sprint task board, when I see the list of tasks, then Available tasks (no owner, not completed) should be clearly vi\\" is not covered by any task","Acceptance criterion \\"Given I am viewing the sprint task board, when I apply filters for status, then The task list should update to show only matching tasks, an\\" is not covered by any task","Acceptance criterion \\"Given I am viewing the sprint task board, when Another contributor takes ownership of a task or changes task status, then The board should \\" is not covered by any task","Acceptance criterion \\"Given I am a contributor logged into the system and there is an active sprint for my project, when I navigate to the Sprint Tasks view, the\\" is not covered by any task","Acceptance criterion \\"Given I am viewing the sprint task board, when I look at the page header or context section, then I should see the sprint name, start date,\\" is not covered by any task","Story has no implementation tasks"}	c69fa65c-a116-4f3a-bd63-a990b8a1acff	Story is not ready yet. Address the following 8 item(s) to improve readiness.	{"Reframe the title like 'As a <persona>, I want <action> so that <outcome>' to emphasise user value","Estimate the story (1-8 points) to support sprint planning","Create tasks that explicitly reference each acceptance criterion","Break the story into contributor-sized tasks covering the acceptance criteria"}
c05fae9a-f9f8-4755-9252-b9462838e7cc	c3b352a6-8dd3-4ad6-8197-219ad93cb28a	75	{"Story title does not describe a user persona, desired action, and outcome","Story description is missing"}	c69fa65c-a116-4f3a-bd63-a990b8a1acff	Story is not ready yet. Address the following 2 item(s) to improve readiness.	{"Reframe the title like 'As a <persona>, I want <action> so that <outcome>' to emphasise user value","Provide a concise description that explains the need and desired outcome","Consider splitting large stories (>5 points) to reduce risk","Consider adding a task to capture before/after metrics or monitor impact"}
41a1314a-7c6c-4932-b3c8-e0274c628c70	2c40c1a7-1463-40ef-ba69-194592fc6d7e	100	{}	c69fa65c-a116-4f3a-bd63-a990b8a1acff	Story meets the readiness bar and can be scheduled for a sprint.	{"Consider splitting large stories (>5 points) to reduce risk","Add a task covering automated or acceptance tests so criteria can be validated"}
b7f4d843-a9e8-49b3-a2ee-82e0d3222c44	fbdb370a-ba81-4022-896a-3d05e87d1dc6	45	{"Story points are not set","Story only has 1 acceptance criteria; aim for at least 3","Acceptance criterion \\"Given Stories or tasks change, when the event bus publishes backlog updates, then projections for sprint board, backlog, and readiness view\\" is not covered by any task"}	c69fa65c-a116-4f3a-bd63-a990b8a1acff	Story is not ready yet. Address the following 3 item(s) to improve readiness.	{"Estimate the story (1-8 points) to support sprint planning","Work with the product owner to define additional acceptance criteria","Create tasks that explicitly reference each acceptance criterion","Add a task covering automated or acceptance tests so criteria can be validated","Consider adding a task to capture before/after metrics or monitor impact"}
74fe536a-e2b0-4028-9d34-0b05c8c1221e	2c40c1a7-1463-40ef-ba69-194592fc6d7e	75	{"Acceptance criterion \\"Given There is an active sprint, when I open the project dashboard, then I see the sprint name, goal, and countdown in days\\" is not covered by any task","Acceptance criterion \\"Given Committed story points exceed 80% of capacity, when I view the sprint spotlight, then I see a warning badge prompting me to review sc\\" is not covered by any task","Acceptance criterion \\"Given Tasks in the sprint are blocked, when I open the sprint spotlight, then I see a list of blockers with owners and an action to escalat\\" is not covered by any task","Acceptance criterion \\"Given Committed story points exceed 80% of capacity, when I view the sprint spotlight, then I see a warning badge prompting me to review sc\\" is not covered by any task"}	c69fa65c-a116-4f3a-bd63-a990b8a1acff	Story is not ready yet. Address the following 4 item(s) to improve readiness.	{"Consider splitting large stories (>5 points) to reduce risk","Create tasks that explicitly reference each acceptance criterion","Add a task covering automated or acceptance tests so criteria can be validated"}
aab4adbd-7de9-4803-aa28-9170019fe902	fbdb370a-ba81-4022-896a-3d05e87d1dc6	45	{"Story points are not set","Story only has 1 acceptance criteria; aim for at least 3","Acceptance criterion \\"Given Stories or tasks change, when the event bus publishes backlog updates, then projections for sprint board, backlog, and readiness view\\" is not covered by any task"}	c69fa65c-a116-4f3a-bd63-a990b8a1acff	Story is not ready yet. Address the following 3 item(s) to improve readiness.	{"Estimate the story (1-8 points) to support sprint planning","Work with the product owner to define additional acceptance criteria","Create tasks that explicitly reference each acceptance criterion","Add a task covering automated or acceptance tests so criteria can be validated","Consider adding a task to capture before/after metrics or monitor impact"}
20123220-fdb2-4324-a772-068ba75ea8e7	c14ac649-d99f-4fe6-afd2-3831b7da773a	40	{"Story points are not set","Story must have at least one acceptance criterion","Story has no implementation tasks"}	c69fa65c-a116-4f3a-bd63-a990b8a1acff	Story is not ready yet. Address the following 3 item(s) to improve readiness.	{"Estimate the story (1-8 points) to support sprint planning","Add at least three acceptance criteria that capture Given/When/Then","Break the story into contributor-sized tasks covering the acceptance criteria"}
0aada18c-89f2-4d74-add9-4d201a5613d8	5bb8df3a-6e07-4872-a43d-2fd8f6ad5b57	75	{"Acceptance criterion \\"Given I am a signed-in developer with assigned tasks, when I load the dashboard, then I see the top three in-progress or ready tasks with s\\" is not covered by any task","Acceptance criterion \\"Given I have no assigned tasks and there are no ready stories, when I view the dashboard, then I see an AI-generated suggestion for a meani\\" is not covered by any task","Acceptance criterion \\"Given I am a developer loading the dashboard, when The dashboard renders my next actions, then The key widgets render within 2 seconds and \\" is not covered by any task","Acceptance criterion \\"Given I am a developer with no assigned tasks but sprint stories need attention, when I load the dashboard, then I see a recommended task f\\" is not covered by any task"}	c69fa65c-a116-4f3a-bd63-a990b8a1acff	Story is not ready yet. Address the following 4 item(s) to improve readiness.	{"Create tasks that explicitly reference each acceptance criterion"}
38caff0f-c1ca-4f1e-8126-83423b16a101	c3b352a6-8dd3-4ad6-8197-219ad93cb28a	25	{"Story title does not describe a user persona, desired action, and outcome","Story points are not set","Acceptance criterion \\"Given I am viewing the sprint task board, when Another contributor takes ownership of a task or changes task status, then The board should \\" is not covered by any task","Acceptance criterion \\"Given I am viewing the sprint task board, when I apply filters for status, then The task list should update to show only matching tasks, an\\" is not covered by any task","Acceptance criterion \\"Given I am a contributor logged into the system and there is an active sprint for my project, when I navigate to the Sprint Tasks view, the\\" is not covered by any task","Acceptance criterion \\"Given I am viewing the sprint task board, when I see the list of tasks, then Available tasks (no owner, not completed) should be clearly vi\\" is not covered by any task","Acceptance criterion \\"Given I am viewing the sprint task board, when I look at the page header or context section, then I should see the sprint name, start date,\\" is not covered by any task","Story has no implementation tasks"}	c69fa65c-a116-4f3a-bd63-a990b8a1acff	Story is not ready yet. Address the following 8 item(s) to improve readiness.	{"Reframe the title like 'As a <persona>, I want <action> so that <outcome>' to emphasise user value","Estimate the story (1-8 points) to support sprint planning","Create tasks that explicitly reference each acceptance criterion","Break the story into contributor-sized tasks covering the acceptance criteria"}
f2ec4e4f-7f31-42bb-ad3a-5fc316116485	c3b352a6-8dd3-4ad6-8197-219ad93cb28a	75	{"Story title does not describe a user persona, desired action, and outcome","Story description is missing"}	c69fa65c-a116-4f3a-bd63-a990b8a1acff	Story is not ready yet. Address the following 2 item(s) to improve readiness.	{"Reframe the title like 'As a <persona>, I want <action> so that <outcome>' to emphasise user value","Provide a concise description that explains the need and desired outcome","Consider splitting large stories (>5 points) to reduce risk","Consider adding a task to capture before/after metrics or monitor impact"}
594cc372-abcd-4337-a400-14a0323809eb	5bb8df3a-6e07-4872-a43d-2fd8f6ad5b57	100	{}	c69fa65c-a116-4f3a-bd63-a990b8a1acff	Story meets the readiness bar and can be scheduled for a sprint.	{"Verify dependencies and add the story to the upcoming sprint."}
\.


--
-- Data for Name: readiness_story_projections; Type: TABLE DATA; Schema: public; Owner: postgres
--

COPY public.readiness_story_projections (id, organization_id, project_id, title, description, status, labels, story_points, acceptance_criteria, sprint_id, assigned_to_user_id, readiness_override, readiness_override_by, readiness_override_reason, readiness_override_at, created_at, updated_at) FROM stdin;
736184ec-7ab7-471d-b68c-a3ed088ba879	\N	f9102e60-78d7-4733-a23f-fcd3b1877c27	As a contributor, I want to be able to pick up a task, so that I can work on it		ready	{}	\N	[{"id": "a61330c9-f037-4933-8d1a-9296d8fda1bf", "then": "I eat it", "when": "I peel eat", "given": "Given a banana", "story_id": "736184ec-7ab7-471d-b68c-a3ed088ba879", "created_at": "2025-10-21T12:22:21.279353Z", "description": "Given Given a banana, when I peel eat, then I eat it"}]	\N	\N	t	8440d71a-adc1-5386-b174-d3cbdefca02e	Oooh ooh ah ah	2025-10-21 13:23:00.495473+01	2025-10-11 19:39:15.61788+01	2025-10-21 13:23:00.495663+01
a8a8bba1-61d3-4d74-8f93-f3ca6328b114	c69fa65c-a116-4f3a-bd63-a990b8a1acff	35299584-b133-4b20-af2d-446bb1dead6a	As a contributor, I want to update task status directly in the sprint board so that I can move work forward without navigating away	Reduce friction in status updates by enabling inline task actions directly in the sprint board view. Allow contributors to: take ownership of tasks, update status (ready  in progress  done), add quick comments, and mark blockersall without leaving the board. Implement drag-and-drop status updates where appropriate. Show visual feedback immediately when changes are made. Saves contributors 5-10 clicks per status update and keeps flow state intact during active development. Particularly valuable during standups when team is reviewing board together and making quick status updates.	ready	{}	5	[{"id": "9d2b81d1-9581-48b5-a8cb-41237c937a81", "then": "I should see contextual action buttons appear (e.g., Take, Complete, Release), and the available actions should depend on the current task state and my ownership, and disabled actions should be greyed out with tooltips explaining why", "when": "I hover over or focus on a task row", "given": "I am viewing the sprint task board", "story_id": "a8a8bba1-61d3-4d74-8f93-f3ca6328b114", "created_at": "2025-10-28T11:23:42.001742Z", "description": "Given I am viewing the sprint task board, when I hover over or focus on a task row, then I should see contextual action buttons appear (e.g., Take, Complete, Release), and the available actions should depend on the current task state and my ownership, and disabled actions should be greyed out with tooltips explaining why"}, {"id": "512c49fd-a6be-4c71-ab65-9bc1befb86da", "then": "I should immediately become the owner, and the task should move to in_progress state, and the UI should update without a full page reload, and I should see a brief success notification", "when": "I click the Take quick action button", "given": "I see an available task in the sprint board", "story_id": "a8a8bba1-61d3-4d74-8f93-f3ca6328b114", "created_at": "2025-10-28T11:23:42.028293Z", "description": "Given I see an available task in the sprint board, when I click the Take quick action button, then I should immediately become the owner, and the task should move to in_progress state, and the UI should update without a full page reload, and I should see a brief success notification"}, {"id": "ccdd77f3-d54a-477f-bc95-a720b97d266c", "then": "The task should immediately transition to completed, and the task should visually update (e.g., strikethrough, green checkmark), and sprint progress indicators should update", "when": "I click the Complete quick action button", "given": "I see one of my in_progress tasks", "story_id": "a8a8bba1-61d3-4d74-8f93-f3ca6328b114", "created_at": "2025-10-28T11:23:42.046512Z", "description": "Given I see one of my in_progress tasks, when I click the Complete quick action button, then The task should immediately transition to completed, and the task should visually update (e.g., strikethrough, green checkmark), and sprint progress indicators should update"}, {"id": "bf633a09-4c4f-48b3-bff5-a59de9cc6675", "then": "The UI should update optimistically (before server confirms), and if the server returns an error, the UI should roll back, and I should see an error message explaining what went wrong", "when": "The action is triggered", "given": "I perform a quick action on a task", "story_id": "a8a8bba1-61d3-4d74-8f93-f3ca6328b114", "created_at": "2025-10-28T11:23:42.063252Z", "description": "Given I perform a quick action on a task, when The action is triggered, then The UI should update optimistically (before server confirms), and if the server returns an error, the UI should roll back, and I should see an error message explaining what went wrong"}, {"id": "58b42b5e-08ae-48d9-afdc-d450a6e0ea80", "then": "The corresponding action should be triggered, and a keyboard shortcut legend should be accessible via question mark key", "when": "I press designated keyboard shortcuts (e.g., T for take, C for complete, R for release)", "given": "I have keyboard focus on a task in the sprint board", "story_id": "a8a8bba1-61d3-4d74-8f93-f3ca6328b114", "created_at": "2025-10-28T11:23:42.086210Z", "description": "Given I have keyboard focus on a task in the sprint board, when I press designated keyboard shortcuts (e.g., T for take, C for complete, R for release), then The corresponding action should be triggered, and a keyboard shortcut legend should be accessible via question mark key"}]	\N	\N	f	\N	\N	\N	2025-10-28 07:51:23.667383+00	2025-10-29 15:15:02.258785+00
550e8400-e29b-41d4-a716-446655440000	\N	550e8400-e29b-41d4-a716-446655440000	Test Story 1	Integration test story	ready	{test,integration}	\N	[]	\N	\N	f	\N	\N	\N	2025-09-29 17:22:15.689414+01	2025-09-29 17:22:15.689414+01
550e8400-e29b-41d4-a716-446655440001	\N	550e8400-e29b-41d4-a716-446655440000	Test Story 2	Performance test story	inprogress	{test,performance}	\N	[]	\N	\N	f	\N	\N	\N	2025-09-29 17:22:15.689414+01	2025-09-29 17:22:15.689414+01
c0a154a2-7a11-422e-bd60-ac0de1806dd7	c69fa65c-a116-4f3a-bd63-a990b8a1acff	35299584-b133-4b20-af2d-446bb1dead6a	As a product owner, I want backlog risks highlighted so that I can groom the next sprint effectively	Expose backlog readiness health in one view so product owners can spot risky stories fast. The page should highlight stories that lack ACs, are oversized, or stale, surface an aggregated readiness summary, and provide AI remediation guidance against each flag.	ready	{navigation,backlog,product-owner}	8	[{"id": "30ef722c-44f7-408a-a0fa-e2b53e736232", "then": "I see a visual badge and can filter to address the issue", "when": "A story lacks ACs, has >8 points, or is older than 30 days", "given": "I am viewing the backlog as a product owner", "story_id": "c0a154a2-7a11-422e-bd60-ac0de1806dd7", "created_at": "2025-10-22T12:27:42.951200Z", "description": "Given I am viewing the backlog as a product owner, when A story lacks ACs, has >8 points, or is older than 30 days, then I see a visual badge and can filter to address the issue"}, {"id": "501aacba-00f1-4a6c-93bb-d7d3a2f70b7b", "then": "I receive an AI suggestion with the top remediation step and can apply it", "when": "A flagged story is selected", "given": "I am on the backlog view", "story_id": "c0a154a2-7a11-422e-bd60-ac0de1806dd7", "created_at": "2025-10-22T12:27:53.348794Z", "description": "Given I am on the backlog view, when A flagged story is selected, then I receive an AI suggestion with the top remediation step and can apply it"}, {"id": "41f0ad0d-8457-4d0c-89a2-15ebe248cea0", "then": "I see aggregated readiness stats (count of flagged stories, total ready points) updated in real time", "when": "The page loads", "given": "I am viewing the backlog", "story_id": "c0a154a2-7a11-422e-bd60-ac0de1806dd7", "created_at": "2025-10-22T12:28:14.612599Z", "description": "Given I am viewing the backlog, when The page loads, then I see aggregated readiness stats (count of flagged stories, total ready points) updated in real time"}]	\N	\N	f	\N	\N	\N	2025-10-22 13:26:53.006846+01	2025-10-22 16:17:05.48839+01
5bb8df3a-6e07-4872-a43d-2fd8f6ad5b57	c69fa65c-a116-4f3a-bd63-a990b8a1acff	35299584-b133-4b20-af2d-446bb1dead6a	As a developer, I want my next actionable work surfaced when I sign in so that I can start delivering immediately	Role-aware dashboard highlights developers most relevant work, falling back to ready stories or AI nudges when the queue is empty.	inprogress	{navigation,dashboard,developer}	5	[{"id": "9ccc6c6c-ea70-4b9a-b7da-73c2c165a744", "then": "I see the top three in-progress or ready tasks with start/complete actions", "when": "I load the dashboard", "given": "I am a signed-in developer with assigned tasks", "story_id": "5bb8df3a-6e07-4872-a43d-2fd8f6ad5b57", "created_at": "2025-10-22T12:25:30.838898Z", "description": "Given I am a signed-in developer with assigned tasks, when I load the dashboard, then I see the top three in-progress or ready tasks with start/complete actions"}, {"id": "af61eba5-7acd-4524-8d1f-4da14f95eb08", "then": "I see a recommended task from the active sprint that fits my ownership area", "when": "I load the dashboard", "given": "I am a developer with no assigned tasks but sprint stories need attention", "story_id": "5bb8df3a-6e07-4872-a43d-2fd8f6ad5b57", "created_at": "2025-10-22T12:25:45.267226Z", "description": "Given I am a developer with no assigned tasks but sprint stories need attention, when I load the dashboard, then I see a recommended task from the active sprint that fits my ownership area"}, {"id": "7a9caa81-bf69-4e22-b734-dc77d0551073", "then": "I see an AI-generated suggestion for a meaningful next action (e.g., grooming, splitting large stories)", "when": "I view the dashboard", "given": "I have no assigned tasks and there are no ready stories", "story_id": "5bb8df3a-6e07-4872-a43d-2fd8f6ad5b57", "created_at": "2025-10-22T12:25:59.849709Z", "description": "Given I have no assigned tasks and there are no ready stories, when I view the dashboard, then I see an AI-generated suggestion for a meaningful next action (e.g., grooming, splitting large stories)"}, {"id": "91e6142b-b42e-4dd1-9acb-0a306917820a", "then": "The key widgets render within 2 seconds and a telemetry event records the render time", "when": "The dashboard renders my next actions", "given": "I am a developer loading the dashboard", "story_id": "5bb8df3a-6e07-4872-a43d-2fd8f6ad5b57", "created_at": "2025-10-22T13:50:04.241036Z", "description": "Given I am a developer loading the dashboard, when The dashboard renders my next actions, then The key widgets render within 2 seconds and a telemetry event records the render time"}]	68551c8a-07b4-453d-8a6f-e65e431fc5fb	\N	f	\N	\N	\N	2025-10-22 13:24:58.103586+01	2025-10-24 16:58:30.674535+01
8e5ab725-52a2-4664-868f-a2187ee45665	\N	f9102e60-78d7-4733-a23f-fcd3b1877c27	As a collaborator, I want to pick up a story so that tI can work on it		accepted	{}	\N	[]	\N	\N	t	8440d71a-adc1-5386-b174-d3cbdefca02e	Just Testing	2025-10-21 12:20:03.038134+01	2025-10-11 19:40:44.416515+01	2025-10-21 13:21:32.036316+01
0fae95bc-2b05-42e4-8d03-9dc9c4ad7eb5	c69fa65c-a116-4f3a-bd63-a990b8a1acff	f9102e60-78d7-4733-a23f-fcd3b1877c27	Capture baseline navigation timings	Record loginaction flows for Dev, PO, and SM personas; store timings in docs/navigation-phase0-baseline.md.	draft	{navigation,phase0}	\N	[]	\N	\N	f	\N	\N	\N	2025-10-21 16:56:59.889862+01	2025-10-21 16:56:59.889862+01
62998001-d581-4a8a-a127-734ff7b521af	c69fa65c-a116-4f3a-bd63-a990b8a1acff	f9102e60-78d7-4733-a23f-fcd3b1877c27	Define telemetry and success metrics	Confirm KPIs (time-to-action, dashboard adoption, satisfaction, AI suggestion engagement) and document events in docs/navigation-phase0-metrics.md & analytics-plan.	draft	{navigation,phase0,metrics}	\N	[]	\N	\N	f	\N	\N	\N	2025-10-21 16:57:06.845109+01	2025-10-21 16:57:06.845109+01
a97bbb87-4a26-4f97-8a0c-911b36f16e2a	c69fa65c-a116-4f3a-bd63-a990b8a1acff	f9102e60-78d7-4733-a23f-fcd3b1877c27	Draft Phase 0 PRD addendum	Synthesize persona findings, baseline data, and KPI targets into a PRD addendum for navigation redesign approval.	draft	{navigation,phase0,planning}	\N	[]	\N	\N	f	\N	\N	\N	2025-10-21 16:57:13.685964+01	2025-10-21 16:57:13.685964+01
fbdb370a-ba81-4022-896a-3d05e87d1dc6	c69fa65c-a116-4f3a-bd63-a990b8a1acff	35299584-b133-4b20-af2d-446bb1dead6a	As a platform engineer, I want sprint board and backlog views pre-computed so that the UI loads quickly and the gateway avoids duplicate work	Pre-compute projections for sprint board, backlog, and readiness views to reduce payload size and UI recomputation. Deliver cache invalidation when stories/tasks change and benchmark load improvements.	draft	{performance,navigation}	\N	[{"id": "48b0e78e-d956-40a6-bf7c-c87d8fda153d", "then": "projections for sprint board, backlog, and readiness views are rebuilt within 2 seconds", "when": "the event bus publishes backlog updates", "given": "Stories or tasks change", "story_id": "fbdb370a-ba81-4022-896a-3d05e87d1dc6", "created_at": "2025-10-23T09:30:42.683576Z", "description": "Given Stories or tasks change, when the event bus publishes backlog updates, then projections for sprint board, backlog, and readiness views are rebuilt within 2 seconds"}]	\N	\N	f	\N	\N	\N	2025-10-23 10:30:09.538619+01	2025-10-23 10:30:42.6838+01
2c40c1a7-1463-40ef-ba69-194592fc6d7e	c69fa65c-a116-4f3a-bd63-a990b8a1acff	35299584-b133-4b20-af2d-446bb1dead6a	As a scrum master, I want the current sprint health surfaced so that I can remove blockers quickly	Product dashboard should spotlight the current sprint, show key health signals, and surface risks when capacity thresholds or blockers are hit. Ensure the view includes countdown, scope utilization, and escalation cues.	ready	{navigation,sprint,scrum-master}	8	[{"id": "b34de663-498a-4dd6-be5f-3ccf838b0ea1", "then": "I see the sprint name, goal, and countdown in days", "when": "I open the project dashboard", "given": "There is an active sprint", "story_id": "2c40c1a7-1463-40ef-ba69-194592fc6d7e", "created_at": "2025-10-22T12:29:52.018645Z", "description": "Given There is an active sprint, when I open the project dashboard, then I see the sprint name, goal, and countdown in days"}, {"id": "b4b702f8-187b-411c-ab7c-d1246fcbddfa", "then": "I see a warning badge prompting me to review scope", "when": "I view the sprint spotlight", "given": "Committed story points exceed 80% of capacity", "story_id": "2c40c1a7-1463-40ef-ba69-194592fc6d7e", "created_at": "2025-10-22T12:30:02.218805Z", "description": "Given Committed story points exceed 80% of capacity, when I view the sprint spotlight, then I see a warning badge prompting me to review scope"}, {"id": "f6957c3b-0e08-4b8f-b0c8-6f06137e658a", "then": "I see a warning badge prompting me to review scope", "when": "I view the sprint spotlight", "given": "Committed story points exceed 80% of capacity", "story_id": "2c40c1a7-1463-40ef-ba69-194592fc6d7e", "created_at": "2025-10-22T12:30:18.742602Z", "description": "Given Committed story points exceed 80% of capacity, when I view the sprint spotlight, then I see a warning badge prompting me to review scope"}, {"id": "ab36b539-f005-450b-a4de-70cd204ac9f0", "then": "I see a list of blockers with owners and an action to escalate or remove the block", "when": "I open the sprint spotlight", "given": "Tasks in the sprint are blocked", "story_id": "2c40c1a7-1463-40ef-ba69-194592fc6d7e", "created_at": "2025-10-22T12:30:31.189227Z", "description": "Given Tasks in the sprint are blocked, when I open the sprint spotlight, then I see a list of blockers with owners and an action to escalate or remove the block"}, {"id": "6f0bccb5-6ea3-4b68-9209-a180dfd1cb93", "then": "The system should call GET /api/v1/recommendations/scrum-master?project_id={id} and display suggested actions with priority (critical, high, medium, low) and reasoning", "when": "The page loads or I request recommendations", "given": "I am a Scrum Master viewing the dashboard", "story_id": "2c40c1a7-1463-40ef-ba69-194592fc6d7e", "created_at": "2025-10-29T11:00:53.261260Z", "description": "Given I am a Scrum Master viewing the dashboard, when The page loads or I request recommendations, then The system should call GET /api/v1/recommendations/scrum-master?project_id={id} and display suggested actions with priority (critical, high, medium, low) and reasoning"}, {"id": "0c0cbc17-2fac-436d-8dbd-4d5fee6119a9", "then": "It should suggest splitting the story with reasoning (e.g., \\"Story X has 21 points, recommend splitting into 2-3 smaller stories\\") and provide a quick action to initiate the split", "when": "The recommendations API analyzes stories", "given": "A story has more than 13 story points or lacks clear acceptance criteria", "story_id": "2c40c1a7-1463-40ef-ba69-194592fc6d7e", "created_at": "2025-10-29T11:01:00.453877Z", "description": "Given A story has more than 13 story points or lacks clear acceptance criteria, when The recommendations API analyzes stories, then It should suggest splitting the story with reasoning (e.g., \\"Story X has 21 points, recommend splitting into 2-3 smaller stories\\") and provide a quick action to initiate the split"}, {"id": "0e20c4fe-d459-4c6d-98ac-941d9916583e", "then": "It should suggest adding acceptance criteria with reasoning (e.g., \\"Story Y has only 1 AC, recommend adding 2-3 more to clarify requirements\\") and provide a quick action to add ACs", "when": "The recommendations API analyzes stories", "given": "A story in draft or backlog status has fewer than 3 acceptance criteria or ACs lack Given/When/Then structure", "story_id": "2c40c1a7-1463-40ef-ba69-194592fc6d7e", "created_at": "2025-10-29T11:01:06.856656Z", "description": "Given A story in draft or backlog status has fewer than 3 acceptance criteria or ACs lack Given/When/Then structure, when The recommendations API analyzes stories, then It should suggest adding acceptance criteria with reasoning (e.g., \\"Story Y has only 1 AC, recommend adding 2-3 more to clarify requirements\\") and provide a quick action to add ACs"}, {"id": "c899da6a-92a7-42cf-8a81-871abe443c32", "then": "It should suggest creating tasks with reasoning (e.g., \\"Story Z is ready but has no implementation tasks\\") and provide a quick action to generate task breakdown using AI", "when": "The recommendations API analyzes stories", "given": "A ready story has no tasks or tasks are not mapped to acceptance criteria", "story_id": "2c40c1a7-1463-40ef-ba69-194592fc6d7e", "created_at": "2025-10-29T11:01:13.021388Z", "description": "Given A ready story has no tasks or tasks are not mapped to acceptance criteria, when The recommendations API analyzes stories, then It should suggest creating tasks with reasoning (e.g., \\"Story Z is ready but has no implementation tasks\\") and provide a quick action to generate task breakdown using AI"}, {"id": "3eb00dbc-2d2f-4859-a2ed-a1e1192a5ba3", "then": "It should suggest planning a sprint with reasoning (e.g., \\"No active sprint found. 8 ready stories available totaling 45 points\\") and provide a quick action to auto-plan sprint or manually plan", "when": "The recommendations API checks sprint status", "given": "There is no active sprint and multiple ready stories are available", "story_id": "2c40c1a7-1463-40ef-ba69-194592fc6d7e", "created_at": "2025-10-29T11:01:19.741686Z", "description": "Given There is no active sprint and multiple ready stories are available, when The recommendations API checks sprint status, then It should suggest planning a sprint with reasoning (e.g., \\"No active sprint found. 8 ready stories available totaling 45 points\\") and provide a quick action to auto-plan sprint or manually plan"}, {"id": "1f9adbd2-60f7-437f-a083-46ea759c513f", "then": "It should suggest closing the sprint with reasoning (e.g., \\"Sprint 3 is 100% complete with all 25 tasks done\\") and provide a quick action to close sprint and generate report", "when": "The recommendations API checks sprint status", "given": "An active sprint has all tasks completed", "story_id": "2c40c1a7-1463-40ef-ba69-194592fc6d7e", "created_at": "2025-10-29T11:01:26.318955Z", "description": "Given An active sprint has all tasks completed, when The recommendations API checks sprint status, then It should suggest closing the sprint with reasoning (e.g., \\"Sprint 3 is 100% complete with all 25 tasks done\\") and provide a quick action to close sprint and generate report"}, {"id": "d795cbac-155d-46d5-bd89-ded7c0b7bcdb", "then": "It should suggest preparing demo materials with reasoning (e.g., \\"Sprint 3 ends in 2 days. 12 stories completed and ready to demo\\") and provide a quick action to generate demo checklist", "when": "The recommendations API analyzes sprint status", "given": "A sprint is nearing completion (80%+ tasks done) or end date is within 2 days", "story_id": "2c40c1a7-1463-40ef-ba69-194592fc6d7e", "created_at": "2025-10-29T11:01:32.641913Z", "description": "Given A sprint is nearing completion (80%+ tasks done) or end date is within 2 days, when The recommendations API analyzes sprint status, then It should suggest preparing demo materials with reasoning (e.g., \\"Sprint 3 ends in 2 days. 12 stories completed and ready to demo\\") and provide a quick action to generate demo checklist"}, {"id": "e5e507ef-382b-48ad-868e-24e44554616c", "then": "It should suggest reviewing readiness with reasoning (e.g., \\"5 stories have been in draft for 10+ days\\") and provide a quick action to run readiness check or refine stories", "when": "The recommendations API analyzes story age and status", "given": "Stories in draft status have been idle for more than 7 days", "story_id": "2c40c1a7-1463-40ef-ba69-194592fc6d7e", "created_at": "2025-10-29T11:01:39.376438Z", "description": "Given Stories in draft status have been idle for more than 7 days, when The recommendations API analyzes story age and status, then It should suggest reviewing readiness with reasoning (e.g., \\"5 stories have been in draft for 10+ days\\") and provide a quick action to run readiness check or refine stories"}, {"id": "3c497d55-627c-4a45-9d5d-ea072f8e56c2", "then": "It should suggest rebalancing with reasoning (e.g., \\"Sprint has 52 points committed but only 40 capacity - recommend moving 2 stories to backlog\\") and provide quick actions to add or remove stories", "when": "The recommendations API checks sprint capacity", "given": "Active sprint capacity is exceeded (committed points > capacity) or underutilized (committed points < 60% capacity)", "story_id": "2c40c1a7-1463-40ef-ba69-194592fc6d7e", "created_at": "2025-10-29T11:01:46.337509Z", "description": "Given Active sprint capacity is exceeded (committed points > capacity) or underutilized (committed points < 60% capacity), when The recommendations API checks sprint capacity, then It should suggest rebalancing with reasoning (e.g., \\"Sprint has 52 points committed but only 40 capacity - recommend moving 2 stories to backlog\\") and provide quick actions to add or remove stories"}, {"id": "3ead6c2e-d5aa-4cda-ac03-452db26b0717", "then": "It should suggest addressing blockers with reasoning (e.g., \\"3 tasks blocked: 2 waiting on external API, 1 missing design\\") and provide quick actions to escalate, reassign, or unblock", "when": "The recommendations API identifies blockers", "given": "One or more tasks are marked as blocked", "story_id": "2c40c1a7-1463-40ef-ba69-194592fc6d7e", "created_at": "2025-10-29T11:01:54.828336Z", "description": "Given One or more tasks are marked as blocked, when The recommendations API identifies blockers, then It should suggest addressing blockers with reasoning (e.g., \\"3 tasks blocked: 2 waiting on external API, 1 missing design\\") and provide quick actions to escalate, reassign, or unblock"}, {"id": "35ce73bc-13dc-4d46-aa4a-508a0528e6b0", "then": "It should suggest reviewing velocity with reasoning (e.g., \\"Average velocity: 38 points/sprint. Last sprint: 28 points - 26% below average\\") and provide quick action to view velocity chart", "when": "The recommendations API analyzes historical velocity", "given": "Three or more sprints have been completed", "story_id": "2c40c1a7-1463-40ef-ba69-194592fc6d7e", "created_at": "2025-10-29T11:02:01.316938Z", "description": "Given Three or more sprints have been completed, when The recommendations API analyzes historical velocity, then It should suggest reviewing velocity with reasoning (e.g., \\"Average velocity: 38 points/sprint. Last sprint: 28 points - 26% below average\\") and provide quick action to view velocity chart"}, {"id": "3faaeeaa-931c-4ac2-bcb7-18abcc81bcc5", "then": "The system should either execute the action automatically (if safe) or open a modal/form to complete the action with pre-filled intelligent defaults", "when": "I click the action button (e.g., \\"Plan Sprint\\", \\"Split Story\\", \\"Add ACs\\")", "given": "A recommendation is displayed with a suggested action", "story_id": "2c40c1a7-1463-40ef-ba69-194592fc6d7e", "created_at": "2025-10-29T11:02:07.587118Z", "description": "Given A recommendation is displayed with a suggested action, when I click the action button (e.g., \\"Plan Sprint\\", \\"Split Story\\", \\"Add ACs\\"), then The system should either execute the action automatically (if safe) or open a modal/form to complete the action with pre-filled intelligent defaults"}, {"id": "69ffe5e9-2a94-4118-9124-547657867a82", "then": "The response should be JSON array with schema: [{id, type, priority, title, reasoning, action: {label, endpoint, method, payload}, dismiss_until}] sorted by priority (critical first)", "when": "It returns data", "given": "The recommendations API is called", "story_id": "2c40c1a7-1463-40ef-ba69-194592fc6d7e", "created_at": "2025-10-29T11:02:13.890932Z", "description": "Given The recommendations API is called, when It returns data, then The response should be JSON array with schema: [{id, type, priority, title, reasoning, action: {label, endpoint, method, payload}, dismiss_until}] sorted by priority (critical first)"}]	\N	\N	f	\N	\N	\N	2025-10-22 13:29:26.558951+01	2025-10-29 11:02:13.890933+00
8a9e74eb-b85d-4d33-9b11-7c5ab768eff0	c69fa65c-a116-4f3a-bd63-a990b8a1acff	35299584-b133-4b20-af2d-446bb1dead6a	As a team member, I want AI to suggest personalized OKRs so that I can set meaningful goals aligned with my growth and team needs	Help individual contributors create impactful OKRs by analyzing their role, historical performance data, team goals, and identified skill gaps. Generate 3-5 suggested objectives with measurable key results for each user, considering their career growth path, current project priorities, and team objectives. Provide clear reasoning for each suggestion (e.g., "Based on your strong backend work and team's need for API expertise, we suggest: Improve API design skills"). Allow users to accept, modify, or reject suggestions, ensuring ownership of their goals while reducing the blank-page problem during OKR planning.	draft	{}	\N	[]	\N	\N	f	\N	\N	\N	2025-10-29 11:40:12.128514+00	2025-10-29 15:00:50.53345+00
a3a85977-19f0-40f1-94f5-55be173201ba	c69fa65c-a116-4f3a-bd63-a990b8a1acff	35299584-b133-4b20-af2d-446bb1dead6a	As a developer with collaboration OKRs, I want AI to analyze my PR reviews and suggest improvements so that I can grow my code review skills	Turn PR reviews into a growth opportunity by analyzing review activities and providing personalized coaching for collaboration-focused OKRs. Track PR reviews performed, analyze review quality (depth of analysis, helpfulness of suggestions, constructiveness of tone), and suggest specific improvements. For collaboration OKRs, automatically log review activity as progress. Provide actionable feedback: "Your review caught 3 issues but could include more constructive suggestions. Try adding specific code examples like this: [example]. This would help junior devs learn faster." Generate OKR progress updates from review activities while coaching better collaboration skills.	draft	{}	\N	[]	\N	\N	f	\N	\N	\N	2025-10-29 11:41:31.225687+00	2025-10-29 15:00:50.603554+00
6fc92009-4aed-4602-a875-023c44e66a3c	c69fa65c-a116-4f3a-bd63-a990b8a1acff	35299584-b133-4b20-af2d-446bb1dead6a	As a team member, I want task completion to automatically update my OKR progress so that I can see how daily work contributes to my goals	Connect daily work to quarterly goals by automatically updating OKR progress when tasks are completed. Link tasks to key results via tags or explicit mapping during sprint planning. Calculate progress contribution based on task completion, story points delivered, or custom metrics defined per key result. Update key result percentage automatically when linked tasks move to done. Show activity feed of recent progress on OKR detail pages: "Completing 'Implement caching layer' added 15% to your performance optimization key result." Helps team members see immediate impact of their work on bigger-picture goals, increasing motivation and alignment.	draft	{}	\N	[]	\N	\N	f	\N	\N	\N	2025-10-29 11:40:17.007776+00	2025-10-29 15:00:50.621765+00
db7dce8d-324c-4838-82f9-e47ddb3ede05	c69fa65c-a116-4f3a-bd63-a990b8a1acff	35299584-b133-4b20-af2d-446bb1dead6a	As a developer, I need OKR data models and APIs implemented so that I can build OKR features on a solid foundation	Establish the technical foundation for OKR functionality by implementing core data models and CRUD operations. Support organizational, team, and individual OKRs with hierarchical alignment (company  team  individual). Data model includes: objective title/description, key results with metrics (% complete, numeric targets), ownership, time periods (quarterly/annual), status tracking, and alignment relationships. Provide RESTful API endpoints for creating, reading, updating, and deleting OKRs at all levels. Include proper validation, error handling, and test coverage. Enables all downstream OKR features to build on consistent, well-designed data structures.	draft	{}	\N	[]	\N	\N	f	\N	\N	\N	2025-10-29 11:40:07.161023+00	2025-10-29 15:00:50.784234+00
c3b352a6-8dd3-4ad6-8197-219ad93cb28a	c69fa65c-a116-4f3a-bd63-a990b8a1acff	35299584-b133-4b20-af2d-446bb1dead6a	As a contributor, I want to view all sprint tasks grouped by story so that I can pick work that aligns with my skills and the team's priorities	Provide contributors with a focused task board showing all tasks from active sprint. Display tasks grouped by story, with story context visible. Show task status (ready, in progress, blocked, done), owner if assigned, and story acceptance criteria references. Enable filtering by status, story, or unassigned tasks. Show each task's: ID, title, description, owner, story parent, and linked acceptance criteria. Visualize task dependencies and blockers. Allow contributors to take ownership, update status, and add comments inline. Makes it easy to find next actionable work and understand how tasks fit into bigger picture. Replaces need to dig through individual story pages to find tasks.	ready	{}	8	[{"id": "7852bac8-49db-48d2-9aab-b26282961ec9", "then": "I should see all tasks from all stories in the current sprint, and each task should display: task ID, title, status, owner (if assigned), parent story, and acceptance criteria references", "when": "I navigate to the Sprint Tasks view", "given": "I am a contributor logged into the system and there is an active sprint for my project", "story_id": "c3b352a6-8dd3-4ad6-8197-219ad93cb28a", "created_at": "2025-10-28T11:17:07.600848Z", "description": "Given I am a contributor logged into the system and there is an active sprint for my project, when I navigate to the Sprint Tasks view, then I should see all tasks from all stories in the current sprint, and each task should display: task ID, title, status, owner (if assigned), parent story, and acceptance criteria references"}, {"id": "a2ef8786-5c8f-4091-a206-3a6586f76329", "then": "The task list should update to show only matching tasks, and I should be able to group tasks by story or by status, and the count of tasks in each filter/group should be visible", "when": "I apply filters for status", "given": "I am viewing the sprint task board", "story_id": "c3b352a6-8dd3-4ad6-8197-219ad93cb28a", "created_at": "2025-10-28T11:23:41.781986Z", "description": "Given I am viewing the sprint task board, when I apply filters for status, then The task list should update to show only matching tasks, and I should be able to group tasks by story or by status, and the count of tasks in each filter/group should be visible"}, {"id": "8e8e949d-1917-4187-a675-57dd59cb9783", "then": "Available tasks (no owner, not completed) should be clearly visually distinguished, and my own tasks should be highlighted or marked, and tasks owned by others should show the owner name", "when": "I see the list of tasks", "given": "I am viewing the sprint task board", "story_id": "c3b352a6-8dd3-4ad6-8197-219ad93cb28a", "created_at": "2025-10-28T11:23:41.813783Z", "description": "Given I am viewing the sprint task board, when I see the list of tasks, then Available tasks (no owner, not completed) should be clearly visually distinguished, and my own tasks should be highlighted or marked, and tasks owned by others should show the owner name"}, {"id": "728fd41e-2104-49d0-9c92-98f7c58dff1e", "then": "The board should update in real-time without requiring a page refresh, and I should see a subtle notification of the change", "when": "Another contributor takes ownership of a task or changes task status", "given": "I am viewing the sprint task board", "story_id": "c3b352a6-8dd3-4ad6-8197-219ad93cb28a", "created_at": "2025-10-28T11:23:41.837978Z", "description": "Given I am viewing the sprint task board, when Another contributor takes ownership of a task or changes task status, then The board should update in real-time without requiring a page refresh, and I should see a subtle notification of the change"}, {"id": "d4d41a1f-ba1f-49a6-95a1-8b2831fccdc3", "then": "I should see the sprint name, start date, end date, and days remaining, and I should see a progress indicator showing percentage of tasks completed, and I should see the total number of stories in the sprint", "when": "I look at the page header or context section", "given": "I am viewing the sprint task board", "story_id": "c3b352a6-8dd3-4ad6-8197-219ad93cb28a", "created_at": "2025-10-28T11:23:41.863694Z", "description": "Given I am viewing the sprint task board, when I look at the page header or context section, then I should see the sprint name, start date, end date, and days remaining, and I should see a progress indicator showing percentage of tasks completed, and I should see the total number of stories in the sprint"}]	\N	\N	f	\N	\N	\N	2025-10-28 07:50:22.421195+00	2025-10-29 15:15:17.724044+00
8e249dcf-bee7-4902-861c-80beea4a3f99	c69fa65c-a116-4f3a-bd63-a990b8a1acff	35299584-b133-4b20-af2d-446bb1dead6a	As a product owner, I want AI to generate demo scripts from completed stories so that I can deliver compelling sprint demos without manual prep	Reduce demo preparation time from hours to minutes by auto-generating demo scripts. The AI analyzes completed stories' acceptance criteria and tasks to create demo narratives showing business value to stakeholders. Generates demo checklists ensuring all features are covered, suggests optimal demo flow order based on story dependencies and user journey, and prepares talking points highlighting benefits. Helps POs deliver professional demos consistently even when time is limited.	draft	{}	\N	[]	\N	\N	f	\N	\N	\N	2025-10-29 11:26:22.998471+00	2025-10-29 15:00:50.503625+00
a0c8c75c-1b2e-46d2-a9b5-f009495a898f	\N	f9102e60-78d7-4733-a23f-fcd3b1877c27	As a developer I want a is_done table in the database	dfdsdfs	inprogress	{}	3	[{"id": "a1111111-1111-1111-1111-111111111111", "then": "I should see the story", "when": "I visit the backlog", "given": "A project exists", "story_id": "a0c8c75c-1b2e-46d2-a9b5-f009495a898f", "created_at": "2025-10-09T16:12:32.360403Z", "description": "Criterion 1"}, {"id": "a2222222-2222-2222-2222-222222222222", "then": "They can edit details", "when": "They open the story", "given": "A user is signed in", "story_id": "a0c8c75c-1b2e-46d2-a9b5-f009495a898f", "created_at": "2025-10-09T16:12:56.198801Z", "description": "Criterion 2"}, {"id": "f67bd12a-5954-4dc6-8e4f-fce80d698849", "then": "I throw it", "when": "I poop", "given": "I'm a monkey", "story_id": "a0c8c75c-1b2e-46d2-a9b5-f009495a898f", "created_at": "2025-10-09T19:22:13.392786Z", "description": "Given I'm a monkey, when I poop, then I throw it"}]	\N	\N	t	8440d71a-adc1-5386-b174-d3cbdefca02e	Just a test	2025-10-11 19:37:05.593617+01	2025-10-09 13:06:50.564593+01	2025-10-21 12:21:03.348895+01
c14ac649-d99f-4fe6-afd2-3831b7da773a	c69fa65c-a116-4f3a-bd63-a990b8a1acff	35299584-b133-4b20-af2d-446bb1dead6a	As a product trio, I want to edit acceptance criteria and tasks inline so that grooming can happen without leaving the backlog	Expose editing for acceptance criteria and tasks in the backlog UI, leveraging existing API endpoints while keeping readiness projections in sync.	draft	{navigation,backlog,editability}	\N	[]	\N	\N	f	\N	\N	\N	2025-10-22 13:52:12.627898+01	2025-10-22 13:52:12.627898+01
a85c4725-3814-497a-8dd6-d5d8ee97936d	c69fa65c-a116-4f3a-bd63-a990b8a1acff	35299584-b133-4b20-af2d-446bb1dead6a	Task Status Management for Contributors	\N	draft	{}	8	[{"id": "e51730ba-2872-455d-b551-b9904903d758", "then": "I should become the owner of that task, and the task status should change to in_progress, and other contributors should no longer see it as available, and I should see a confirmation message", "when": "I click Take Ownership or Assign to Me", "given": "I am a contributor viewing an available task (no owner)", "story_id": "a85c4725-3814-497a-8dd6-d5d8ee97936d", "created_at": "2025-10-28T11:23:41.885918Z", "description": "Given I am a contributor viewing an available task (no owner), when I click Take Ownership or Assign to Me, then I should become the owner of that task, and the task status should change to in_progress, and other contributors should no longer see it as available, and I should see a confirmation message"}, {"id": "196d4f69-d8aa-44f7-9fe1-0f17fa0cffba", "then": "The task status should change to completed, and I should remain the owner (for audit trail), and the task should no longer appear in my active tasks, and sprint progress should update", "when": "I click Mark Complete", "given": "I own a task that is in_progress", "story_id": "a85c4725-3814-497a-8dd6-d5d8ee97936d", "created_at": "2025-10-28T11:23:41.905939Z", "description": "Given I own a task that is in_progress, when I click Mark Complete, then The task status should change to completed, and I should remain the owner (for audit trail), and the task should no longer appear in my active tasks, and sprint progress should update"}, {"id": "67739dd6-91d4-42cf-9ede-dda1ad1731fc", "then": "The task should return to available status, and the ownership should be cleared, and other contributors should see it as available again, and I should see a confirmation dialog warning about releasing the task", "when": "I click Release Task or Unassign", "given": "I own a task that is in_progress", "story_id": "a85c4725-3814-497a-8dd6-d5d8ee97936d", "created_at": "2025-10-28T11:23:41.928286Z", "description": "Given I own a task that is in_progress, when I click Release Task or Unassign, then The task should return to available status, and the ownership should be cleared, and other contributors should see it as available again, and I should see a confirmation dialog warning about releasing the task"}, {"id": "81b8fc1b-00d6-49fb-b543-dca6793dbb9d", "then": "I should see an error message indicating the task is unavailable, and I should see who currently owns it, and the action should be prevented", "when": "The task is already owned by another contributor", "given": "I attempt to take ownership of a task", "story_id": "a85c4725-3814-497a-8dd6-d5d8ee97936d", "created_at": "2025-10-28T11:23:41.944394Z", "description": "Given I attempt to take ownership of a task, when The task is already owned by another contributor, then I should see an error message indicating the task is unavailable, and I should see who currently owns it, and the action should be prevented"}, {"id": "90a239c8-a964-4404-956b-a5a07e37288d", "then": "I should see a history of state transitions, and each transition should show: timestamp, who made the change, from state, to state, and the history should be ordered chronologically (newest first)", "when": "I look at the task information", "given": "I am viewing a task details", "story_id": "a85c4725-3814-497a-8dd6-d5d8ee97936d", "created_at": "2025-10-28T11:23:41.965307Z", "description": "Given I am viewing a task details, when I look at the task information, then I should see a history of state transitions, and each transition should show: timestamp, who made the change, from state, to state, and the history should be ordered chronologically (newest first)"}, {"id": "d84a049f-60ef-49fe-9e04-50bfabc2915a", "then": "I should be able to perform bulk actions (e.g., Mark all as completed), and each task should transition independently with proper validation, and I should see a summary of successful vs. failed transitions", "when": "I select multiple tasks using checkboxes", "given": "I have multiple tasks assigned to me", "story_id": "a85c4725-3814-497a-8dd6-d5d8ee97936d", "created_at": "2025-10-28T11:23:41.982792Z", "description": "Given I have multiple tasks assigned to me, when I select multiple tasks using checkboxes, then I should be able to perform bulk actions (e.g., Mark all as completed), and each task should transition independently with proper validation, and I should see a summary of successful vs. failed transitions"}]	\N	\N	f	\N	\N	\N	2025-10-28 07:51:01.097828+00	2025-10-28 15:10:12.677672+00
a729a7f6-927f-49ac-aaad-40095866eb1b	c69fa65c-a116-4f3a-bd63-a990b8a1acff	35299584-b133-4b20-af2d-446bb1dead6a	As a developer, I want to see CI/CD pipeline status on story cards so that I know when my work is deployed without leaving Battra	Reduce context switching by integrating CI/CD platform status (GitHub Actions, CircleCI, Jenkins) directly into story and task views. Display build/test/deploy status, recent deployments, and failure alerts on story cards. Show pipeline health indicators (green check, red X, yellow warning) at a glance. Enable quick navigation to detailed CI/CD logs when troubleshooting failures. Helps developers track deployment progress, identify broken builds faster, and understand delivery bottlenecks without switching between multiple tools.	draft	{}	\N	[]	\N	\N	f	\N	\N	\N	2025-10-29 11:26:13.696197+00	2025-10-29 15:00:50.639689+00
aa13b4f8-4ab6-438f-979c-0d7ad58a8f64	c69fa65c-a116-4f3a-bd63-a990b8a1acff	35299584-b133-4b20-af2d-446bb1dead6a	As a product owner, I want to see feature flag status on story pages so that I know which features are dark-launched vs. fully released	Integrate with feature flag platforms (LaunchDarkly, Flagsmith, Unleash) to provide visibility into feature release status. Link feature flags to stories and tasks during development. Display flag status (enabled, disabled, rollout percentage, targeting rules) directly on story pages. Show which environments have the feature enabled (dev, staging, production). Enable teams to track gradual rollouts, understand feature availability, and coordinate release communications. Helps POs manage progressive delivery and communicate accurate feature status to stakeholders.	draft	{}	\N	[]	\N	\N	f	\N	\N	\N	2025-10-29 11:26:16.112585+00	2025-10-29 15:00:50.685902+00
acc53e31-5305-434f-9bc9-86cc54969d18	c69fa65c-a116-4f3a-bd63-a990b8a1acff	35299584-b133-4b20-af2d-446bb1dead6a	As a team member, I want a UI to view and manage my OKRs so that I can track my goals and see how they align with team objectives	Provide clear visibility into goal alignment by building a user interface for viewing and managing OKRs. Display hierarchical view showing company  team  individual OKRs, making alignment transparent. Show progress bars and completion percentages for each key result. Enable users to create, edit, and update their OKRs with intuitive forms. Support filtering by time period (Q1, Q2, etc.), owner, and status (on track, at risk, achieved). Include drill-down view to see contributing activities and tasks linked to each key result. Makes OKRs accessible and actionable for daily work rather than buried in spreadsheets.	draft	{}	\N	[]	\N	\N	f	\N	\N	\N	2025-10-29 11:40:09.512351+00	2025-10-29 15:00:50.836556+00
b3d66e95-7606-42aa-98c3-4edc6be50778	c69fa65c-a116-4f3a-bd63-a990b8a1acff	35299584-b133-4b20-af2d-446bb1dead6a	As a scrum master, I want AI to facilitate daily standups so that I can focus on removing blockers instead of administrative work	Automate standup preparation and execution to reduce scrum master overhead. The AI assistant prepares standup agendas by analyzing task status, identifies blockers automatically from stuck tasks, suggests discussion topics based on sprint health, and generates standup summaries. Integrates with team chat (Slack/Teams) for async standups and calendar for scheduling. Benefits scrum masters by automating 15-20 minutes of daily prep work and ensuring consistent standup quality.	draft	{}	\N	[]	\N	\N	f	\N	\N	\N	2025-10-29 11:26:20.761531+00	2025-10-29 15:00:50.479176+00
f8b2e2be-db17-4cfa-b3df-e55263452e24	c69fa65c-a116-4f3a-bd63-a990b8a1acff	35299584-b133-4b20-af2d-446bb1dead6a	As a senior engineer, I want my mentorship activities automatically tracked toward my leadership OKRs so that I can focus on coaching instead of logging	Automate progress tracking for growth-focused OKRs by monitoring leadership and mentorship activities: pairing sessions, knowledge sharing (docs, presentations), onboarding support, technical decisions led, and design reviews facilitated. AI analyzes activity quality and impact, not just quantity. For mentorship OKRs, proactively suggest actions: "You have guided 2 juniors this quarter. Consider scheduling regular 1-on-1s to reach your goal of mentoring 4 team members." Log activities as key result progress automatically, saving 20+ minutes weekly on OKR updates while ensuring meaningful leadership contributions are recognized.	draft	{}	\N	[]	\N	\N	f	\N	\N	\N	2025-10-29 11:40:24.45575+00	2025-10-29 15:00:50.582096+00
895b9c8e-a942-4029-96c2-70b7cee9f7b9	c69fa65c-a116-4f3a-bd63-a990b8a1acff	35299584-b133-4b20-af2d-446bb1dead6a	As a developer, I want my code quality improvements automatically tracked toward my OKRs so that I don't have to manually log technical progress	Eliminate manual OKR progress tracking for technical excellence goals by automatically analyzing commits, PRs, and code reviews. Track measurable metrics including test coverage improvements, code complexity reduction, documentation contributions, bug fix velocity, and adoption of best practices. Automatically update relevant key results with progress. Provide actionable feedback: "You increased test coverage by 15% this week, contributing 30% toward your 80% coverage goal. Continue at this pace to achieve your Q2 objective." Saves developers 30+ minutes per week of manual progress tracking while ensuring accurate technical OKR measurement.	draft	{}	\N	[]	\N	\N	f	\N	\N	\N	2025-10-29 11:40:22.157113+00	2025-10-29 15:00:50.560519+00
e7748826-0da3-4238-9beb-9fe6a6b6b388	c69fa65c-a116-4f3a-bd63-a990b8a1acff	35299584-b133-4b20-af2d-446bb1dead6a	As a manager, I want a dashboard showing team OKR health so that I can intervene early when team members struggle with their goals	Help managers support their teams by providing visibility into OKR health at a glance. Display team members with at-risk key results, progress trends across team, and alignment gaps (individual OKRs not supporting team goals). AI suggests timely interventions: "Alice is behind on her testing goal - consider pairing her with Bob who excels at testing." Provide conversation starters for 1-on-1 discussions based on OKR status. Alert managers when OKRs have stalled (no progress in 2 weeks). Reduces manager overhead in tracking team progress while enabling proactive coaching. Makes 1-on-1 conversations more productive by surfacing specific, data-driven discussion topics.	draft	{}	\N	[]	\N	\N	f	\N	\N	\N	2025-10-29 11:40:28.459447+00	2025-10-29 15:00:50.74666+00
896c88c6-c125-4ed6-81e1-95cdea06b077	c69fa65c-a116-4f3a-bd63-a990b8a1acff	35299584-b133-4b20-af2d-446bb1dead6a	As a team member, I want scheduled prompts to reflect on my OKR progress so that I stay accountable and identify obstacles early	Maintain OKR momentum through regular check-in prompts delivered via email or Slack. Send weekly or bi-weekly prompts: "How is progress on your collaboration goal? Any blockers?" Users can add written updates, adjust key result confidence levels, and identify obstacles blocking progress. AI summarizes progress trends and flags at-risk key results for manager attention. Manager view shows team check-in completion rates and summarized updates for 1-on-1 discussions. Prevents OKRs from becoming "set and forget" while reducing surprise failures at quarter-end. Makes OKRs a living practice instead of one-time planning exercise.	draft	{}	\N	[]	\N	\N	f	\N	\N	\N	2025-10-29 11:40:26.41761+00	2025-10-29 15:00:50.766699+00
292368a1-9899-4451-819e-032284ac63a7	c69fa65c-a116-4f3a-bd63-a990b8a1acff	35299584-b133-4b20-af2d-446bb1dead6a	As a manager, I want end-of-period OKR reports so that I can conduct meaningful performance reviews and celebrate team wins	Support performance review cycles and team recognition by generating comprehensive end-of-period OKR reports. Individual performance summary includes: key results achieved, progress made, obstacles overcome, and skills developed during the period. Team rollup report for managers shows aggregate achievement rates and growth areas. Celebrate wins by auto-generating kudos for completed objectives and highlighting exceptional progress. Export reports in formats suitable for formal performance reviews. Include AI-generated narrative summary of quarter/year accomplishments tied to OKRs. Makes performance reviews more objective and data-driven while ensuring achievements are recognized and celebrated.	draft	{}	\N	[]	\N	\N	f	\N	\N	\N	2025-10-29 11:40:37.98914+00	2025-10-29 15:00:50.819024+00
e252348b-1784-4352-a4c5-832c22789d90	c69fa65c-a116-4f3a-bd63-a990b8a1acff	35299584-b133-4b20-af2d-446bb1dead6a	As a developer, I want task recommendations aligned with my OKRs so that my daily work directly advances my goals	Connect daily work to quarterly goals by recommending tasks that align with user OKRs. Recommendation engine analyzes available tasks in sprints and backlog, matches them to user key results, and prioritizes tasks that advance OKR progress. Display OKR alignment badge on tasks showing which goals the work contributes to. When user views available work, show tasks most relevant to their objectives first. Include alignment score and explanation: "This task helps achieve your 'Improve API design skills' key result by giving you practice with REST API patterns." Increases motivation by making OKR relevance explicit and helps users make better choices about which work to pick up.	draft	{}	\N	[]	\N	\N	f	\N	\N	\N	2025-10-29 11:40:14.470718+00	2025-10-29 15:00:50.854353+00
8eaa4b6a-d1e3-4853-a6fe-4fb8da902eff	c69fa65c-a116-4f3a-bd63-a990b8a1acff	35299584-b133-4b20-af2d-446bb1dead6a	As a product owner, I want delivery performance metrics calculated automatically so that I can make data-driven planning decisions	Enable evidence-based planning by building a backend service that calculates and exposes delivery performance metrics. Track velocity (story points per sprint), burndown trends, completion rates, cycle time (time from start to done), and lead time (backlog to production). Service aggregates data from stories, tasks, and sprints, providing historical trends and forecasting future capacity. Powers dashboards and reports used by POs for sprint planning, stakeholder updates, and continuous improvement discussions. Replaces manual spreadsheet tracking with automated, accurate metrics.	draft	{}	\N	[]	\N	\N	f	\N	\N	\N	2025-10-29 11:26:08.740721+00	2025-10-29 15:00:50.666869+00
b5e95909-535c-45d0-a655-aa77612d009f	c69fa65c-a116-4f3a-bd63-a990b8a1acff	35299584-b133-4b20-af2d-446bb1dead6a	As a sponsor, I want a quick way to capture feature ideas so that I can record inspiration without disrupting my workflow or losing valuable thoughts	Enable sponsors to capture ideas the moment inspiration strikes by providing an always-accessible quick capture widget. Lightweight interface accessible via keyboard shortcut, browser extension, or floating button. Fast input flow: title, brief description, optional category. Automatically creates draft story that PO can later refine during backlog grooming. Reduces friction between idea and capture from minutes to seconds. Ensures valuable feature ideas aren't lost during meetings, customer conversations, or late-night epiphanies. Stories created via widget are marked as sponsor-originated for prioritization visibility.	draft	{}	\N	[{"id": "d5a0d656-edda-4a7d-a58f-c328e2959494", "then": "I should see a persistent quick capture button or widget (e.g., floating action button in corner) that is always accessible without navigating away from my current view", "when": "I am on any page in the application", "given": "I am a Sponsor logged into the system", "story_id": "b5e95909-535c-45d0-a655-aa77612d009f", "created_at": "2025-10-29T11:14:45.250207Z", "description": "Given I am a Sponsor logged into the system, when I am on any page in the application, then I should see a persistent quick capture button or widget (e.g., floating action button in corner) that is always accessible without navigating away from my current view"}, {"id": "681800ed-0395-4066-9fef-3cb7758c9de7", "then": "I should see a minimal form with just a title field and optional description textarea, with focus automatically set to the title field for immediate typing", "when": "The capture interface opens", "given": "I click the quick capture button", "story_id": "b5e95909-535c-45d0-a655-aa77612d009f", "created_at": "2025-10-29T11:14:51.056320Z", "description": "Given I click the quick capture button, when The capture interface opens, then I should see a minimal form with just a title field and optional description textarea, with focus automatically set to the title field for immediate typing"}, {"id": "9acba5dc-555b-4df5-aa42-acde5062e0c6", "then": "The idea should be instantly saved as a draft story in the backlog, I should see a success confirmation, and the form should clear for the next idea", "when": "I press Enter or click the Save button", "given": "I have entered a feature idea title", "story_id": "b5e95909-535c-45d0-a655-aa77612d009f", "created_at": "2025-10-29T11:14:57.724832Z", "description": "Given I have entered a feature idea title, when I press Enter or click the Save button, then The idea should be instantly saved as a draft story in the backlog, I should see a success confirmation, and the form should clear for the next idea"}, {"id": "dfa6e2e0-fc6f-4c95-b740-81a5c9b2d3ff", "then": "It should automatically be labeled with \\"sponsor-idea\\" or similar tag, set to draft status, and attributed to me as the creator so the PO knows it needs refinement", "when": "The story is created", "given": "I save a feature idea via quick capture", "story_id": "b5e95909-535c-45d0-a655-aa77612d009f", "created_at": "2025-10-29T11:15:04.910978Z", "description": "Given I save a feature idea via quick capture, when The story is created, then It should automatically be labeled with \\"sponsor-idea\\" or similar tag, set to draft status, and attributed to me as the creator so the PO knows it needs refinement"}, {"id": "3775327d-77be-48c6-b394-2dd95c08d416", "then": "I should be able to dictate my feature idea and have it transcribed into the title/description field", "when": "I click a microphone icon", "given": "I am using the quick capture widget on a device with voice input", "story_id": "b5e95909-535c-45d0-a655-aa77612d009f", "created_at": "2025-10-29T11:15:12.535771Z", "description": "Given I am using the quick capture widget on a device with voice input, when I click a microphone icon, then I should be able to dictate my feature idea and have it transcribed into the title/description field"}, {"id": "b8ad4277-0e95-4ad4-bb6c-67d23915c257", "then": "The system should use AI to expand the idea with suggested user stories, acceptance criteria, and related features, which I can review and accept or dismiss", "when": "I click an \\"Enhance with AI\\" button", "given": "I have entered a brief feature idea", "story_id": "b5e95909-535c-45d0-a655-aa77612d009f", "created_at": "2025-10-29T11:15:18.985969Z", "description": "Given I have entered a brief feature idea, when I click an \\"Enhance with AI\\" button, then The system should use AI to expand the idea with suggested user stories, acceptance criteria, and related features, which I can review and accept or dismiss"}, {"id": "85a19958-70aa-4c6a-80fd-1edf4f79bf7d", "then": "I should be taken to a filtered backlog view showing only my draft stories with the sponsor-idea label, sorted by most recent first", "when": "I click \\"View My Ideas\\" link in the widget", "given": "I have captured multiple feature ideas", "story_id": "b5e95909-535c-45d0-a655-aa77612d009f", "created_at": "2025-10-29T11:15:26.065862Z", "description": "Given I have captured multiple feature ideas, when I click \\"View My Ideas\\" link in the widget, then I should be taken to a filtered backlog view showing only my draft stories with the sponsor-idea label, sorted by most recent first"}, {"id": "b8031a8f-4360-40bc-9f16-a4485f452cc0", "then": "The quick capture widget should open immediately, allowing me to capture ideas without using the mouse", "when": "I press a global keyboard shortcut (e.g., Cmd+K or Ctrl+Shift+N)", "given": "I am a Sponsor using the application", "story_id": "b5e95909-535c-45d0-a655-aa77612d009f", "created_at": "2025-10-29T11:15:32.778578Z", "description": "Given I am a Sponsor using the application, when I press a global keyboard shortcut (e.g., Cmd+K or Ctrl+Shift+N), then The quick capture widget should open immediately, allowing me to capture ideas without using the mouse"}]	\N	\N	f	\N	\N	\N	2025-10-29 11:14:39.3777+00	2025-10-29 15:00:50.911774+00
85b3093d-2838-478d-9861-fb493afa2db7	c69fa65c-a116-4f3a-bd63-a990b8a1acff	35299584-b133-4b20-af2d-446bb1dead6a	As a product owner, I want the system to validate user story format so that I can ensure stories follow best practices before sprint planning	Improve story quality by validating that stories follow "As a [persona], I want [need], so that [benefit]" format. Provide gentle nudges when stories are created without proper persona-based structure, suggesting rewrites while allowing flexibility for edge cases. Help POs and teams write better stories by catching format issues early. Include validation rules for: persona presence, clear want/need statement, explicit benefit clause. Offer suggestions for improvement when format is weak: "Consider adding who benefits from this story." Makes story writing easier for new team members and maintains consistent quality across backlog.	ready	{}	3	[{"id": "2706173c-9c47-43a0-88a0-b166b739f7c9", "then": "The story should pass the persona format check because the title contains the required format", "when": "The readiness validation runs", "given": "I have a story with persona format in the title (As a... I want... so that...) but a non-persona description", "story_id": "85b3093d-2838-478d-9861-fb493afa2db7", "created_at": "2025-10-28T13:34:55.244602Z", "description": "Given I have a story with persona format in the title (As a... I want... so that...) but a non-persona description, when The readiness validation runs, then The story should pass the persona format check because the title contains the required format"}, {"id": "fe1b668b-10f0-408a-8282-4a3012267fa1", "then": "The story should pass the persona format check because the description contains the required format", "when": "The readiness validation runs", "given": "I have a story with a concise title but persona format in the description (As a... I want... so that...)", "story_id": "85b3093d-2838-478d-9861-fb493afa2db7", "created_at": "2025-10-28T13:34:56.772795Z", "description": "Given I have a story with a concise title but persona format in the description (As a... I want... so that...), when The readiness validation runs, then The story should pass the persona format check because the description contains the required format"}, {"id": "72246231-54fe-41b5-902d-4e7f039779c3", "then": "The story should fail the persona format check with a clear message indicating that either title or description must use persona format", "when": "The readiness validation runs", "given": "I have a story with neither title nor description in persona format", "story_id": "85b3093d-2838-478d-9861-fb493afa2db7", "created_at": "2025-10-28T13:34:57.819774Z", "description": "Given I have a story with neither title nor description in persona format, when The readiness validation runs, then The story should fail the persona format check with a clear message indicating that either title or description must use persona format"}, {"id": "489a2f69-4d62-4abc-80a1-50821cae76c2", "then": "The story should pass the persona format check (this is also acceptable, though redundant)", "when": "The readiness validation runs", "given": "I have a story with persona format in both title and description", "story_id": "85b3093d-2838-478d-9861-fb493afa2db7", "created_at": "2025-10-28T13:34:59.422636Z", "description": "Given I have a story with persona format in both title and description, when The readiness validation runs, then The story should pass the persona format check (this is also acceptable, though redundant)"}, {"id": "24a25dfe-72fc-4131-ae71-8b6ae365e875", "then": "The error message should be updated to say: Either title or description must use persona format (As a... I want... so that...) instead of requiring both", "when": "I look at the readiness feedback", "given": "I am viewing a story that fails the persona format check", "story_id": "85b3093d-2838-478d-9861-fb493afa2db7", "created_at": "2025-10-28T13:35:00.497355Z", "description": "Given I am viewing a story that fails the persona format check, when I look at the readiness feedback, then The error message should be updated to say: Either title or description must use persona format (As a... I want... so that...) instead of requiring both"}]	\N	\N	f	\N	\N	\N	2025-10-28 13:32:47.783565+00	2025-10-29 15:00:50.704012+00
3b8ffccc-56b4-44d5-84f4-f95be05db142	c69fa65c-a116-4f3a-bd63-a990b8a1acff	35299584-b133-4b20-af2d-446bb1dead6a	As a team member, I want AI to recommend learning resources based on my OKR progress so that I can close skill gaps blocking my goals	Turn OKR challenges into growth opportunities by providing AI-powered learning recommendations. Identify skill gaps from OKR progress patterns: "Your testing OKR is progressing slowly - consider learning about test automation frameworks like Playwright." Suggest specific resources: online courses (Pluralsight, Udemy), internal documentation, expert team members to pair with, and relevant tasks to practice skills. Track learning activities as progress toward skill development key results. Integrate with learning platforms to recommend specific courses. Makes professional development proactive and targeted rather than reactive. Helps team members see clear path from current state to goal achievement through skill building.	draft	{}	\N	[]	\N	\N	f	\N	\N	\N	2025-10-29 11:40:40.354261+00	2025-10-29 15:00:50.801435+00
d923ff4a-f368-4342-9453-5d91ac0a8f99	c69fa65c-a116-4f3a-bd63-a990b8a1acff	35299584-b133-4b20-af2d-446bb1dead6a	As a developer, I want tasks automatically linked to PRs so that I can track code review status without switching tools	Reduce context switching by integrating with GitHub/GitLab to automatically link tasks and stories to pull requests. Display PR status (open, approved, merged, CI status) directly on task cards and story pages. Support bidirectional linking via PR descriptions or commit messages (e.g., "Closes TASK-123"). Show review status, number of approvals needed, and merge conflicts at a glance. Enable quick navigation to full PR for detailed review. Helps developers track code review progress, identify bottlenecks, and see when their work is mergedall within Battra's sprint board.	draft	{}	\N	[]	\N	\N	f	\N	\N	\N	2025-10-29 11:26:11.53662+00	2025-10-29 15:00:50.872401+00
413a10ae-6f8c-4f00-9ad4-5ff4b6527371	c69fa65c-a116-4f3a-bd63-a990b8a1acff	35299584-b133-4b20-af2d-446bb1dead6a	As a sponsor, I want a high-level dashboard showing delivery metrics so that I can understand progress and identify risks without diving into implementation details	Provide executive visibility into project health by building a sponsor-focused dashboard with high-level delivery metrics. Show velocity trends, burndown charts showing sprint progress, feature completion rates, and budget/timeline tracking. Display leading indicators of risk: velocity drop, scope creep, and blockers. Present data in sponsor-friendly language (business outcomes, not technical jargon). Enable sponsors to make informed investment decisions and understand ROI. Reduces need for detailed status meetings by making key metrics self-service. Particularly valuable for sponsors managing multiple projects who need quick health checks.	draft	{}	\N	[{"id": "4821fab6-845f-4e43-86ff-91a5b2b56f96", "then": "I should see an executive summary showing: total features delivered vs planned, current sprint progress %, average velocity (last 3 sprints), projected completion date, and overall project health status (green/yellow/red)", "when": "The page loads", "given": "I am a Sponsor viewing the dashboard", "story_id": "413a10ae-6f8c-4f00-9ad4-5ff4b6527371", "created_at": "2025-10-29T11:13:40.361301Z", "description": "Given I am a Sponsor viewing the dashboard, when The page loads, then I should see an executive summary showing: total features delivered vs planned, current sprint progress %, average velocity (last 3 sprints), projected completion date, and overall project health status (green/yellow/red)"}, {"id": "46adab78-839c-4a8b-b67c-c46516b94022", "then": "I should see a line chart showing story points completed per sprint for the last 6 sprints, with a trend line and average velocity indicator", "when": "I look at the velocity section", "given": "I am viewing the dashboard", "story_id": "413a10ae-6f8c-4f00-9ad4-5ff4b6527371", "created_at": "2025-10-29T11:13:46.231877Z", "description": "Given I am viewing the dashboard, when I look at the velocity section, then I should see a line chart showing story points completed per sprint for the last 6 sprints, with a trend line and average velocity indicator"}, {"id": "6dc92ad0-022b-4e08-856d-94e2275dd4d8", "then": "I should see a burndown chart showing remaining story points vs ideal burndown line, with days remaining and completion trend (on track, ahead, behind schedule)", "when": "I view the dashboard", "given": "There is an active sprint", "story_id": "413a10ae-6f8c-4f00-9ad4-5ff4b6527371", "created_at": "2025-10-29T11:13:52.226536Z", "description": "Given There is an active sprint, when I view the dashboard, then I should see a burndown chart showing remaining story points vs ideal burndown line, with days remaining and completion trend (on track, ahead, behind schedule)"}, {"id": "666a1ebb-7721-4b01-897b-cf9f7dfc5b26", "then": "I should see a list of major features/epics with completion percentage, target date, and status indicator (completed, in progress, at risk, blocked)", "when": "I look at the features section", "given": "I am viewing the dashboard", "story_id": "413a10ae-6f8c-4f00-9ad4-5ff4b6527371", "created_at": "2025-10-29T11:13:58.233511Z", "description": "Given I am viewing the dashboard, when I look at the features section, then I should see a list of major features/epics with completion percentage, target date, and status indicator (completed, in progress, at risk, blocked)"}, {"id": "c6575e61-3c57-4b93-932f-22b9f54d1b2b", "then": "I should see a prominent alerts section highlighting critical issues (e.g., \\"3 stories blocked\\", \\"Velocity down 30% from average\\", \\"Sprint at risk of missing deadline\\") with links to details", "when": "I view the dashboard", "given": "There are risks or blockers in the project", "story_id": "413a10ae-6f8c-4f00-9ad4-5ff4b6527371", "created_at": "2025-10-29T11:14:04.286098Z", "description": "Given There are risks or blockers in the project, when I view the dashboard, then I should see a prominent alerts section highlighting critical issues (e.g., \\"3 stories blocked\\", \\"Velocity down 30% from average\\", \\"Sprint at risk of missing deadline\\") with links to details"}, {"id": "21acfde4-ac95-4e60-b4cf-3c16a907b501", "then": "I should see the original project timeline vs actual progress, estimated completion date based on current velocity, and budget spent vs allocated (if budget tracking is enabled)", "when": "I look at the timeline section", "given": "I am viewing the dashboard", "story_id": "413a10ae-6f8c-4f00-9ad4-5ff4b6527371", "created_at": "2025-10-29T11:14:09.971100Z", "description": "Given I am viewing the dashboard, when I look at the timeline section, then I should see the original project timeline vs actual progress, estimated completion date based on current velocity, and budget spent vs allocated (if budget tracking is enabled)"}, {"id": "36a54dc0-d56c-4a94-9474-4ac5eaee1f0a", "then": "I should see team capacity utilization (current sprint load vs capacity), number of active contributors, and average task completion time", "when": "I look at the team section", "given": "I am viewing the dashboard", "story_id": "413a10ae-6f8c-4f00-9ad4-5ff4b6527371", "created_at": "2025-10-29T11:14:15.696128Z", "description": "Given I am viewing the dashboard, when I look at the team section, then I should see team capacity utilization (current sprint load vs capacity), number of active contributors, and average task completion time"}, {"id": "bc61695e-5f5f-4393-9948-ba2eccd44e72", "then": "I should have an option to export dashboard as PDF report or share a public read-only link with customizable date range", "when": "I want to share metrics with stakeholders", "given": "I am viewing the dashboard", "story_id": "413a10ae-6f8c-4f00-9ad4-5ff4b6527371", "created_at": "2025-10-29T11:14:25.431957Z", "description": "Given I am viewing the dashboard, when I want to share metrics with stakeholders, then I should have an option to export dashboard as PDF report or share a public read-only link with customizable date range"}]	\N	\N	f	\N	\N	\N	2025-10-29 11:13:32.428978+00	2025-10-29 15:00:50.889627+00
24e14f90-bd7b-495a-9c31-9b6ebeaf712d	c69fa65c-a116-4f3a-bd63-a990b8a1acff	35299584-b133-4b20-af2d-446bb1dead6a	As a stakeholder, I want to see sprint health metrics so that I can understand delivery risk without attending daily standups	Provide stakeholders with self-service sprint health visibility through clear, accessible metrics. Display key health indicators: velocity vs. capacity, scope change trends, blocker count and age, completion forecast (on track / at risk / in trouble). Show burndown chart with confidence intervals. Highlight stories at risk of not completing this sprint. Enable stakeholders to understand project health and make informed decisions without requiring deep Agile expertise. Reduces meeting overhead for team while keeping stakeholders informed. Updates automatically as sprint progresses, providing real-time visibility.	draft	{}	5	[{"id": "60e28649-8f1e-47ba-bfdc-36ebeb073d58", "then": "I should see a burndown chart showing tasks completed over time, and the chart should compare actual progress to ideal progress, and I should see current velocity vs. planned velocity", "when": "I access the metrics section", "given": "I am viewing the sprint dashboard", "story_id": "24e14f90-bd7b-495a-9c31-9b6ebeaf712d", "created_at": "2025-10-28T11:23:42.107225Z", "description": "Given I am viewing the sprint dashboard, when I access the metrics section, then I should see a burndown chart showing tasks completed over time, and the chart should compare actual progress to ideal progress, and I should see current velocity vs. planned velocity"}, {"id": "7f1b6644-5dbc-42b3-9b35-07a6cba265db", "then": "I should see a breakdown of tasks by status (available, in_progress, completed), and I should see a list of contributors with their assigned task counts, and I should see which stories have the most unclaimed tasks", "when": "I look at the distribution section", "given": "I am viewing the sprint metrics", "story_id": "24e14f90-bd7b-495a-9c31-9b6ebeaf712d", "created_at": "2025-10-28T11:23:42.122789Z", "description": "Given I am viewing the sprint metrics, when I look at the distribution section, then I should see a breakdown of tasks by status (available, in_progress, completed), and I should see a list of contributors with their assigned task counts, and I should see which stories have the most unclaimed tasks"}, {"id": "0780e2aa-66d8-47fa-a321-ecf05219c79a", "then": "I should see visual risk indicators or warnings, and I should see specific recommendations (e.g., 5 tasks have been in progress for 3+ days)", "when": "There are concerning patterns (e.g., many tasks unclaimed, tasks stuck in progress)", "given": "I am viewing the sprint metrics", "story_id": "24e14f90-bd7b-495a-9c31-9b6ebeaf712d", "created_at": "2025-10-28T11:23:42.140141Z", "description": "Given I am viewing the sprint metrics, when There are concerning patterns (e.g., many tasks unclaimed, tasks stuck in progress), then I should see visual risk indicators or warnings, and I should see specific recommendations (e.g., 5 tasks have been in progress for 3+ days)"}, {"id": "b7b233d9-2e37-4ab9-a18f-406c5516361f", "then": "I should receive a downloadable summary (CSV or PDF), and the report should include: sprint dates, story list, task completion status, contributor assignments, burndown data", "when": "I click Export Report", "given": "I am viewing sprint metrics", "story_id": "24e14f90-bd7b-495a-9c31-9b6ebeaf712d", "created_at": "2025-10-28T11:23:42.157718Z", "description": "Given I am viewing sprint metrics, when I click Export Report, then I should receive a downloadable summary (CSV or PDF), and the report should include: sprint dates, story list, task completion status, contributor assignments, burndown data"}]	\N	\N	f	\N	\N	\N	2025-10-28 07:51:41.962564+00	2025-10-29 15:00:50.938168+00
32748062-392a-40c0-af69-539cbf2f4102	c69fa65c-a116-4f3a-bd63-a990b8a1acff	35299584-b133-4b20-af2d-446bb1dead6a	As a product owner, I want to prioritize stories so that the most valuable work is planned into sprints first	Enable Product Owners and Sponsors to set priorities on stories so that high-value work is automatically selected first during sprint planning. This includes adding a priority field (Critical/High/Medium/Low or 1-100 weight), implementing RBAC so only POs/Sponsors can update priorities, sorting the backlog by priority, and modifying the sprint planning algorithm to prioritize high-value stories within capacity constraints.	ready	{}	8	[{"id": "5614e6d4-1faa-4eb3-aee4-110d3de9fdc7", "then": "I should see a priority field with options: Critical, High, Medium, Low, or a numeric weight (1-100)", "when": "I look at a story", "given": "I am a Sponsor or Product Owner viewing the backlog", "story_id": "32748062-392a-40c0-af69-539cbf2f4102", "created_at": "2025-10-29T10:46:49.111197Z", "description": "Given I am a Sponsor or Product Owner viewing the backlog, when I look at a story, then I should see a priority field with options: Critical, High, Medium, Low, or a numeric weight (1-100)"}, {"id": "8da65628-639a-4445-8e41-a099bdf769ac", "then": "The story should be saved with the new priority value and the backlog should re-sort to reflect the priority order", "when": "I set or update the priority/weight of the story", "given": "I am a Sponsor or Product Owner with a story selected", "story_id": "32748062-392a-40c0-af69-539cbf2f4102", "created_at": "2025-10-29T10:46:56.472616Z", "description": "Given I am a Sponsor or Product Owner with a story selected, when I set or update the priority/weight of the story, then The story should be saved with the new priority value and the backlog should re-sort to reflect the priority order"}, {"id": "5e872ffa-3b89-4342-8b57-65e44823cb2d", "then": "Stories with higher priority/weight should be selected first until capacity is reached", "when": "Multiple ready stories are available and exceed sprint capacity", "given": "The sprint planner is selecting stories for a new sprint", "story_id": "32748062-392a-40c0-af69-539cbf2f4102", "created_at": "2025-10-29T10:47:04.313966Z", "description": "Given The sprint planner is selecting stories for a new sprint, when Multiple ready stories are available and exceed sprint capacity, then Stories with higher priority/weight should be selected first until capacity is reached"}, {"id": "3eccc9a9-d0b8-4ae6-9eb7-ccc0e07b607c", "then": "Stories should be sorted by priority (highest first) by default, with an option to sort by other criteria", "when": "Stories are displayed", "given": "I am viewing the backlog", "story_id": "32748062-392a-40c0-af69-539cbf2f4102", "created_at": "2025-10-29T10:47:09.785426Z", "description": "Given I am viewing the backlog, when Stories are displayed, then Stories should be sorted by priority (highest first) by default, with an option to sort by other criteria"}, {"id": "f6cca147-05d7-4ffa-abd0-d16089392561", "then": "I can see the priority but cannot change it, ensuring only Sponsors and POs control prioritization", "when": "I view stories or tasks", "given": "I am a Contributor (dev/qa role)", "story_id": "32748062-392a-40c0-af69-539cbf2f4102", "created_at": "2025-10-29T10:47:16.292763Z", "description": "Given I am a Contributor (dev/qa role), when I view stories or tasks, then I can see the priority but cannot change it, ensuring only Sponsors and POs control prioritization"}]	\N	\N	f	\N	\N	\N	2025-10-29 10:44:17.559665+00	2025-10-29 15:31:24.451416+00
4f35d451-9ec7-4a20-97f4-83b59f2aa5da	c69fa65c-a116-4f3a-bd63-a990b8a1acff	35299584-b133-4b20-af2d-446bb1dead6a	Task Readiness Analysis and Enhancement Recommendations	Implement automated task analysis system that evaluates task descriptions for clarity and completeness. Rule-based scoring algorithm checks for: technical details (file paths, functions), vague language detection, AC references, and AI agent compatibility (success criteria, dependencies, tests, DoD). System generates specific recommendations to improve task quality. Provides clarity score (0-100) with color-coded visualization. Scope: AC1-AC5 (rule-based analysis). AC6-AC7 (LLM enrichment) deferred to future story.	ready	{}	8	[{"id": "e0261453-8f72-4b08-8290-d8fb7903c869", "then": "I should see a clarity score indicating how well-defined the task is, with specific recommendations for improvement", "when": "The task readiness analysis runs", "given": "I am viewing a task in the backlog", "story_id": "4f35d451-9ec7-4a20-97f4-83b59f2aa5da", "created_at": "2025-10-28T15:31:04.169541Z", "description": "Given I am viewing a task in the backlog, when The task readiness analysis runs, then I should see a clarity score indicating how well-defined the task is, with specific recommendations for improvement"}, {"id": "81054dee-14c5-455f-a580-7d8870ba34ee", "then": "The system should recommend adding: file paths to modify, specific functions/components to create or change, expected inputs/outputs, and technical approach or architecture decisions", "when": "The analysis evaluates the task", "given": "A task description lacks specific technical details", "story_id": "4f35d451-9ec7-4a20-97f4-83b59f2aa5da", "created_at": "2025-10-28T15:31:14.333096Z", "description": "Given A task description lacks specific technical details, when The analysis evaluates the task, then The system should recommend adding: file paths to modify, specific functions/components to create or change, expected inputs/outputs, and technical approach or architecture decisions"}, {"id": "30639999-a0b1-4381-b92b-173a7d946bc8", "then": "The system should flag terms like implement, create, build, add, fix without specifics, and recommend concrete actions with measurable outcomes", "when": "The analysis evaluates the task", "given": "A task has vague or ambiguous language", "story_id": "4f35d451-9ec7-4a20-97f4-83b59f2aa5da", "created_at": "2025-10-28T15:31:16.412973Z", "description": "Given A task has vague or ambiguous language, when The analysis evaluates the task, then The system should flag terms like implement, create, build, add, fix without specifics, and recommend concrete actions with measurable outcomes"}, {"id": "5649e91e-043f-4097-916b-9907620bff3e", "then": "The system should recommend linking to specific acceptance criteria IDs and suggest which ACs the task addresses", "when": "The analysis evaluates the task", "given": "A task is missing acceptance criteria references", "story_id": "4f35d451-9ec7-4a20-97f4-83b59f2aa5da", "created_at": "2025-10-28T15:31:17.491457Z", "description": "Given A task is missing acceptance criteria references, when The analysis evaluates the task, then The system should recommend linking to specific acceptance criteria IDs and suggest which ACs the task addresses"}, {"id": "3f42fa09-1117-463b-b523-08dc03a2f4a4", "then": "The system should evaluate if the task includes: clear success criteria, explicit dependencies, required environment setup, expected test coverage, and definition of done", "when": "The readiness check runs", "given": "A task is analyzed for AI agent compatibility", "story_id": "4f35d451-9ec7-4a20-97f4-83b59f2aa5da", "created_at": "2025-10-28T15:31:18.233558Z", "description": "Given A task is analyzed for AI agent compatibility, when The readiness check runs, then The system should evaluate if the task includes: clear success criteria, explicit dependencies, required environment setup, expected test coverage, and definition of done"}, {"id": "dd7b8a3c-2689-4a11-9c0d-e46843a0be1d", "then": "The system should use LLM to generate detailed task description based on story context, related tasks, acceptance criteria, and codebase context, and present it as a suggestion for review", "when": "I request AI-assisted task enrichment", "given": "I select a task to enhance", "story_id": "4f35d451-9ec7-4a20-97f4-83b59f2aa5da", "created_at": "2025-10-28T15:31:19.179666Z", "description": "Given I select a task to enhance, when I request AI-assisted task enrichment, then The system should use LLM to generate detailed task description based on story context, related tasks, acceptance criteria, and codebase context, and present it as a suggestion for review"}, {"id": "bbd83897-f34c-4c09-a280-a965c0937d04", "then": "I should see examples of well-defined tasks from the same project or similar domains, and be able to apply recommended enhancements with one click", "when": "I view the recommendations", "given": "A task analysis is complete", "story_id": "4f35d451-9ec7-4a20-97f4-83b59f2aa5da", "created_at": "2025-10-28T15:31:19.841026Z", "description": "Given A task analysis is complete, when I view the recommendations, then I should see examples of well-defined tasks from the same project or similar domains, and be able to apply recommended enhancements with one click"}]	\N	\N	f	\N	\N	\N	2025-10-28 15:29:13.588172+00	2025-10-29 16:47:34.081608+00
a5160a6c-761a-4506-9e6d-66f426f6b3b6	c69fa65c-a116-4f3a-bd63-a990b8a1acff	35299584-b133-4b20-af2d-446bb1dead6a	As a product owner, I want AI-powered task enrichment so that tasks can be automatically enhanced with detailed technical specifications and examples	Extend Task Readiness Analysis with LLM integration. AI-powered task enrichment generates detailed descriptions with file paths, function signatures, inputs/outputs, test scenarios, and technical approach. Includes similar task retrieval (semantic search for examples) and one-click enhancement application. Prerequisites: Story A (rule-based analysis) must be completed first. Estimated 5 story points.	draft	{ai,enhancement,llm,task-quality}	5	[{"id": "a047c617-b74e-4bae-bcd6-3c62dee37f0c", "then": "The system should use LLM to generate detailed task description based on story context, related tasks, acceptance criteria, and codebase context, and present it as a suggestion for review", "when": "I request AI-assisted task enrichment", "given": "I select a task to enhance", "story_id": "a5160a6c-761a-4506-9e6d-66f426f6b3b6", "created_at": "2025-10-29T17:09:57.074494Z", "description": "Given I select a task to enhance, when I request AI-assisted task enrichment, then The system should use LLM to generate detailed task description based on story context, related tasks, acceptance criteria, and codebase context, and present it as a suggestion for review"}, {"id": "2ffb3dd3-0bb2-477a-b913-13db0f9d09d6", "then": "I should see examples of well-defined tasks from the same project or similar domains, and be able to apply recommended enhancements with one click", "when": "I view the recommendations", "given": "A task analysis is complete", "story_id": "a5160a6c-761a-4506-9e6d-66f426f6b3b6", "created_at": "2025-10-29T17:09:57.135149Z", "description": "Given A task analysis is complete, when I view the recommendations, then I should see examples of well-defined tasks from the same project or similar domains, and be able to apply recommended enhancements with one click"}]	\N	\N	f	\N	\N	\N	2025-10-29 17:01:30.896075+00	2025-10-29 17:10:18.191543+00
\.


--
-- Data for Name: readiness_task_projections; Type: TABLE DATA; Schema: public; Owner: postgres
--

COPY public.readiness_task_projections (id, story_id, organization_id, title, description, acceptance_criteria_refs, status, owner_user_id, estimated_hours, created_at, updated_at, owned_at, completed_at) FROM stdin;
550e8400-e29b-41d4-a716-446655440000	550e8400-e29b-41d4-a716-446655440000	\N	Test Task 1	Integration test task	{AC1,AC2}	available	\N	\N	2025-09-29 17:22:15.689968+01	2025-09-29 17:22:15.689968+01	\N	\N
2ffbfa6d-ceb8-4f86-af40-32c17521a0df	5bb8df3a-6e07-4872-a43d-2fd8f6ad5b57	c69fa65c-a116-4f3a-bd63-a990b8a1acff	Dummy for test	This one doesn't do anything	{9ccc6c6c-ea70-4b9a-b7da-73c2c165a744}	owned	dd294318-8d4d-584d-9ac7-b709ebe0b213	\N	2025-10-24 17:50:52.233177+01	2025-10-24 17:50:58.064066+01	2025-10-24 17:50:58.060912+01	\N
cfb8ccee-88ac-4faa-982d-bfd8289c8cde	fbdb370a-ba81-4022-896a-3d05e87d1dc6	c69fa65c-a116-4f3a-bd63-a990b8a1acff	Persist per-view projections	Design projection tables for sprint board, backlog, and readiness summaries; implement write model hooks to populate them and read APIs to serve slim payloads.	{48b0e78e-d956-40a6-bf7c-c87d8fda153d}	available	\N	\N	2025-10-23 10:30:52.701254+01	2025-10-23 10:30:52.701254+01	\N	\N
550e8400-e29b-41d4-a716-446655440001	550e8400-e29b-41d4-a716-446655440001	\N	Test Task 2	Performance test task	{AC1}	available	\N	\N	2025-09-29 17:22:15.689968+01	2025-09-29 17:22:15.689968+01	\N	\N
4b5de04f-d024-432a-8c5f-6862bd93809b	c0a154a2-7a11-422e-bd60-ac0de1806dd7	c69fa65c-a116-4f3a-bd63-a990b8a1acff	Render backlog readiness badges	Add visual indicators and filters for readiness rule breaches.	{30ef722c-44f7-408a-a0fa-e2b53e736232}	available	\N	\N	2025-10-22 13:28:27.752161+01	2025-10-22 13:28:27.752161+01	\N	\N
b50a4773-8b00-4144-aa7c-7b474bd46e2d	c0a154a2-7a11-422e-bd60-ac0de1806dd7	c69fa65c-a116-4f3a-bd63-a990b8a1acff	Add backlog readiness regression tests	Create automated coverage (Vitest/Playwright) to verify badges, aggregate stats, and AI remediation prompts appear for flagged stories.	{30ef722c-44f7-408a-a0fa-e2b53e736232,501aacba-00f1-4a6c-93bb-d7d3a2f70b7b,41f0ad0d-8457-4d0c-89a2-15ebe248cea0}	available	\N	\N	2025-10-22 16:14:35.063412+01	2025-10-22 16:14:35.063412+01	\N	\N
badef25a-c8d7-4489-a560-b02be730fd56	5bb8df3a-6e07-4872-a43d-2fd8f6ad5b57	c69fa65c-a116-4f3a-bd63-a990b8a1acff	Render assigned tasks widget	Build dashboard component that lists top three assigned tasks with quick actions.	{9ccc6c6c-ea70-4b9a-b7da-73c2c165a744}	completed	15b2bb87-a0c3-4292-ba1e-d00f23e2222d	\N	2025-10-22 13:26:11.435505+01	2025-10-23 11:35:49.07898+01	2025-10-23 11:35:39.696215+01	2025-10-23 11:35:49.076392+01
82bb3f34-c2af-4f4f-afaf-78076ef569a0	a85c4725-3814-497a-8dd6-d5d8ee97936d	c69fa65c-a116-4f3a-bd63-a990b8a1acff	Implement release task ownership API	Create DELETE /tasks/{id}/ownership endpoint to unassign task	{AC3}	available	\N	\N	2025-10-28 14:30:14.433089+00	2025-10-28 14:30:14.433089+00	\N	\N
e8512bac-74c9-4da4-8d4a-0d03b6e38a08	5bb8df3a-6e07-4872-a43d-2fd8f6ad5b57	c69fa65c-a116-4f3a-bd63-a990b8a1acff	Show ready stories fallback	Expose ready stories when no assigned tasks exist, including quick action to pull story.	{af61eba5-7acd-4524-8d1f-4da14f95eb08}	owned	dd294318-8d4d-584d-9ac7-b709ebe0b213	\N	2025-10-22 13:26:25.466675+01	2025-10-24 17:09:36.021008+01	2025-10-24 17:09:36.017532+01	\N
91f9241d-73b4-4a7f-aadd-136d8463634f	5bb8df3a-6e07-4872-a43d-2fd8f6ad5b57	c69fa65c-a116-4f3a-bd63-a990b8a1acff	Integrate AI suggestion state	When no work items remain, call AI service to provide the next recommended action.	{7a9caa81-bf69-4e22-b734-dc77d0551073}	inprogress	15b2bb87-a0c3-4292-ba1e-d00f23e2222d	\N	2025-10-22 13:26:37.653229+01	2025-10-23 11:36:19.213698+01	2025-10-23 11:36:01.826185+01	\N
80ff29ac-0bb4-4391-b9d4-fdc973cb31f4	a0c8c75c-1b2e-46d2-a9b5-f009495a898f	\N	Do a thing	Do it	{a1111111-1111-1111-1111-111111111111}	available	\N	\N	2025-10-09 20:21:24.62642+01	2025-10-09 20:21:24.62642+01	\N	\N
2a25b04b-24ec-4985-b12c-e2524c301653	a0c8c75c-1b2e-46d2-a9b5-f009495a898f	\N	Do another thing	Throw it	{a2222222-2222-2222-2222-222222222222,f67bd12a-5954-4dc6-8e4f-fce80d698849}	available	\N	\N	2025-10-09 20:22:25.781489+01	2025-10-09 20:22:25.781489+01	\N	\N
3b1f0b72-38f2-4e11-9d09-ec11a77d81eb	736184ec-7ab7-471d-b68c-a3ed088ba879	\N	Do a thing	\N	{AC-1}	available	\N	\N	2025-10-21 13:22:06.236355+01	2025-10-21 13:22:06.236355+01	\N	\N
d705151f-d292-47e1-8176-7fbc91c255e4	736184ec-7ab7-471d-b68c-a3ed088ba879	\N	DO another thing	\N	{a61330c9-f037-4933-8d1a-9296d8fda1bf}	available	\N	\N	2025-10-21 13:22:33.982813+01	2025-10-21 13:22:33.982813+01	\N	\N
ff7172ef-aa62-4d6c-aae3-dbd370a0da93	a85c4725-3814-497a-8dd6-d5d8ee97936d	c69fa65c-a116-4f3a-bd63-a990b8a1acff	Add task state history tracking	Store and retrieve task state transition history with timestamps and user info	{AC5}	available	\N	\N	2025-10-28 14:30:14.446123+00	2025-10-28 14:30:14.446123+00	\N	\N
33acb64b-7113-40a6-926d-4d9e882b78d3	a85c4725-3814-497a-8dd6-d5d8ee97936d	c69fa65c-a116-4f3a-bd63-a990b8a1acff	Build task ownership UI components	Create Take Ownership, Mark Complete, and Release Task buttons with confirmation dialogs	{AC1,AC2,AC3}	available	\N	\N	2025-10-28 14:30:14.458172+00	2025-10-28 14:30:14.458172+00	\N	\N
46ed04e3-e632-464f-9752-a9ba889bd15b	a85c4725-3814-497a-8dd6-d5d8ee97936d	c69fa65c-a116-4f3a-bd63-a990b8a1acff	Implement bulk task operations	Add bulk selection and bulk action support for marking multiple tasks complete	{AC6}	available	\N	\N	2025-10-28 14:30:14.470796+00	2025-10-28 14:30:14.470796+00	\N	\N
c4e911a6-583e-4131-b045-b92957b65ab7	a8a8bba1-61d3-4d74-8f93-f3ca6328b114	c69fa65c-a116-4f3a-bd63-a990b8a1acff	Create inline action button component	Build reusable component for contextual action buttons with hover/focus behavior	{AC1}	available	\N	\N	2025-10-28 14:30:14.482744+00	2025-10-28 14:30:14.482744+00	\N	\N
906c8426-e3a0-4f85-98d8-c3ff25ff3d09	a8a8bba1-61d3-4d74-8f93-f3ca6328b114	c69fa65c-a116-4f3a-bd63-a990b8a1acff	Implement quick take action	Wire up Take button to ownership API with optimistic UI updates	{AC2,AC4}	available	\N	\N	2025-10-28 14:30:14.495159+00	2025-10-28 14:30:14.495159+00	\N	\N
272974b5-6d2b-4868-8d12-1790ece276e3	a8a8bba1-61d3-4d74-8f93-f3ca6328b114	c69fa65c-a116-4f3a-bd63-a990b8a1acff	Implement quick complete action	Wire up Complete button to completion API with visual feedback	{AC3,AC4}	available	\N	\N	2025-10-28 14:30:14.506759+00	2025-10-28 14:30:14.506759+00	\N	\N
122b39b6-9c18-4004-986e-3fcbbf3261d5	a8a8bba1-61d3-4d74-8f93-f3ca6328b114	c69fa65c-a116-4f3a-bd63-a990b8a1acff	Add keyboard shortcuts support	Implement keyboard event handlers for T, C, R shortcuts and help dialog	{AC5}	available	\N	\N	2025-10-28 14:30:14.518451+00	2025-10-28 14:30:14.518451+00	\N	\N
91a37414-2e2b-433f-ad66-c9ece71ade7b	24e14f90-bd7b-495a-9c31-9b6ebeaf712d	c69fa65c-a116-4f3a-bd63-a990b8a1acff	Create sprint metrics API endpoint	Implement GET /sprints/{id}/metrics endpoint returning burndown and distribution data	{AC1,AC2}	available	\N	\N	2025-10-28 14:30:14.531004+00	2025-10-28 14:30:14.531004+00	\N	\N
41745f2d-794c-4516-ad3d-1bd8aec582d9	24e14f90-bd7b-495a-9c31-9b6ebeaf712d	c69fa65c-a116-4f3a-bd63-a990b8a1acff	Build burndown chart component	Create chart visualization comparing actual vs ideal progress with velocity metrics	{AC1}	available	\N	\N	2025-10-28 14:30:14.543144+00	2025-10-28 14:30:14.543144+00	\N	\N
8c670956-ba15-4507-bf87-c5a361b8cb13	24e14f90-bd7b-495a-9c31-9b6ebeaf712d	c69fa65c-a116-4f3a-bd63-a990b8a1acff	Build task distribution dashboard	Display task breakdown by status and contributor assignment counts	{AC2}	available	\N	\N	2025-10-28 14:30:14.555543+00	2025-10-28 14:30:14.555543+00	\N	\N
bff62afb-dab4-4615-9ab1-72a2ea3db4e2	24e14f90-bd7b-495a-9c31-9b6ebeaf712d	c69fa65c-a116-4f3a-bd63-a990b8a1acff	Implement risk indicator logic	Add detection and display of concerning patterns with recommendations	{AC3}	available	\N	\N	2025-10-28 14:30:14.568766+00	2025-10-28 14:30:14.568766+00	\N	\N
2fa914db-a630-4732-8fe9-35ac31a2098d	5bb8df3a-6e07-4872-a43d-2fd8f6ad5b57	66fb8efe-76c0-4b0c-9a57-b5e1deb05b58	Test ownership workflow	This task is available to test the ownership flow	{}	available	\N	\N	2025-10-24 17:49:28.437944+01	2025-10-24 17:49:28.437944+01	\N	\N
c8ee8d35-357a-49c6-a461-91085ed7f3c9	2c40c1a7-1463-40ef-ba69-194592fc6d7e	c69fa65c-a116-4f3a-bd63-a990b8a1acff	Surface blockers list	Aggregate blocked tasks and present escalation options in sprint spotlight.	{ab36b539-f005-450b-a4de-70cd204ac9f0}	completed	15b2bb87-a0c3-4292-ba1e-d00f23e2222d	\N	2025-10-22 13:31:14.196115+01	2025-10-23 10:47:25.744317+01	2025-10-23 10:38:33.286275+01	2025-10-23 10:47:25.743966+01
cd7855fb-1511-4634-85d8-db21cf38f95a	a85c4725-3814-497a-8dd6-d5d8ee97936d	c69fa65c-a116-4f3a-bd63-a990b8a1acff	Write API tests for task completion	Test mark complete endpoint and verify status transitions	{AC2}	available	\N	\N	2025-10-28 14:42:31.942099+00	2025-10-28 14:42:31.942099+00	\N	\N
001a3b89-b0f1-44a1-abe8-1b7686c82670	a85c4725-3814-497a-8dd6-d5d8ee97936d	c69fa65c-a116-4f3a-bd63-a990b8a1acff	Test bulk task operations	Verify bulk selection, actions, and success/failure reporting	{AC6}	available	\N	\N	2025-10-28 14:42:31.983314+00	2025-10-28 14:42:31.983314+00	\N	\N
31fe7bd9-b60d-4a3f-8f98-79b9cca40d48	85b3093d-2838-478d-9861-fb493afa2db7	c69fa65c-a116-4f3a-bd63-a990b8a1acff	Update persona format validation logic	Change readiness validation to accept persona format in title OR description (not require both)	{AC1,AC2,AC3,AC4}	available	\N	\N	2025-10-28 14:30:14.5927+00	2025-10-28 14:30:14.5927+00	\N	\N
b9bba0d8-9df3-443f-ac25-b9ec3f3cb309	85b3093d-2838-478d-9861-fb493afa2db7	c69fa65c-a116-4f3a-bd63-a990b8a1acff	Update error message text	Change error message to indicate either title or description must use persona format	{AC5}	available	\N	\N	2025-10-28 14:30:14.604584+00	2025-10-28 14:30:14.604584+00	\N	\N
09995016-7252-4cba-a1a2-553859997c7e	85b3093d-2838-478d-9861-fb493afa2db7	c69fa65c-a116-4f3a-bd63-a990b8a1acff	Add unit tests for flexible validation	Write tests covering all AC scenarios for persona format validation	{AC1,AC2,AC3,AC4}	available	\N	\N	2025-10-28 14:30:14.615984+00	2025-10-28 14:30:14.615984+00	\N	\N
c87b84ac-3f74-4743-8fb6-3514e7a38f0b	85b3093d-2838-478d-9861-fb493afa2db7	c69fa65c-a116-4f3a-bd63-a990b8a1acff	Regression test existing stories	Verify existing stories still pass validation after changes	{AC1,AC2,AC3,AC4}	available	\N	\N	2025-10-28 14:42:32.156818+00	2025-10-28 14:42:32.156818+00	\N	\N
e800d1b3-33a2-4a29-9322-a6a756e9d313	a8a8bba1-61d3-4d74-8f93-f3ca6328b114	c69fa65c-a116-4f3a-bd63-a990b8a1acff	Test optimistic UI updates and rollback	Verify UI updates immediately and rolls back on server errors	{AC4}	available	\N	\N	2025-10-28 14:42:32.026036+00	2025-10-28 14:42:32.026036+00	\N	\N
ddfdb984-fa76-450d-acaf-d702096bc08a	c3b352a6-8dd3-4ad6-8197-219ad93cb28a	c69fa65c-a116-4f3a-bd63-a990b8a1acff	Test task availability visual indicators	Verify available, owned, and others tasks are visually distinct	{AC3}	available	\N	\N	2025-10-28 14:42:31.895323+00	2025-10-28 14:42:31.895323+00	\N	\N
2c15c6f7-9359-4b40-9089-7f581b1bca77	24e14f90-bd7b-495a-9c31-9b6ebeaf712d	c69fa65c-a116-4f3a-bd63-a990b8a1acff	Add export report functionality	Implement CSV/PDF export of sprint report with all metrics	{AC4}	available	\N	\N	2025-10-28 14:30:14.580758+00	2025-10-28 14:30:14.580758+00	\N	\N
7e7219dd-0f4d-4420-a722-29ab2ceb271b	c0a154a2-7a11-422e-bd60-ac0de1806dd7	c69fa65c-a116-4f3a-bd63-a990b8a1acff	Implement AI grooming suggestions	Call AI service for remediation advice when a flagged story is opened and display actionable CTA.	{501aacba-00f1-4a6c-93bb-d7d3a2f70b7b}	available	\N	\N	2025-10-22 13:28:45.229251+01	2025-10-22 13:28:45.229251+01	\N	\N
bcf07936-6b5a-4396-8bdf-e1ca44ceec26	c0a154a2-7a11-422e-bd60-ac0de1806dd7	c69fa65c-a116-4f3a-bd63-a990b8a1acff	Instrument readiness baseline metrics	Capture before/after metrics (flagged story count, ready story points, resolution time) and surface them on the backlog dashboard.	{41f0ad0d-8457-4d0c-89a2-15ebe248cea0}	available	\N	\N	2025-10-22 16:14:43.791995+01	2025-10-22 16:14:43.791995+01	\N	\N
777d505d-f90e-4667-838e-b711d19ba91c	24e14f90-bd7b-495a-9c31-9b6ebeaf712d	c69fa65c-a116-4f3a-bd63-a990b8a1acff	Test sprint metrics API endpoint	Verify API returns correct burndown and distribution data	{AC1,AC2}	available	\N	\N	2025-10-28 14:42:32.06757+00	2025-10-28 14:42:32.06757+00	\N	\N
cb1eff5f-4683-4548-b1fd-0dfdac8b4c3c	24e14f90-bd7b-495a-9c31-9b6ebeaf712d	c69fa65c-a116-4f3a-bd63-a990b8a1acff	Test export report functionality	Verify CSV/PDF export contains all required data and correct formatting	{AC4}	available	\N	\N	2025-10-28 14:42:32.111412+00	2025-10-28 14:42:32.111412+00	\N	\N
fe9efe49-3c22-4ec5-ab80-671b9951e76e	32748062-392a-40c0-af69-539cbf2f4102	c69fa65c-a116-4f3a-bd63-a990b8a1acff	[Backend] Add priority field to Story data model	Add priority_level enum. Estimated: 2h	{5614e6d4-1faa-4eb3-aee4-110d3de9fdc7,8da65628-639a-4445-8e41-a099bdf769ac}	available	\N	\N	2025-10-29 15:34:12.595183+00	2025-10-29 15:34:12.595183+00	\N	\N
3136c4b1-ce72-4dd9-a8c3-892295ef7f97	32748062-392a-40c0-af69-539cbf2f4102	c69fa65c-a116-4f3a-bd63-a990b8a1acff	[Backend] Implement priority update API endpoint	PATCH endpoint. Estimated: 3h	{8da65628-639a-4445-8e41-a099bdf769ac}	available	\N	\N	2025-10-29 15:34:45.132724+00	2025-10-29 15:34:45.132724+00	\N	\N
c92c4675-8fbd-47af-9c7d-f716933e545a	32748062-392a-40c0-af69-539cbf2f4102	c69fa65c-a116-4f3a-bd63-a990b8a1acff	[Backend] Add priority-based sorting to backlog queries	Sort by priority. Estimated: 2h	{8da65628-639a-4445-8e41-a099bdf769ac,3eccc9a9-d0b8-4ae6-9eb7-ccc0e07b607c}	available	\N	\N	2025-10-29 15:34:45.167233+00	2025-10-29 15:34:45.167233+00	\N	\N
e636b56e-a584-46b2-bd75-041b042fcd25	c0a154a2-7a11-422e-bd60-ac0de1806dd7	c69fa65c-a116-4f3a-bd63-a990b8a1acff	Build backlog readiness summary	Compute and render aggregate readiness metrics on the backlog page header.	{41f0ad0d-8457-4d0c-89a2-15ebe248cea0}	available	\N	\N	2025-10-22 13:28:56.791145+01	2025-10-22 13:28:56.791145+01	\N	\N
f92202ef-7837-44ef-9540-c088ef62f37f	2c40c1a7-1463-40ef-ba69-194592fc6d7e	c69fa65c-a116-4f3a-bd63-a990b8a1acff	Implement sprint spotlight header	Display sprint goal, name, and countdown information on dashboard.	{b34de663-498a-4dd6-be5f-3ccf838b0ea1}	completed	15b2bb87-a0c3-4292-ba1e-d00f23e2222d	\N	2025-10-22 13:30:44.203852+01	2025-10-23 10:47:14.593786+01	2025-10-23 10:37:50.919971+01	2025-10-23 10:47:14.593623+01
45b00c82-a4c2-4bf9-9ce0-cb63dadfbc7f	2c40c1a7-1463-40ef-ba69-194592fc6d7e	c69fa65c-a116-4f3a-bd63-a990b8a1acff	Instrument capacity warning metrics	Track when committed points exceed 80% capacity and log/visualize before-after metrics for spotlight warnings.	{b4b702f8-187b-411c-ab7c-d1246fcbddfa}	completed	e142c755-8407-428e-b049-2565d79cc708	\N	2025-10-22 16:35:21.663967+01	2025-10-23 10:48:24.167662+01	2025-10-23 10:38:15.881168+01	2025-10-23 10:48:24.167363+01
a38973ec-8d3b-4585-be4f-d12b4d494350	a85c4725-3814-497a-8dd6-d5d8ee97936d	c69fa65c-a116-4f3a-bd63-a990b8a1acff	Write API tests for task ownership endpoints	Test take, release, and validation of ownership state transitions	{AC1,AC3,AC4}	available	\N	\N	2025-10-28 14:42:31.92838+00	2025-10-28 14:42:31.92838+00	\N	\N
4f4207c4-9e4a-4a08-a158-f7b103a0f57d	a85c4725-3814-497a-8dd6-d5d8ee97936d	c69fa65c-a116-4f3a-bd63-a990b8a1acff	Test task state history tracking	Verify history records all transitions with correct timestamps and user info	{AC5}	available	\N	\N	2025-10-28 14:42:31.955936+00	2025-10-28 14:42:31.955936+00	\N	\N
778ba540-7397-4fea-aba3-25ecf4cba981	a85c4725-3814-497a-8dd6-d5d8ee97936d	c69fa65c-a116-4f3a-bd63-a990b8a1acff	Write E2E tests for task ownership UI flow	Test complete user journey: take, work, complete, and release actions	{AC1,AC2,AC3}	available	\N	\N	2025-10-28 14:42:31.969572+00	2025-10-28 14:42:31.969572+00	\N	\N
7decdae6-9496-42e1-a6d5-681f20d139f5	a8a8bba1-61d3-4d74-8f93-f3ca6328b114	c69fa65c-a116-4f3a-bd63-a990b8a1acff	Test keyboard shortcuts functionality	Verify T, C, R shortcuts work and help dialog displays correctly	{AC5}	available	\N	\N	2025-10-28 14:42:32.039837+00	2025-10-28 14:42:32.039837+00	\N	\N
0352953a-5c38-4c50-9f16-d18c1daf25a9	a8a8bba1-61d3-4d74-8f93-f3ca6328b114	c69fa65c-a116-4f3a-bd63-a990b8a1acff	Test quick actions user experience	End-to-end test of Take and Complete quick actions with visual feedback	{AC2,AC3}	available	\N	\N	2025-10-28 14:42:32.054043+00	2025-10-28 14:42:32.054043+00	\N	\N
df4fcbbb-bacd-4c9c-bb93-661d7540f299	c3b352a6-8dd3-4ad6-8197-219ad93cb28a	c69fa65c-a116-4f3a-bd63-a990b8a1acff	Create Sprint Task Board API endpoint	Implement GET endpoint that returns all tasks from all stories in the sprint with filters	{AC1,AC2}	available	\N	\N	2025-10-28 13:39:24.921327+00	2025-10-28 13:39:24.921327+00	\N	\N
900a4113-20b3-4d76-80f8-03d57a7e6220	a85c4725-3814-497a-8dd6-d5d8ee97936d	c69fa65c-a116-4f3a-bd63-a990b8a1acff	Test concurrent task ownership scenarios	Verify race condition handling when multiple users try to claim same task	{AC4}	available	\N	\N	2025-10-28 14:42:31.998378+00	2025-10-28 14:42:31.998378+00	\N	\N
8c41dbcb-9efb-43fc-8109-832b266eef35	85b3093d-2838-478d-9861-fb493afa2db7	c69fa65c-a116-4f3a-bd63-a990b8a1acff	Write integration tests for flexible validation	Test all AC scenarios: title only, description only, neither, both	{AC1,AC2,AC3,AC4}	available	\N	\N	2025-10-28 14:42:32.128845+00	2025-10-28 14:42:32.128845+00	\N	\N
5d086b3e-6323-4448-8cfc-784b0cceee7a	85b3093d-2838-478d-9861-fb493afa2db7	c69fa65c-a116-4f3a-bd63-a990b8a1acff	Verify updated error messages in UI	Test that error message shows correct text about either title or description	{AC5}	available	\N	\N	2025-10-28 14:42:32.143461+00	2025-10-28 14:42:32.143461+00	\N	\N
8ac952ab-4485-4c3a-983e-788b15daec41	a8a8bba1-61d3-4d74-8f93-f3ca6328b114	c69fa65c-a116-4f3a-bd63-a990b8a1acff	Test inline action button visibility and state	Verify buttons appear on hover/focus and are enabled/disabled correctly	{AC1}	available	\N	\N	2025-10-28 14:42:32.012756+00	2025-10-28 14:42:32.012756+00	\N	\N
c708d4d2-dfaf-4da5-86a1-50b5c6431311	c3b352a6-8dd3-4ad6-8197-219ad93cb28a	c69fa65c-a116-4f3a-bd63-a990b8a1acff	Write E2E tests for sprint task board page	Test navigation, task display, filtering, grouping, and real-time updates	{AC1,AC2,AC4}	available	\N	\N	2025-10-28 14:42:31.861817+00	2025-10-28 14:42:31.861817+00	\N	\N
1f6129dc-7726-4234-9ec5-4c673978b468	c3b352a6-8dd3-4ad6-8197-219ad93cb28a	c69fa65c-a116-4f3a-bd63-a990b8a1acff	Test sprint context header display	Verify sprint info, progress indicator, and story count accuracy	{AC5}	available	\N	\N	2025-10-28 14:42:31.912374+00	2025-10-28 14:42:31.912374+00	\N	\N
7223c5d7-3e50-4794-9315-f54b33f3be2f	24e14f90-bd7b-495a-9c31-9b6ebeaf712d	c69fa65c-a116-4f3a-bd63-a990b8a1acff	Test burndown chart accuracy	Verify chart displays correct actual vs ideal progress and velocity	{AC1}	available	\N	\N	2025-10-28 14:42:32.082976+00	2025-10-28 14:42:32.082976+00	\N	\N
d8ccee64-f88b-42be-a163-1106e6e40499	24e14f90-bd7b-495a-9c31-9b6ebeaf712d	c69fa65c-a116-4f3a-bd63-a990b8a1acff	Test risk indicator logic	Verify risk warnings appear for concerning patterns with correct recommendations	{AC3}	available	\N	\N	2025-10-28 14:42:32.098129+00	2025-10-28 14:42:32.098129+00	\N	\N
cb01c698-6e41-4802-955e-335cc16e0091	32748062-392a-40c0-af69-539cbf2f4102	c69fa65c-a116-4f3a-bd63-a990b8a1acff	[Backend] Implement RBAC for priority field	Authorization checks. Estimated: 1h	{f6cca147-05d7-4ffa-abd0-d16089392561}	available	\N	\N	2025-10-29 15:34:45.183472+00	2025-10-29 15:34:45.183472+00	\N	\N
3b9e20f2-5892-46b6-b060-8bcfb39e472d	32748062-392a-40c0-af69-539cbf2f4102	c69fa65c-a116-4f3a-bd63-a990b8a1acff	[Backend] Add priority filtering to sprint planning algorithm	Greedy algorithm. Estimated: 4h	{5e872ffa-3b89-4342-8b57-65e44823cb2d}	available	\N	\N	2025-10-29 15:34:45.200256+00	2025-10-29 15:34:45.200256+00	\N	\N
fac71e08-198c-446c-916a-fdb97c30603d	32748062-392a-40c0-af69-539cbf2f4102	c69fa65c-a116-4f3a-bd63-a990b8a1acff	[QA] Write API tests for priority field CRUD	Integration tests. Estimated: 2h	{5614e6d4-1faa-4eb3-aee4-110d3de9fdc7,8da65628-639a-4445-8e41-a099bdf769ac}	available	\N	\N	2025-10-29 15:35:12.825471+00	2025-10-29 15:35:12.825471+00	\N	\N
0e090da9-e0f2-4694-b63b-e86459d09e48	32748062-392a-40c0-af69-539cbf2f4102	c69fa65c-a116-4f3a-bd63-a990b8a1acff	[QA] Test priority sorting in backlog	Verify ordering. Estimated: 1h	{3eccc9a9-d0b8-4ae6-9eb7-ccc0e07b607c}	available	\N	\N	2025-10-29 15:35:12.85483+00	2025-10-29 15:35:12.85483+00	\N	\N
a8b4043c-803e-46e2-893f-ea4abc30ebe1	32748062-392a-40c0-af69-539cbf2f4102	c69fa65c-a116-4f3a-bd63-a990b8a1acff	[QA] Test sprint planning prioritization	Edge cases. Estimated: 2h	{5e872ffa-3b89-4342-8b57-65e44823cb2d}	available	\N	\N	2025-10-29 15:35:12.903051+00	2025-10-29 15:35:12.903051+00	\N	\N
7e742227-ca5c-4657-b495-cafbb946fb77	32748062-392a-40c0-af69-539cbf2f4102	c69fa65c-a116-4f3a-bd63-a990b8a1acff	[QA] E2E test for complete priority workflow	Full workflow. Estimated: 2h	{5614e6d4-1faa-4eb3-aee4-110d3de9fdc7,8da65628-639a-4445-8e41-a099bdf769ac,5e872ffa-3b89-4342-8b57-65e44823cb2d,3eccc9a9-d0b8-4ae6-9eb7-ccc0e07b607c,f6cca147-05d7-4ffa-abd0-d16089392561}	available	\N	\N	2025-10-29 15:35:12.93635+00	2025-10-29 15:35:12.93635+00	\N	\N
5ab304a3-dd65-4b95-9cf2-d26b4f21d97f	5bb8df3a-6e07-4872-a43d-2fd8f6ad5b57	c69fa65c-a116-4f3a-bd63-a990b8a1acff	Instrument dashboard metrics	Log render time telemetry and dashboard engagement metrics for developer landing experience.	{91e6142b-b42e-4dd1-9acb-0a306917820a}	inprogress	e142c755-8407-428e-b049-2565d79cc708	\N	2025-10-22 14:50:57.821945+01	2025-10-23 11:36:56.375352+01	2025-10-23 11:36:47.483186+01	\N
a73f2e2c-3e70-44ee-b961-ef8d26ea78d9	5bb8df3a-6e07-4872-a43d-2fd8f6ad5b57	c69fa65c-a116-4f3a-bd63-a990b8a1acff	Add dashboard regression tests	Automate functional tests covering the task widget, ready-story fallback, and AI nudges.	{9ccc6c6c-ea70-4b9a-b7da-73c2c165a744,af61eba5-7acd-4524-8d1f-4da14f95eb08,7a9caa81-bf69-4e22-b734-dc77d0551073}	inprogress	1a1036e8-6fc7-4c28-adf9-48c52a20c619	\N	2025-10-22 14:50:22.040005+01	2025-10-23 11:36:38.088309+01	2025-10-23 11:36:28.94306+01	\N
e411678c-b8af-498a-84a4-eae66cfbc059	2c40c1a7-1463-40ef-ba69-194592fc6d7e	c69fa65c-a116-4f3a-bd63-a990b8a1acff	Add capacity risk indicator	Calculate committed vs capacity and surface warning when thresholds exceeded.	{f6957c3b-0e08-4b8f-b0c8-6f06137e658a}	completed	15b2bb87-a0c3-4292-ba1e-d00f23e2222d	\N	2025-10-22 13:30:55.49346+01	2025-10-23 10:47:25.681058+01	2025-10-23 10:37:59.165832+01	2025-10-23 10:47:25.680068+01
dc1e08d8-cd3d-417f-85e4-c4ff825a071b	2c40c1a7-1463-40ef-ba69-194592fc6d7e	c69fa65c-a116-4f3a-bd63-a990b8a1acff	Automate sprint spotlight warnings	Add backend/unit coverage plus Playwright checks to verify the warning badge appears when capacity >80%.	{b4b702f8-187b-411c-ab7c-d1246fcbddfa}	inprogress	1a1036e8-6fc7-4c28-adf9-48c52a20c619	\N	2025-10-22 16:35:30.873224+01	2025-10-23 11:30:39.784811+01	2025-10-23 10:38:07.337577+01	\N
0fec5c89-5e54-4b1b-8887-ecbd13b4ba7d	a85c4725-3814-497a-8dd6-d5d8ee97936d	c69fa65c-a116-4f3a-bd63-a990b8a1acff	Implement take task ownership API	Create POST /tasks/{id}/ownership endpoint to claim task ownership	{AC1,AC4}	available	\N	\N	2025-10-28 14:30:14.409456+00	2025-10-28 14:30:14.409456+00	\N	\N
781dc639-36eb-4087-bfaa-8cc96fdd8086	a85c4725-3814-497a-8dd6-d5d8ee97936d	c69fa65c-a116-4f3a-bd63-a990b8a1acff	Implement mark task complete API	Create POST /tasks/{id}/work/complete endpoint to mark task as completed	{AC2}	available	\N	\N	2025-10-28 14:30:14.421478+00	2025-10-28 14:30:14.421478+00	\N	\N
bbc41920-2d4c-4a2f-bd2b-b019b8646b4b	c3b352a6-8dd3-4ad6-8197-219ad93cb28a	c69fa65c-a116-4f3a-bd63-a990b8a1acff	Create Sprint Task Board UI page	Build /projects/{id}/sprints/{sprint_id}/tasks page with task list display	{AC1,AC3}	available	\N	\N	2025-10-28 14:30:01.386569+00	2025-10-28 14:30:01.386569+00	\N	\N
49df80ce-30ab-4439-b1de-52459d7f4be8	c3b352a6-8dd3-4ad6-8197-219ad93cb28a	c69fa65c-a116-4f3a-bd63-a990b8a1acff	Implement task filtering and grouping	Add client-side filtering by status and grouping by story/status with counts	{AC2}	available	\N	\N	2025-10-28 14:30:01.405462+00	2025-10-28 14:30:01.405462+00	\N	\N
c7616bc3-79dc-4590-b7e0-a36e60e51631	c3b352a6-8dd3-4ad6-8197-219ad93cb28a	c69fa65c-a116-4f3a-bd63-a990b8a1acff	Add real-time updates with WebSocket	Implement WebSocket connection for task status/ownership changes with notifications	{AC4}	available	\N	\N	2025-10-28 14:30:01.418991+00	2025-10-28 14:30:01.418991+00	\N	\N
d0a3442d-5610-40a6-ac34-ec29ff0bee80	c3b352a6-8dd3-4ad6-8197-219ad93cb28a	c69fa65c-a116-4f3a-bd63-a990b8a1acff	Build sprint context header component	Display sprint name, dates, progress indicator, and story count in header	{AC5}	available	\N	\N	2025-10-28 14:30:01.434585+00	2025-10-28 14:30:01.434585+00	\N	\N
4338af69-7582-4ac6-bd79-ef4b3f40677c	c3b352a6-8dd3-4ad6-8197-219ad93cb28a	c69fa65c-a116-4f3a-bd63-a990b8a1acff	Create Sprint Task Board UI page	Build /projects/{id}/sprints/{sprint_id}/tasks page with task list display	{AC1,AC3}	available	\N	\N	2025-10-28 14:30:14.361594+00	2025-10-28 14:30:14.361594+00	\N	\N
7b97270b-07da-46f8-a6aa-3455dc429683	c3b352a6-8dd3-4ad6-8197-219ad93cb28a	c69fa65c-a116-4f3a-bd63-a990b8a1acff	Implement task filtering and grouping	Add client-side filtering by status and grouping by story/status with counts	{AC2}	available	\N	\N	2025-10-28 14:30:14.374429+00	2025-10-28 14:30:14.374429+00	\N	\N
56eb3c8b-1ee7-4812-b7d2-ad403a84019a	c3b352a6-8dd3-4ad6-8197-219ad93cb28a	c69fa65c-a116-4f3a-bd63-a990b8a1acff	Add real-time updates with WebSocket	Implement WebSocket connection for task status/ownership changes with notifications	{AC4}	available	\N	\N	2025-10-28 14:30:14.386011+00	2025-10-28 14:30:14.386011+00	\N	\N
25bb306f-916a-44a9-a3df-cd7d34e3a40c	c3b352a6-8dd3-4ad6-8197-219ad93cb28a	c69fa65c-a116-4f3a-bd63-a990b8a1acff	Build sprint context header component	Display sprint name, dates, progress indicator, and story count in header	{AC5}	available	\N	\N	2025-10-28 14:30:14.397235+00	2025-10-28 14:30:14.397235+00	\N	\N
02ed9d2b-4e45-43d2-8579-496874416690	32748062-392a-40c0-af69-539cbf2f4102	08c7f00c-7b5d-4a4f-9f66-13b94265c5df	[DevOps] Create database migration for priority field	Add column and index. Estimated: 1h	{5614e6d4-1faa-4eb3-aee4-110d3de9fdc7,8da65628-639a-4445-8e41-a099bdf769ac}	available	\N	\N	2025-10-29 15:35:12.950174+00	2025-10-29 15:35:12.950174+00	\N	\N
0e6e22cc-fe5d-4886-8376-f6ad4a072fd6	32748062-392a-40c0-af69-539cbf2f4102	08c7f00c-7b5d-4a4f-9f66-13b94265c5df	[DevOps] Update OpenAPI spec with priority field	Document in spec. Estimated: 30min	{5614e6d4-1faa-4eb3-aee4-110d3de9fdc7,8da65628-639a-4445-8e41-a099bdf769ac,5e872ffa-3b89-4342-8b57-65e44823cb2d,3eccc9a9-d0b8-4ae6-9eb7-ccc0e07b607c,f6cca147-05d7-4ffa-abd0-d16089392561}	available	\N	\N	2025-10-29 15:35:12.964116+00	2025-10-29 15:35:12.964116+00	\N	\N
5047f423-819f-4c6e-8d9f-1b98c45d9553	32748062-392a-40c0-af69-539cbf2f4102	08c7f00c-7b5d-4a4f-9f66-13b94265c5df	[Docs] Document priority system in user guide	User documentation. Estimated: 2h	{5614e6d4-1faa-4eb3-aee4-110d3de9fdc7,8da65628-639a-4445-8e41-a099bdf769ac,f6cca147-05d7-4ffa-abd0-d16089392561}	available	\N	\N	2025-10-29 15:35:12.987052+00	2025-10-29 15:35:12.987052+00	\N	\N
191c7208-2368-494f-b51a-6b78d614a108	32748062-392a-40c0-af69-539cbf2f4102	08c7f00c-7b5d-4a4f-9f66-13b94265c5df	[Docs] Update sprint planning guide with priority rules	Planning docs. Estimated: 1h	{5e872ffa-3b89-4342-8b57-65e44823cb2d}	available	\N	\N	2025-10-29 15:35:13.02133+00	2025-10-29 15:35:13.02133+00	\N	\N
c10e0d3b-ca58-45db-872d-938783f22167	32748062-392a-40c0-af69-539cbf2f4102	08c7f00c-7b5d-4a4f-9f66-13b94265c5df	[Docs] Create ADR for priority field design	Architecture decision. Estimated: 1h	{5614e6d4-1faa-4eb3-aee4-110d3de9fdc7,8da65628-639a-4445-8e41-a099bdf769ac}	available	\N	\N	2025-10-29 15:35:13.035471+00	2025-10-29 15:35:13.035471+00	\N	\N
c4f3102d-3e3c-40b1-a8bc-e4a3015f4554	32748062-392a-40c0-af69-539cbf2f4102	c69fa65c-a116-4f3a-bd63-a990b8a1acff	[Frontend] Add priority selector UI component	Dropdown UI. Estimated: 3h	{5614e6d4-1faa-4eb3-aee4-110d3de9fdc7,8da65628-639a-4445-8e41-a099bdf769ac}	available	\N	\N	2025-10-29 15:35:13.048624+00	2025-10-29 15:35:13.048624+00	\N	\N
8361417c-d34d-4de3-9dd8-e642a8fac6a6	32748062-392a-40c0-af69-539cbf2f4102	c69fa65c-a116-4f3a-bd63-a990b8a1acff	[Frontend] Implement drag-and-drop priority reordering	Drag to reorder. Estimated: 4h	{8da65628-639a-4445-8e41-a099bdf769ac}	available	\N	\N	2025-10-29 15:35:13.069694+00	2025-10-29 15:35:13.069694+00	\N	\N
18fc18a5-d8ee-416e-b12e-b883d00ebf2c	32748062-392a-40c0-af69-539cbf2f4102	c69fa65c-a116-4f3a-bd63-a990b8a1acff	[Frontend] Update backlog view with priority sorting	Sort UI. Estimated: 2h	{3eccc9a9-d0b8-4ae6-9eb7-ccc0e07b607c}	available	\N	\N	2025-10-29 15:35:13.083956+00	2025-10-29 15:35:13.083956+00	\N	\N
c70482db-08b3-4af8-9cb6-75258dfbfe59	32748062-392a-40c0-af69-539cbf2f4102	c69fa65c-a116-4f3a-bd63-a990b8a1acff	[Frontend] Add priority filters to backlog	Filter UI. Estimated: 2h	{3eccc9a9-d0b8-4ae6-9eb7-ccc0e07b607c}	available	\N	\N	2025-10-29 15:35:13.097034+00	2025-10-29 15:35:13.097034+00	\N	\N
e1f3ea31-9358-4874-9a24-26c01d2fa28c	32748062-392a-40c0-af69-539cbf2f4102	08c7f00c-7b5d-4a4f-9f66-13b94265c5df	[DevOps] Create database migration for priority field	Add column and index. Estimated: 1h	{5614e6d4-1faa-4eb3-aee4-110d3de9fdc7,8da65628-639a-4445-8e41-a099bdf769ac}	available	\N	\N	2025-10-29 16:05:58.62909+00	2025-10-29 16:05:58.62909+00	\N	\N
3487b813-8403-41d3-a66a-db90153425ad	32748062-392a-40c0-af69-539cbf2f4102	08c7f00c-7b5d-4a4f-9f66-13b94265c5df	[DevOps] Update OpenAPI spec with priority field	Document in spec. Estimated: 30min	{5614e6d4-1faa-4eb3-aee4-110d3de9fdc7,8da65628-639a-4445-8e41-a099bdf769ac,5e872ffa-3b89-4342-8b57-65e44823cb2d,3eccc9a9-d0b8-4ae6-9eb7-ccc0e07b607c,f6cca147-05d7-4ffa-abd0-d16089392561}	available	\N	\N	2025-10-29 16:05:58.655081+00	2025-10-29 16:05:58.655081+00	\N	\N
61453eb3-d600-4522-b2e5-4dafb56f7fc7	32748062-392a-40c0-af69-539cbf2f4102	08c7f00c-7b5d-4a4f-9f66-13b94265c5df	[Docs] Document priority system in user guide	User documentation. Estimated: 2h	{5614e6d4-1faa-4eb3-aee4-110d3de9fdc7,8da65628-639a-4445-8e41-a099bdf769ac,f6cca147-05d7-4ffa-abd0-d16089392561}	available	\N	\N	2025-10-29 16:05:58.696695+00	2025-10-29 16:05:58.696695+00	\N	\N
f8b9d9b1-ff1b-40f2-9304-cfc237a2077f	32748062-392a-40c0-af69-539cbf2f4102	08c7f00c-7b5d-4a4f-9f66-13b94265c5df	[Docs] Update sprint planning guide with priority rules	Planning docs. Estimated: 1h	{5e872ffa-3b89-4342-8b57-65e44823cb2d}	available	\N	\N	2025-10-29 16:05:58.711284+00	2025-10-29 16:05:58.711284+00	\N	\N
84ee1708-9a46-4ca3-b4d3-72454a632024	32748062-392a-40c0-af69-539cbf2f4102	08c7f00c-7b5d-4a4f-9f66-13b94265c5df	[Docs] Create ADR for priority field design	Architecture decision. Estimated: 1h	{5614e6d4-1faa-4eb3-aee4-110d3de9fdc7,8da65628-639a-4445-8e41-a099bdf769ac}	available	\N	\N	2025-10-29 16:05:58.726878+00	2025-10-29 16:05:58.726878+00	\N	\N
62fb0e97-b797-4f7a-ae5d-279f2b20a91c	4f35d451-9ec7-4a20-97f4-83b59f2aa5da	c69fa65c-a116-4f3a-bd63-a990b8a1acff	[Backend] Create Task Analysis domain model	Domain entities: TaskAnalysis, ClarityScore, Recommendation. Scoring dimensions: technical_detail, specificity, completeness, testability. Estimated: 3h	{e0261453-8f72-4b08-8290-d8fb7903c869,3f42fa09-1117-463b-b523-08dc03a2f4a4}	available	\N	\N	2025-10-29 16:33:14.304521+00	2025-10-29 16:33:14.304521+00	\N	\N
efb8db85-9a2b-4e2a-8903-ea2a8482a6a7	4f35d451-9ec7-4a20-97f4-83b59f2aa5da	c69fa65c-a116-4f3a-bd63-a990b8a1acff	[Backend] Implement clarity scoring algorithm	Rule-based scoring: file paths, vague terms, AC refs. Weighted composite score 0-100. Generate recommendations per dimension. Estimated: 4h	{e0261453-8f72-4b08-8290-d8fb7903c869,81054dee-14c5-455f-a580-7d8870ba34ee,30639999-a0b1-4381-b92b-173a7d946bc8}	available	\N	\N	2025-10-29 16:33:14.447828+00	2025-10-29 16:33:14.447828+00	\N	\N
0b230ae6-591c-4d75-8229-f42a486fcca6	4f35d451-9ec7-4a20-97f4-83b59f2aa5da	c69fa65c-a116-4f3a-bd63-a990b8a1acff	[Backend] Create task analysis API endpoints	POST /tasks/{id}/analyze, GET /tasks/{id}/analysis. Authorization checks. Estimated: 3h	{e0261453-8f72-4b08-8290-d8fb7903c869,30639999-a0b1-4381-b92b-173a7d946bc8,5649e91e-043f-4097-916b-9907620bff3e}	available	\N	\N	2025-10-29 16:33:14.464515+00	2025-10-29 16:33:14.464515+00	\N	\N
7f02e00e-af7a-4447-8dd5-73892811dac9	4f35d451-9ec7-4a20-97f4-83b59f2aa5da	c69fa65c-a116-4f3a-bd63-a990b8a1acff	[Backend] Store analysis results in database	Create task_analyses table, repository layer, migrations. Estimated: 2h	{e0261453-8f72-4b08-8290-d8fb7903c869,3f42fa09-1117-463b-b523-08dc03a2f4a4}	available	\N	\N	2025-10-29 16:33:14.504777+00	2025-10-29 16:33:14.504777+00	\N	\N
a0c0ba07-a91b-47c3-a79d-a1d4f0a6fd7d	4f35d451-9ec7-4a20-97f4-83b59f2aa5da	c69fa65c-a116-4f3a-bd63-a990b8a1acff	[Backend] Build recommendation generation logic	Generate specific recommendations based on gaps. Suggest file paths, AC IDs, test coverage needs. Estimated: 3h	{81054dee-14c5-455f-a580-7d8870ba34ee,30639999-a0b1-4381-b92b-173a7d946bc8,5649e91e-043f-4097-916b-9907620bff3e,3f42fa09-1117-463b-b523-08dc03a2f4a4}	available	\N	\N	2025-10-29 16:33:14.517705+00	2025-10-29 16:33:14.517705+00	\N	\N
5fec4f75-9e81-4187-815a-d67066445e78	4f35d451-9ec7-4a20-97f4-83b59f2aa5da	c69fa65c-a116-4f3a-bd63-a990b8a1acff	[QA] Test clarity scoring accuracy	Test vague vs detailed tasks. Verify recommendations match gaps. Edge cases. Estimated: 3h	{e0261453-8f72-4b08-8290-d8fb7903c869,81054dee-14c5-455f-a580-7d8870ba34ee,30639999-a0b1-4381-b92b-173a7d946bc8}	available	\N	\N	2025-10-29 16:38:35.068786+00	2025-10-29 16:38:35.068786+00	\N	\N
3050d441-023b-4fd2-9b3b-6680bfcb2be9	4f35d451-9ec7-4a20-97f4-83b59f2aa5da	c69fa65c-a116-4f3a-bd63-a990b8a1acff	[QA] Test recommendation generation	Verify specific recommendations per gap type. Test AC reference suggestions. Estimated: 2h	{30639999-a0b1-4381-b92b-173a7d946bc8,5649e91e-043f-4097-916b-9907620bff3e,3f42fa09-1117-463b-b523-08dc03a2f4a4}	available	\N	\N	2025-10-29 16:38:35.137394+00	2025-10-29 16:38:35.137394+00	\N	\N
ee410228-c7f2-4821-b913-9e7c2c9ec4a2	4f35d451-9ec7-4a20-97f4-83b59f2aa5da	c69fa65c-a116-4f3a-bd63-a990b8a1acff	[QA] E2E test for analysis workflow	Playwright: Create task  Analyze  View recommendations  Verify results. Estimated: 3h	{e0261453-8f72-4b08-8290-d8fb7903c869,81054dee-14c5-455f-a580-7d8870ba34ee,30639999-a0b1-4381-b92b-173a7d946bc8,5649e91e-043f-4097-916b-9907620bff3e,3f42fa09-1117-463b-b523-08dc03a2f4a4}	available	\N	\N	2025-10-29 16:38:35.174682+00	2025-10-29 16:38:35.174682+00	\N	\N
1cf8d759-a507-45e2-8f67-dcb0ff9f16fc	4f35d451-9ec7-4a20-97f4-83b59f2aa5da	c69fa65c-a116-4f3a-bd63-a990b8a1acff	[QA] API integration tests	Test analysis endpoints. Verify authorization. Test concurrent requests. Estimated: 2h	{e0261453-8f72-4b08-8290-d8fb7903c869,5649e91e-043f-4097-916b-9907620bff3e}	available	\N	\N	2025-10-29 16:38:35.18723+00	2025-10-29 16:38:35.18723+00	\N	\N
baebd17b-188a-4d79-af65-e94ee309253d	4f35d451-9ec7-4a20-97f4-83b59f2aa5da	08c7f00c-7b5d-4a4f-9f66-13b94265c5df	[DevOps] Update OpenAPI spec for analysis endpoints	Document analysis schemas, ClarityScore, Recommendation types. Add examples. Estimated: 1h	{e0261453-8f72-4b08-8290-d8fb7903c869,81054dee-14c5-455f-a580-7d8870ba34ee,30639999-a0b1-4381-b92b-173a7d946bc8,5649e91e-043f-4097-916b-9907620bff3e,3f42fa09-1117-463b-b523-08dc03a2f4a4}	available	\N	\N	2025-10-29 16:38:35.199536+00	2025-10-29 16:38:35.199536+00	\N	\N
b07ac31d-71f1-4aab-bc0f-70af0f1cf513	4f35d451-9ec7-4a20-97f4-83b59f2aa5da	08c7f00c-7b5d-4a4f-9f66-13b94265c5df	[DevOps] Database migration for analysis storage	Create task_analyses table with indexes. Test rollback. Estimated: 1h	{e0261453-8f72-4b08-8290-d8fb7903c869}	available	\N	\N	2025-10-29 16:38:35.217172+00	2025-10-29 16:38:35.217172+00	\N	\N
dee51c39-a7ad-4b4e-b79f-6944fc854e16	4f35d451-9ec7-4a20-97f4-83b59f2aa5da	08c7f00c-7b5d-4a4f-9f66-13b94265c5df	[DevOps] Add monitoring for analysis performance	Log analysis latency. Alert on slow analyses. Track usage metrics. Estimated: 1h	{e0261453-8f72-4b08-8290-d8fb7903c869}	available	\N	\N	2025-10-29 16:38:35.228006+00	2025-10-29 16:38:35.228006+00	\N	\N
27702f56-7bf0-49c7-bb4f-cdc0c3c874b9	4f35d451-9ec7-4a20-97f4-83b59f2aa5da	08c7f00c-7b5d-4a4f-9f66-13b94265c5df	[Docs] Document task writing best practices	Guide: How to write clear tasks. Checklist: file paths, functions, tests, DoD. Examples of good vs bad. Estimated: 3h	{81054dee-14c5-455f-a580-7d8870ba34ee,30639999-a0b1-4381-b92b-173a7d946bc8,3f42fa09-1117-463b-b523-08dc03a2f4a4}	available	\N	\N	2025-10-29 16:40:40.669234+00	2025-10-29 16:40:40.669234+00	\N	\N
2d9ebe12-3a4b-4d87-875a-896b57407cd4	4f35d451-9ec7-4a20-97f4-83b59f2aa5da	08c7f00c-7b5d-4a4f-9f66-13b94265c5df	[Docs] Document clarity scoring rubric	Explain scoring dimensions and weights. Document recommendation triggers. Threshold guidelines. Estimated: 2h	{e0261453-8f72-4b08-8290-d8fb7903c869}	available	\N	\N	2025-10-29 16:40:40.735654+00	2025-10-29 16:40:40.735654+00	\N	\N
825e1420-ae70-43ec-b453-f8b58dde4638	4f35d451-9ec7-4a20-97f4-83b59f2aa5da	08c7f00c-7b5d-4a4f-9f66-13b94265c5df	[Docs] User guide for task analysis feature	How to request analysis. Interpret clarity scores. Review recommendations. Screenshots of UI. Estimated: 2h	{e0261453-8f72-4b08-8290-d8fb7903c869,81054dee-14c5-455f-a580-7d8870ba34ee,30639999-a0b1-4381-b92b-173a7d946bc8,5649e91e-043f-4097-916b-9907620bff3e,3f42fa09-1117-463b-b523-08dc03a2f4a4}	available	\N	\N	2025-10-29 16:40:40.751797+00	2025-10-29 16:40:40.751797+00	\N	\N
c8678060-f771-4839-a883-8706e28cce8f	4f35d451-9ec7-4a20-97f4-83b59f2aa5da	c69fa65c-a116-4f3a-bd63-a990b8a1acff	[Frontend] Build task analysis trigger UI	Analyze Task button. Loading state. Display clarity score with color coding (red<40, yellow 40-70, green>70). Estimated: 2h	{e0261453-8f72-4b08-8290-d8fb7903c869}	available	\N	\N	2025-10-29 16:40:40.763996+00	2025-10-29 16:40:40.763996+00	\N	\N
a3e88f91-4b16-4e43-94b1-57b3d9f1ce14	4f35d451-9ec7-4a20-97f4-83b59f2aa5da	c69fa65c-a116-4f3a-bd63-a990b8a1acff	[Frontend] Create recommendations panel component	Display categorized recommendations. Highlight missing elements. Show flagged vague terms. Expandable sections. Estimated: 3h	{81054dee-14c5-455f-a580-7d8870ba34ee,30639999-a0b1-4381-b92b-173a7d946bc8,5649e91e-043f-4097-916b-9907620bff3e}	available	\N	\N	2025-10-29 16:40:40.806787+00	2025-10-29 16:40:40.806787+00	\N	\N
834c29df-ae4b-49c1-ad9a-baae18d29812	4f35d451-9ec7-4a20-97f4-83b59f2aa5da	c69fa65c-a116-4f3a-bd63-a990b8a1acff	[Frontend] Clarity score visualization component	Score gauge/progress bar. Breakdown by dimension (technical, specificity, completeness, testability). Tooltips. Estimated: 2h	{e0261453-8f72-4b08-8290-d8fb7903c869,3f42fa09-1117-463b-b523-08dc03a2f4a4}	available	\N	\N	2025-10-29 16:40:40.8189+00	2025-10-29 16:40:40.8189+00	\N	\N
\.


--
-- Data for Name: sprints; Type: TABLE DATA; Schema: public; Owner: postgres
--

COPY public.sprints (id, team_id, name, goal, status, capacity_points, committed_points, completed_points, start_date, end_date, created_at, updated_at, project_id, organization_id) FROM stdin;
cc992f24-aa5d-4420-82f8-6e1e2e2b3a1d	54bd224f-bb07-4a5e-8cbd-553d0d78f92a	Sprint 1: The Motion Picture	Engage!	planning	40	0	0	2025-10-21 11:15:00.12746+01	2025-11-04 10:15:00.12746+00	2025-10-21 11:15:00.12746+01	2025-10-21 11:15:00.12746+01	f9102e60-78d7-4733-a23f-fcd3b1877c27	\N
659a3458-ea91-4e71-964c-db4fa22c7adf	54bd224f-bb07-4a5e-8cbd-553d0d78f92a	Sprint 2: Return of Sprint	Kaaaaaaaahn!	completed	40	0	0	2025-10-21 12:20:29.469641+01	2025-11-04 11:20:29.469641+00	2025-10-21 12:20:29.472489+01	2025-10-23 09:41:27.960732+01	f9102e60-78d7-4733-a23f-fcd3b1877c27	\N
68551c8a-07b4-453d-8a6f-e65e431fc5fb	54bd224f-bb07-4a5e-8cbd-553d0d78f92a	Sprint 1: Developer	Improve the Developer Experience	active	40	5	0	2025-10-23 10:22:03.641224+01	2025-11-06 09:22:03.641224+00	2025-10-23 10:22:03.648083+01	2025-10-23 10:22:03.648083+01	35299584-b133-4b20-af2d-446bb1dead6a	c69fa65c-a116-4f3a-bd63-a990b8a1acff
\.


--
-- Data for Name: stories; Type: TABLE DATA; Schema: public; Owner: postgres
--

COPY public.stories (id, project_id, organization_id, title, description, status, story_points, sprint_id, assigned_to_user_id, created_at, updated_at, deleted_at, labels, readiness_override, readiness_override_by, readiness_override_reason, readiness_override_at) FROM stdin;
550e8400-e29b-41d4-a716-446655440000	550e8400-e29b-41d4-a716-446655440000	\N	Test Story 1	Integration test story	ready	\N	\N	\N	2025-09-29 17:22:15.689414+01	2025-09-29 17:22:15.689414+01	\N	{test,integration}	f	\N	\N	\N
550e8400-e29b-41d4-a716-446655440001	550e8400-e29b-41d4-a716-446655440000	\N	Test Story 2	Performance test story	inprogress	\N	\N	\N	2025-09-29 17:22:15.689414+01	2025-09-29 17:22:15.689414+01	\N	{test,performance}	f	\N	\N	\N
c0a154a2-7a11-422e-bd60-ac0de1806dd7	35299584-b133-4b20-af2d-446bb1dead6a	c69fa65c-a116-4f3a-bd63-a990b8a1acff	As a product owner, I want backlog risks highlighted so that I can groom the next sprint effectively	Expose backlog readiness health in one view so product owners can spot risky stories fast. The page should highlight stories that lack ACs, are oversized, or stale, surface an aggregated readiness summary, and provide AI remediation guidance against each flag.	ready	8	\N	\N	2025-10-22 13:26:53.006846+01	2025-10-22 16:17:05.48839+01	\N	{navigation,backlog,product-owner}	f	\N	\N	\N
5bb8df3a-6e07-4872-a43d-2fd8f6ad5b57	35299584-b133-4b20-af2d-446bb1dead6a	c69fa65c-a116-4f3a-bd63-a990b8a1acff	As a developer, I want my next actionable work surfaced when I sign in so that I can start delivering immediately	Role-aware dashboard highlights developers most relevant work, falling back to ready stories or AI nudges when the queue is empty.	inprogress	5	68551c8a-07b4-453d-8a6f-e65e431fc5fb	\N	2025-10-22 13:24:58.103586+01	2025-10-24 16:58:30.674535+01	\N	{navigation,dashboard,developer}	f	\N	\N	\N
a0c8c75c-1b2e-46d2-a9b5-f009495a898f	f9102e60-78d7-4733-a23f-fcd3b1877c27	\N	As a developer I want a is_done table in the database	dfdsdfs	inprogress	3	\N	\N	2025-10-09 13:06:50.564593+01	2025-10-21 12:21:03.348895+01	\N	{}	t	8440d71a-adc1-5386-b174-d3cbdefca02e	Just a test	2025-10-11 19:37:05.593617+01
8e5ab725-52a2-4664-868f-a2187ee45665	f9102e60-78d7-4733-a23f-fcd3b1877c27	\N	As a collaborator, I want to pick up a story so that tI can work on it		accepted	\N	\N	\N	2025-10-11 19:40:44.416515+01	2025-10-21 13:21:32.036316+01	\N	{}	t	8440d71a-adc1-5386-b174-d3cbdefca02e	Just Testing	2025-10-21 12:20:03.038134+01
736184ec-7ab7-471d-b68c-a3ed088ba879	f9102e60-78d7-4733-a23f-fcd3b1877c27	\N	As a contributor, I want to be able to pick up a task, so that I can work on it		ready	\N	\N	\N	2025-10-11 19:39:15.61788+01	2025-10-21 13:23:00.495663+01	\N	{}	t	8440d71a-adc1-5386-b174-d3cbdefca02e	Oooh ooh ah ah	2025-10-21 13:23:00.495473+01
0fae95bc-2b05-42e4-8d03-9dc9c4ad7eb5	f9102e60-78d7-4733-a23f-fcd3b1877c27	c69fa65c-a116-4f3a-bd63-a990b8a1acff	Capture baseline navigation timings	Record loginaction flows for Dev, PO, and SM personas; store timings in docs/navigation-phase0-baseline.md.	draft	\N	\N	\N	2025-10-21 16:56:59.889862+01	2025-10-21 16:56:59.889862+01	\N	{navigation,phase0}	f	\N	\N	\N
62998001-d581-4a8a-a127-734ff7b521af	f9102e60-78d7-4733-a23f-fcd3b1877c27	c69fa65c-a116-4f3a-bd63-a990b8a1acff	Define telemetry and success metrics	Confirm KPIs (time-to-action, dashboard adoption, satisfaction, AI suggestion engagement) and document events in docs/navigation-phase0-metrics.md & analytics-plan.	draft	\N	\N	\N	2025-10-21 16:57:06.845109+01	2025-10-21 16:57:06.845109+01	\N	{navigation,phase0,metrics}	f	\N	\N	\N
a97bbb87-4a26-4f97-8a0c-911b36f16e2a	f9102e60-78d7-4733-a23f-fcd3b1877c27	c69fa65c-a116-4f3a-bd63-a990b8a1acff	Draft Phase 0 PRD addendum	Synthesize persona findings, baseline data, and KPI targets into a PRD addendum for navigation redesign approval.	draft	\N	\N	\N	2025-10-21 16:57:13.685964+01	2025-10-21 16:57:13.685964+01	\N	{navigation,phase0,planning}	f	\N	\N	\N
c14ac649-d99f-4fe6-afd2-3831b7da773a	35299584-b133-4b20-af2d-446bb1dead6a	c69fa65c-a116-4f3a-bd63-a990b8a1acff	As a product trio, I want to edit acceptance criteria and tasks inline so that grooming can happen without leaving the backlog	Expose editing for acceptance criteria and tasks in the backlog UI, leveraging existing API endpoints while keeping readiness projections in sync.	draft	\N	\N	\N	2025-10-22 13:52:12.627898+01	2025-10-22 13:52:12.627898+01	\N	{navigation,backlog,editability}	f	\N	\N	\N
92da7bbe-c54a-45e3-88e6-215ab938543e	35299584-b133-4b20-af2d-446bb1dead6a	c69fa65c-a116-4f3a-bd63-a990b8a1acff	Capture baseline navigation timings	Record loginaction flows for Dev, PO, and SM personas; log timings and friction notes in docs/navigation-phase0-baseline.md.	draft	\N	\N	\N	2025-10-21 17:00:37.893525+01	2025-10-22 13:23:48.249516+01	2025-10-22 13:23:48.249516+01	{navigation,phase0}	f	\N	\N	\N
5147176c-bc11-41aa-8561-da40b48c73d9	35299584-b133-4b20-af2d-446bb1dead6a	c69fa65c-a116-4f3a-bd63-a990b8a1acff	Define telemetry and success metrics	Confirm KPIs (time-to-action, dashboard adoption, satisfaction, AI suggestion engagement) and document event instrumentation in docs/navigation-phase0-metrics.md and navigation-phase0-analytics-plan.md.	draft	\N	\N	\N	2025-10-21 17:00:44.475567+01	2025-10-22 13:24:01.728413+01	2025-10-22 13:24:01.728413+01	{navigation,phase0,metrics}	f	\N	\N	\N
8b325798-5ac7-4158-9ab4-868e73e5654d	35299584-b133-4b20-af2d-446bb1dead6a	c69fa65c-a116-4f3a-bd63-a990b8a1acff	Draft Phase 0 PRD addendum	Synthesize persona findings, baseline data, and KPI targets into a PRD addendum to gate Phase 1 navigation work.	draft	\N	\N	\N	2025-10-21 17:00:52.405772+01	2025-10-22 13:24:15.138325+01	2025-10-22 13:24:15.138325+01	{navigation,phase0,planning}	f	\N	\N	\N
fbdb370a-ba81-4022-896a-3d05e87d1dc6	35299584-b133-4b20-af2d-446bb1dead6a	c69fa65c-a116-4f3a-bd63-a990b8a1acff	As a platform engineer, I want sprint board and backlog views pre-computed so that the UI loads quickly and the gateway avoids duplicate work	Pre-compute projections for sprint board, backlog, and readiness views to reduce payload size and UI recomputation. Deliver cache invalidation when stories/tasks change and benchmark load improvements.	draft	\N	\N	\N	2025-10-23 10:30:09.538619+01	2025-10-23 10:30:42.6838+01	\N	{performance,navigation}	f	\N	\N	\N
a85c4725-3814-497a-8dd6-d5d8ee97936d	35299584-b133-4b20-af2d-446bb1dead6a	c69fa65c-a116-4f3a-bd63-a990b8a1acff	Task Status Management for Contributors	\N	draft	8	\N	\N	2025-10-28 07:51:01.097828+00	2025-10-28 15:10:12.677672+00	\N	{}	f	\N	\N	\N
24e14f90-bd7b-495a-9c31-9b6ebeaf712d	35299584-b133-4b20-af2d-446bb1dead6a	c69fa65c-a116-4f3a-bd63-a990b8a1acff	As a stakeholder, I want to see sprint health metrics so that I can understand delivery risk without attending daily standups	Provide stakeholders with self-service sprint health visibility through clear, accessible metrics. Display key health indicators: velocity vs. capacity, scope change trends, blocker count and age, completion forecast (on track / at risk / in trouble). Show burndown chart with confidence intervals. Highlight stories at risk of not completing this sprint. Enable stakeholders to understand project health and make informed decisions without requiring deep Agile expertise. Reduces meeting overhead for team while keeping stakeholders informed. Updates automatically as sprint progresses, providing real-time visibility.	draft	5	\N	\N	2025-10-28 07:51:41.962564+00	2025-10-29 15:00:50.938494+00	\N	{}	f	\N	\N	\N
2c40c1a7-1463-40ef-ba69-194592fc6d7e	35299584-b133-4b20-af2d-446bb1dead6a	c69fa65c-a116-4f3a-bd63-a990b8a1acff	As a scrum master, I want the current sprint health surfaced so that I can remove blockers quickly	Product dashboard should spotlight the current sprint, show key health signals, and surface risks when capacity thresholds or blockers are hit. Ensure the view includes countdown, scope utilization, and escalation cues.	ready	8	\N	\N	2025-10-22 13:29:26.558951+01	2025-10-29 11:02:13.891081+00	\N	{navigation,sprint,scrum-master}	f	\N	\N	\N
8e249dcf-bee7-4902-861c-80beea4a3f99	35299584-b133-4b20-af2d-446bb1dead6a	c69fa65c-a116-4f3a-bd63-a990b8a1acff	As a product owner, I want AI to generate demo scripts from completed stories so that I can deliver compelling sprint demos without manual prep	Reduce demo preparation time from hours to minutes by auto-generating demo scripts. The AI analyzes completed stories' acceptance criteria and tasks to create demo narratives showing business value to stakeholders. Generates demo checklists ensuring all features are covered, suggests optimal demo flow order based on story dependencies and user journey, and prepares talking points highlighting benefits. Helps POs deliver professional demos consistently even when time is limited.	draft	\N	\N	\N	2025-10-29 11:26:22.998471+00	2025-10-29 15:00:50.503806+00	\N	{}	f	\N	\N	\N
b3d66e95-7606-42aa-98c3-4edc6be50778	35299584-b133-4b20-af2d-446bb1dead6a	c69fa65c-a116-4f3a-bd63-a990b8a1acff	As a scrum master, I want AI to facilitate daily standups so that I can focus on removing blockers instead of administrative work	Automate standup preparation and execution to reduce scrum master overhead. The AI assistant prepares standup agendas by analyzing task status, identifies blockers automatically from stuck tasks, suggests discussion topics based on sprint health, and generates standup summaries. Integrates with team chat (Slack/Teams) for async standups and calendar for scheduling. Benefits scrum masters by automating 15-20 minutes of daily prep work and ensuring consistent standup quality.	draft	\N	\N	\N	2025-10-29 11:26:20.761531+00	2025-10-29 15:00:50.479525+00	\N	{}	f	\N	\N	\N
895b9c8e-a942-4029-96c2-70b7cee9f7b9	35299584-b133-4b20-af2d-446bb1dead6a	c69fa65c-a116-4f3a-bd63-a990b8a1acff	As a developer, I want my code quality improvements automatically tracked toward my OKRs so that I don't have to manually log technical progress	Eliminate manual OKR progress tracking for technical excellence goals by automatically analyzing commits, PRs, and code reviews. Track measurable metrics including test coverage improvements, code complexity reduction, documentation contributions, bug fix velocity, and adoption of best practices. Automatically update relevant key results with progress. Provide actionable feedback: "You increased test coverage by 15% this week, contributing 30% toward your 80% coverage goal. Continue at this pace to achieve your Q2 objective." Saves developers 30+ minutes per week of manual progress tracking while ensuring accurate technical OKR measurement.	draft	\N	\N	\N	2025-10-29 11:40:22.157113+00	2025-10-29 15:00:50.560676+00	\N	{}	f	\N	\N	\N
a729a7f6-927f-49ac-aaad-40095866eb1b	35299584-b133-4b20-af2d-446bb1dead6a	c69fa65c-a116-4f3a-bd63-a990b8a1acff	As a developer, I want to see CI/CD pipeline status on story cards so that I know when my work is deployed without leaving Battra	Reduce context switching by integrating CI/CD platform status (GitHub Actions, CircleCI, Jenkins) directly into story and task views. Display build/test/deploy status, recent deployments, and failure alerts on story cards. Show pipeline health indicators (green check, red X, yellow warning) at a glance. Enable quick navigation to detailed CI/CD logs when troubleshooting failures. Helps developers track deployment progress, identify broken builds faster, and understand delivery bottlenecks without switching between multiple tools.	draft	\N	\N	\N	2025-10-29 11:26:13.696197+00	2025-10-29 15:00:50.639852+00	\N	{}	f	\N	\N	\N
8eaa4b6a-d1e3-4853-a6fe-4fb8da902eff	35299584-b133-4b20-af2d-446bb1dead6a	c69fa65c-a116-4f3a-bd63-a990b8a1acff	As a product owner, I want delivery performance metrics calculated automatically so that I can make data-driven planning decisions	Enable evidence-based planning by building a backend service that calculates and exposes delivery performance metrics. Track velocity (story points per sprint), burndown trends, completion rates, cycle time (time from start to done), and lead time (backlog to production). Service aggregates data from stories, tasks, and sprints, providing historical trends and forecasting future capacity. Powers dashboards and reports used by POs for sprint planning, stakeholder updates, and continuous improvement discussions. Replaces manual spreadsheet tracking with automated, accurate metrics.	draft	\N	\N	\N	2025-10-29 11:26:08.740721+00	2025-10-29 15:00:50.667021+00	\N	{}	f	\N	\N	\N
db7dce8d-324c-4838-82f9-e47ddb3ede05	35299584-b133-4b20-af2d-446bb1dead6a	c69fa65c-a116-4f3a-bd63-a990b8a1acff	As a developer, I need OKR data models and APIs implemented so that I can build OKR features on a solid foundation	Establish the technical foundation for OKR functionality by implementing core data models and CRUD operations. Support organizational, team, and individual OKRs with hierarchical alignment (company  team  individual). Data model includes: objective title/description, key results with metrics (% complete, numeric targets), ownership, time periods (quarterly/annual), status tracking, and alignment relationships. Provide RESTful API endpoints for creating, reading, updating, and deleting OKRs at all levels. Include proper validation, error handling, and test coverage. Enables all downstream OKR features to build on consistent, well-designed data structures.	draft	\N	\N	\N	2025-10-29 11:40:07.161023+00	2025-10-29 15:00:50.784536+00	\N	{}	f	\N	\N	\N
e252348b-1784-4352-a4c5-832c22789d90	35299584-b133-4b20-af2d-446bb1dead6a	c69fa65c-a116-4f3a-bd63-a990b8a1acff	As a developer, I want task recommendations aligned with my OKRs so that my daily work directly advances my goals	Connect daily work to quarterly goals by recommending tasks that align with user OKRs. Recommendation engine analyzes available tasks in sprints and backlog, matches them to user key results, and prioritizes tasks that advance OKR progress. Display OKR alignment badge on tasks showing which goals the work contributes to. When user views available work, show tasks most relevant to their objectives first. Include alignment score and explanation: "This task helps achieve your 'Improve API design skills' key result by giving you practice with REST API patterns." Increases motivation by making OKR relevance explicit and helps users make better choices about which work to pick up.	draft	\N	\N	\N	2025-10-29 11:40:14.470718+00	2025-10-29 15:00:50.854586+00	\N	{}	f	\N	\N	\N
413a10ae-6f8c-4f00-9ad4-5ff4b6527371	35299584-b133-4b20-af2d-446bb1dead6a	c69fa65c-a116-4f3a-bd63-a990b8a1acff	As a sponsor, I want a high-level dashboard showing delivery metrics so that I can understand progress and identify risks without diving into implementation details	Provide executive visibility into project health by building a sponsor-focused dashboard with high-level delivery metrics. Show velocity trends, burndown charts showing sprint progress, feature completion rates, and budget/timeline tracking. Display leading indicators of risk: velocity drop, scope creep, and blockers. Present data in sponsor-friendly language (business outcomes, not technical jargon). Enable sponsors to make informed investment decisions and understand ROI. Reduces need for detailed status meetings by making key metrics self-service. Particularly valuable for sponsors managing multiple projects who need quick health checks.	draft	\N	\N	\N	2025-10-29 11:13:32.428978+00	2025-10-29 15:00:50.889748+00	\N	{}	f	\N	\N	\N
8a9e74eb-b85d-4d33-9b11-7c5ab768eff0	35299584-b133-4b20-af2d-446bb1dead6a	c69fa65c-a116-4f3a-bd63-a990b8a1acff	As a team member, I want AI to suggest personalized OKRs so that I can set meaningful goals aligned with my growth and team needs	Help individual contributors create impactful OKRs by analyzing their role, historical performance data, team goals, and identified skill gaps. Generate 3-5 suggested objectives with measurable key results for each user, considering their career growth path, current project priorities, and team objectives. Provide clear reasoning for each suggestion (e.g., "Based on your strong backend work and team's need for API expertise, we suggest: Improve API design skills"). Allow users to accept, modify, or reject suggestions, ensuring ownership of their goals while reducing the blank-page problem during OKR planning.	draft	\N	\N	\N	2025-10-29 11:40:12.128514+00	2025-10-29 15:00:50.533651+00	\N	{}	f	\N	\N	\N
f8b2e2be-db17-4cfa-b3df-e55263452e24	35299584-b133-4b20-af2d-446bb1dead6a	c69fa65c-a116-4f3a-bd63-a990b8a1acff	As a senior engineer, I want my mentorship activities automatically tracked toward my leadership OKRs so that I can focus on coaching instead of logging	Automate progress tracking for growth-focused OKRs by monitoring leadership and mentorship activities: pairing sessions, knowledge sharing (docs, presentations), onboarding support, technical decisions led, and design reviews facilitated. AI analyzes activity quality and impact, not just quantity. For mentorship OKRs, proactively suggest actions: "You have guided 2 juniors this quarter. Consider scheduling regular 1-on-1s to reach your goal of mentoring 4 team members." Log activities as key result progress automatically, saving 20+ minutes weekly on OKR updates while ensuring meaningful leadership contributions are recognized.	draft	\N	\N	\N	2025-10-29 11:40:24.45575+00	2025-10-29 15:00:50.582218+00	\N	{}	f	\N	\N	\N
a3a85977-19f0-40f1-94f5-55be173201ba	35299584-b133-4b20-af2d-446bb1dead6a	c69fa65c-a116-4f3a-bd63-a990b8a1acff	As a developer with collaboration OKRs, I want AI to analyze my PR reviews and suggest improvements so that I can grow my code review skills	Turn PR reviews into a growth opportunity by analyzing review activities and providing personalized coaching for collaboration-focused OKRs. Track PR reviews performed, analyze review quality (depth of analysis, helpfulness of suggestions, constructiveness of tone), and suggest specific improvements. For collaboration OKRs, automatically log review activity as progress. Provide actionable feedback: "Your review caught 3 issues but could include more constructive suggestions. Try adding specific code examples like this: [example]. This would help junior devs learn faster." Generate OKR progress updates from review activities while coaching better collaboration skills.	draft	\N	\N	\N	2025-10-29 11:41:31.225687+00	2025-10-29 15:00:50.603817+00	\N	{}	f	\N	\N	\N
6fc92009-4aed-4602-a875-023c44e66a3c	35299584-b133-4b20-af2d-446bb1dead6a	c69fa65c-a116-4f3a-bd63-a990b8a1acff	As a team member, I want task completion to automatically update my OKR progress so that I can see how daily work contributes to my goals	Connect daily work to quarterly goals by automatically updating OKR progress when tasks are completed. Link tasks to key results via tags or explicit mapping during sprint planning. Calculate progress contribution based on task completion, story points delivered, or custom metrics defined per key result. Update key result percentage automatically when linked tasks move to done. Show activity feed of recent progress on OKR detail pages: "Completing 'Implement caching layer' added 15% to your performance optimization key result." Helps team members see immediate impact of their work on bigger-picture goals, increasing motivation and alignment.	draft	\N	\N	\N	2025-10-29 11:40:17.007776+00	2025-10-29 15:00:50.622219+00	\N	{}	f	\N	\N	\N
aa13b4f8-4ab6-438f-979c-0d7ad58a8f64	35299584-b133-4b20-af2d-446bb1dead6a	c69fa65c-a116-4f3a-bd63-a990b8a1acff	As a product owner, I want to see feature flag status on story pages so that I know which features are dark-launched vs. fully released	Integrate with feature flag platforms (LaunchDarkly, Flagsmith, Unleash) to provide visibility into feature release status. Link feature flags to stories and tasks during development. Display flag status (enabled, disabled, rollout percentage, targeting rules) directly on story pages. Show which environments have the feature enabled (dev, staging, production). Enable teams to track gradual rollouts, understand feature availability, and coordinate release communications. Helps POs manage progressive delivery and communicate accurate feature status to stakeholders.	draft	\N	\N	\N	2025-10-29 11:26:16.112585+00	2025-10-29 15:00:50.68611+00	\N	{}	f	\N	\N	\N
85b3093d-2838-478d-9861-fb493afa2db7	35299584-b133-4b20-af2d-446bb1dead6a	c69fa65c-a116-4f3a-bd63-a990b8a1acff	As a product owner, I want the system to validate user story format so that I can ensure stories follow best practices before sprint planning	Improve story quality by validating that stories follow "As a [persona], I want [need], so that [benefit]" format. Provide gentle nudges when stories are created without proper persona-based structure, suggesting rewrites while allowing flexibility for edge cases. Help POs and teams write better stories by catching format issues early. Include validation rules for: persona presence, clear want/need statement, explicit benefit clause. Offer suggestions for improvement when format is weak: "Consider adding who benefits from this story." Makes story writing easier for new team members and maintains consistent quality across backlog.	ready	3	\N	\N	2025-10-28 13:32:47.783565+00	2025-10-29 15:00:50.70412+00	\N	{}	f	\N	\N	\N
3b8ffccc-56b4-44d5-84f4-f95be05db142	35299584-b133-4b20-af2d-446bb1dead6a	c69fa65c-a116-4f3a-bd63-a990b8a1acff	As a team member, I want AI to recommend learning resources based on my OKR progress so that I can close skill gaps blocking my goals	Turn OKR challenges into growth opportunities by providing AI-powered learning recommendations. Identify skill gaps from OKR progress patterns: "Your testing OKR is progressing slowly - consider learning about test automation frameworks like Playwright." Suggest specific resources: online courses (Pluralsight, Udemy), internal documentation, expert team members to pair with, and relevant tasks to practice skills. Track learning activities as progress toward skill development key results. Integrate with learning platforms to recommend specific courses. Makes professional development proactive and targeted rather than reactive. Helps team members see clear path from current state to goal achievement through skill building.	draft	\N	\N	\N	2025-10-29 11:40:40.354261+00	2025-10-29 15:00:50.80171+00	\N	{}	f	\N	\N	\N
292368a1-9899-4451-819e-032284ac63a7	35299584-b133-4b20-af2d-446bb1dead6a	c69fa65c-a116-4f3a-bd63-a990b8a1acff	As a manager, I want end-of-period OKR reports so that I can conduct meaningful performance reviews and celebrate team wins	Support performance review cycles and team recognition by generating comprehensive end-of-period OKR reports. Individual performance summary includes: key results achieved, progress made, obstacles overcome, and skills developed during the period. Team rollup report for managers shows aggregate achievement rates and growth areas. Celebrate wins by auto-generating kudos for completed objectives and highlighting exceptional progress. Export reports in formats suitable for formal performance reviews. Include AI-generated narrative summary of quarter/year accomplishments tied to OKRs. Makes performance reviews more objective and data-driven while ensuring achievements are recognized and celebrated.	draft	\N	\N	\N	2025-10-29 11:40:37.98914+00	2025-10-29 15:00:50.819123+00	\N	{}	f	\N	\N	\N
b5e95909-535c-45d0-a655-aa77612d009f	35299584-b133-4b20-af2d-446bb1dead6a	c69fa65c-a116-4f3a-bd63-a990b8a1acff	As a sponsor, I want a quick way to capture feature ideas so that I can record inspiration without disrupting my workflow or losing valuable thoughts	Enable sponsors to capture ideas the moment inspiration strikes by providing an always-accessible quick capture widget. Lightweight interface accessible via keyboard shortcut, browser extension, or floating button. Fast input flow: title, brief description, optional category. Automatically creates draft story that PO can later refine during backlog grooming. Reduces friction between idea and capture from minutes to seconds. Ensures valuable feature ideas aren't lost during meetings, customer conversations, or late-night epiphanies. Stories created via widget are marked as sponsor-originated for prioritization visibility.	draft	\N	\N	\N	2025-10-29 11:14:39.3777+00	2025-10-29 15:00:50.911958+00	\N	{}	f	\N	\N	\N
a8a8bba1-61d3-4d74-8f93-f3ca6328b114	35299584-b133-4b20-af2d-446bb1dead6a	c69fa65c-a116-4f3a-bd63-a990b8a1acff	As a contributor, I want to update task status directly in the sprint board so that I can move work forward without navigating away	Reduce friction in status updates by enabling inline task actions directly in the sprint board view. Allow contributors to: take ownership of tasks, update status (ready  in progress  done), add quick comments, and mark blockersall without leaving the board. Implement drag-and-drop status updates where appropriate. Show visual feedback immediately when changes are made. Saves contributors 5-10 clicks per status update and keeps flow state intact during active development. Particularly valuable during standups when team is reviewing board together and making quick status updates.	ready	5	\N	\N	2025-10-28 07:51:23.667383+00	2025-10-29 15:15:02.259189+00	\N	{}	f	\N	\N	\N
e7748826-0da3-4238-9beb-9fe6a6b6b388	35299584-b133-4b20-af2d-446bb1dead6a	c69fa65c-a116-4f3a-bd63-a990b8a1acff	As a manager, I want a dashboard showing team OKR health so that I can intervene early when team members struggle with their goals	Help managers support their teams by providing visibility into OKR health at a glance. Display team members with at-risk key results, progress trends across team, and alignment gaps (individual OKRs not supporting team goals). AI suggests timely interventions: "Alice is behind on her testing goal - consider pairing her with Bob who excels at testing." Provide conversation starters for 1-on-1 discussions based on OKR status. Alert managers when OKRs have stalled (no progress in 2 weeks). Reduces manager overhead in tracking team progress while enabling proactive coaching. Makes 1-on-1 conversations more productive by surfacing specific, data-driven discussion topics.	draft	\N	\N	\N	2025-10-29 11:40:28.459447+00	2025-10-29 15:00:50.746805+00	\N	{}	f	\N	\N	\N
896c88c6-c125-4ed6-81e1-95cdea06b077	35299584-b133-4b20-af2d-446bb1dead6a	c69fa65c-a116-4f3a-bd63-a990b8a1acff	As a team member, I want scheduled prompts to reflect on my OKR progress so that I stay accountable and identify obstacles early	Maintain OKR momentum through regular check-in prompts delivered via email or Slack. Send weekly or bi-weekly prompts: "How is progress on your collaboration goal? Any blockers?" Users can add written updates, adjust key result confidence levels, and identify obstacles blocking progress. AI summarizes progress trends and flags at-risk key results for manager attention. Manager view shows team check-in completion rates and summarized updates for 1-on-1 discussions. Prevents OKRs from becoming "set and forget" while reducing surprise failures at quarter-end. Makes OKRs a living practice instead of one-time planning exercise.	draft	\N	\N	\N	2025-10-29 11:40:26.41761+00	2025-10-29 15:00:50.76693+00	\N	{}	f	\N	\N	\N
acc53e31-5305-434f-9bc9-86cc54969d18	35299584-b133-4b20-af2d-446bb1dead6a	c69fa65c-a116-4f3a-bd63-a990b8a1acff	As a team member, I want a UI to view and manage my OKRs so that I can track my goals and see how they align with team objectives	Provide clear visibility into goal alignment by building a user interface for viewing and managing OKRs. Display hierarchical view showing company  team  individual OKRs, making alignment transparent. Show progress bars and completion percentages for each key result. Enable users to create, edit, and update their OKRs with intuitive forms. Support filtering by time period (Q1, Q2, etc.), owner, and status (on track, at risk, achieved). Include drill-down view to see contributing activities and tasks linked to each key result. Makes OKRs accessible and actionable for daily work rather than buried in spreadsheets.	draft	\N	\N	\N	2025-10-29 11:40:09.512351+00	2025-10-29 15:00:50.836892+00	\N	{}	f	\N	\N	\N
c3b352a6-8dd3-4ad6-8197-219ad93cb28a	35299584-b133-4b20-af2d-446bb1dead6a	c69fa65c-a116-4f3a-bd63-a990b8a1acff	As a contributor, I want to view all sprint tasks grouped by story so that I can pick work that aligns with my skills and the team's priorities	Provide contributors with a focused task board showing all tasks from active sprint. Display tasks grouped by story, with story context visible. Show task status (ready, in progress, blocked, done), owner if assigned, and story acceptance criteria references. Enable filtering by status, story, or unassigned tasks. Show each task's: ID, title, description, owner, story parent, and linked acceptance criteria. Visualize task dependencies and blockers. Allow contributors to take ownership, update status, and add comments inline. Makes it easy to find next actionable work and understand how tasks fit into bigger picture. Replaces need to dig through individual story pages to find tasks.	ready	8	\N	\N	2025-10-28 07:50:22.421195+00	2025-10-29 15:15:17.724693+00	\N	{}	f	\N	\N	\N
32748062-392a-40c0-af69-539cbf2f4102	35299584-b133-4b20-af2d-446bb1dead6a	c69fa65c-a116-4f3a-bd63-a990b8a1acff	As a product owner, I want to prioritize stories so that the most valuable work is planned into sprints first	Enable Product Owners and Sponsors to set priorities on stories so that high-value work is automatically selected first during sprint planning. This includes adding a priority field (Critical/High/Medium/Low or 1-100 weight), implementing RBAC so only POs/Sponsors can update priorities, sorting the backlog by priority, and modifying the sprint planning algorithm to prioritize high-value stories within capacity constraints.	ready	8	\N	\N	2025-10-29 10:44:17.559665+00	2025-10-29 15:31:24.451607+00	\N	{}	f	\N	\N	\N
d923ff4a-f368-4342-9453-5d91ac0a8f99	35299584-b133-4b20-af2d-446bb1dead6a	c69fa65c-a116-4f3a-bd63-a990b8a1acff	As a developer, I want tasks automatically linked to PRs so that I can track code review status without switching tools	Reduce context switching by integrating with GitHub/GitLab to automatically link tasks and stories to pull requests. Display PR status (open, approved, merged, CI status) directly on task cards and story pages. Support bidirectional linking via PR descriptions or commit messages (e.g., "Closes TASK-123"). Show review status, number of approvals needed, and merge conflicts at a glance. Enable quick navigation to full PR for detailed review. Helps developers track code review progress, identify bottlenecks, and see when their work is mergedall within Battra's sprint board.	draft	\N	\N	\N	2025-10-29 11:26:11.53662+00	2025-10-29 15:00:50.872591+00	\N	{}	f	\N	\N	\N
4f35d451-9ec7-4a20-97f4-83b59f2aa5da	35299584-b133-4b20-af2d-446bb1dead6a	c69fa65c-a116-4f3a-bd63-a990b8a1acff	Task Readiness Analysis and Enhancement Recommendations	Implement automated task analysis system that evaluates task descriptions for clarity and completeness. Rule-based scoring algorithm checks for: technical details (file paths, functions), vague language detection, AC references, and AI agent compatibility (success criteria, dependencies, tests, DoD). System generates specific recommendations to improve task quality. Provides clarity score (0-100) with color-coded visualization. Scope: AC1-AC5 (rule-based analysis). AC6-AC7 (LLM enrichment) deferred to future story.	ready	8	\N	\N	2025-10-28 15:29:13.588172+00	2025-10-29 16:47:34.081865+00	\N	{}	f	\N	\N	\N
a5160a6c-761a-4506-9e6d-66f426f6b3b6	35299584-b133-4b20-af2d-446bb1dead6a	c69fa65c-a116-4f3a-bd63-a990b8a1acff	As a product owner, I want AI-powered task enrichment so that tasks can be automatically enhanced with detailed technical specifications and examples	Extend Task Readiness Analysis with LLM integration. AI-powered task enrichment generates detailed descriptions with file paths, function signatures, inputs/outputs, test scenarios, and technical approach. Includes similar task retrieval (semantic search for examples) and one-click enhancement application. Prerequisites: Story A (rule-based analysis) must be completed first. Estimated 5 story points.	draft	5	\N	\N	2025-10-29 17:01:30.896075+00	2025-10-29 17:10:18.191771+00	\N	{ai,enhancement,llm,task-quality}	f	\N	\N	\N
\.


--
-- Data for Name: story_labels; Type: TABLE DATA; Schema: public; Owner: postgres
--

COPY public.story_labels (story_id, label_id) FROM stdin;
\.


--
-- Data for Name: task_packs; Type: TABLE DATA; Schema: public; Owner: postgres
--

COPY public.task_packs (id, task_id, plan_pack_id, objectives, non_goals, story_context, acceptance_criteria_covered, constraints, test_plan, do_not_list, commit_plan, run_instructions, markdown_content, json_content, created_at) FROM stdin;
\.


--
-- Data for Name: tasks; Type: TABLE DATA; Schema: public; Owner: postgres
--

COPY public.tasks (id, story_id, organization_id, title, description, acceptance_criteria_refs, status, owner_user_id, estimated_hours, created_at, updated_at, owned_at, completed_at) FROM stdin;
550e8400-e29b-41d4-a716-446655440000	550e8400-e29b-41d4-a716-446655440000	\N	Test Task 1	Integration test task	{AC1,AC2}	available	\N	\N	2025-09-29 17:22:15.689968+01	2025-09-29 17:22:15.689968+01	\N	\N
550e8400-e29b-41d4-a716-446655440001	550e8400-e29b-41d4-a716-446655440001	\N	Test Task 2	Performance test task	{AC1}	available	\N	\N	2025-09-29 17:22:15.689968+01	2025-09-29 17:22:15.689968+01	\N	\N
80ff29ac-0bb4-4391-b9d4-fdc973cb31f4	a0c8c75c-1b2e-46d2-a9b5-f009495a898f	\N	Do a thing	Do it	{a1111111-1111-1111-1111-111111111111}	available	\N	\N	2025-10-09 20:21:24.62642+01	2025-10-09 20:21:24.62642+01	\N	\N
2a25b04b-24ec-4985-b12c-e2524c301653	a0c8c75c-1b2e-46d2-a9b5-f009495a898f	\N	Do another thing	Throw it	{a2222222-2222-2222-2222-222222222222,f67bd12a-5954-4dc6-8e4f-fce80d698849}	available	\N	\N	2025-10-09 20:22:25.781489+01	2025-10-09 20:22:25.781489+01	\N	\N
3b1f0b72-38f2-4e11-9d09-ec11a77d81eb	736184ec-7ab7-471d-b68c-a3ed088ba879	\N	Do a thing	\N	{AC-1}	available	\N	\N	2025-10-21 13:22:06.236355+01	2025-10-21 13:22:06.236355+01	\N	\N
d705151f-d292-47e1-8176-7fbc91c255e4	736184ec-7ab7-471d-b68c-a3ed088ba879	\N	DO another thing	\N	{a61330c9-f037-4933-8d1a-9296d8fda1bf}	available	\N	\N	2025-10-21 13:22:33.982813+01	2025-10-21 13:22:33.982813+01	\N	\N
4267e6cf-397c-43e7-87ff-7e8fcefe1b52	92da7bbe-c54a-45e3-88e6-215ab938543e	c69fa65c-a116-4f3a-bd63-a990b8a1acff	Record developer persona walkthrough	Capture loginaction steps for developer persona and log duration plus notes.	{4f98affa-bdfe-4010-8d9f-5ee1a66ed0c0}	available	\N	\N	2025-10-22 10:15:25.324555+01	2025-10-22 10:15:25.324555+01	\N	\N
b571e352-12ee-4b0a-b640-f42940bb322f	92da7bbe-c54a-45e3-88e6-215ab938543e	c69fa65c-a116-4f3a-bd63-a990b8a1acff	Record product owner walkthrough	Capture loginaction steps for product owner persona and log duration plus notes.	{13c6a9df-2c8d-4d38-8132-9539786bbfd2}	available	\N	\N	2025-10-22 10:15:36.672628+01	2025-10-22 10:15:36.672628+01	\N	\N
142e132d-e8cc-4315-b32a-e59544fa374f	92da7bbe-c54a-45e3-88e6-215ab938543e	c69fa65c-a116-4f3a-bd63-a990b8a1acff	Record scrum master walkthrough	Capture loginaction steps for scrum master persona and log duration plus notes.	{590b4e3b-7bdb-4d3f-b94b-20beca48484d}	available	\N	\N	2025-10-22 10:16:01.037068+01	2025-10-22 10:16:01.037068+01	\N	\N
f6a4d7bc-4657-4550-8afa-a1e0ece18286	92da7bbe-c54a-45e3-88e6-215ab938543e	c69fa65c-a116-4f3a-bd63-a990b8a1acff	Summarise baseline insights	Synthesize key friction points from all persona walkthroughs and publish in baseline doc.	{28e9f245-fb2c-4b55-93e6-e463b9f999bb}	available	\N	\N	2025-10-22 10:16:17.582649+01	2025-10-22 10:16:17.582649+01	\N	\N
0e3b064f-548c-40d7-ace5-6eb039026c09	5147176c-bc11-41aa-8561-da40b48c73d9	c69fa65c-a116-4f3a-bd63-a990b8a1acff	Draft KPI definitions	Document targets and measurement approach for each success metric in metrics doc.	{6c341e09-352e-4f5c-b5e6-8eb11c734edd}	available	\N	\N	2025-10-22 10:17:10.38708+01	2025-10-22 10:17:10.38708+01	\N	\N
9575d9e6-b819-48c6-b684-e2c6a8aaa392	5147176c-bc11-41aa-8561-da40b48c73d9	c69fa65c-a116-4f3a-bd63-a990b8a1acff	Outline analytics events	Define event names, payload fields, and data destinations in analytics plan.	{abe0731f-e1c8-4ce2-8aa9-5d706b6a68b0}	available	\N	\N	2025-10-22 10:17:20.436209+01	2025-10-22 10:17:20.436209+01	\N	\N
a3249b39-cb70-4f8f-af6d-12c6c43c4d54	5147176c-bc11-41aa-8561-da40b48c73d9	c69fa65c-a116-4f3a-bd63-a990b8a1acff	Capture instrumentation follow-ups	Log implementation tickets or backlog items for analytics gaps.	{ab7e6b56-51d6-4b40-8688-f6ab12bb911c}	available	\N	\N	2025-10-22 10:17:28.968735+01	2025-10-22 10:17:28.968735+01	\N	\N
73d4da67-71fb-4f56-879e-6df83357467b	8b325798-5ac7-4158-9ab4-868e73e5654d	c69fa65c-a116-4f3a-bd63-a990b8a1acff	Outline addendum structure	Create headings and section stubs in navigation phase 0 summary doc.	{a177bb25-4713-4135-a3e6-bc6d433d3c9e}	available	\N	\N	2025-10-22 10:18:32.747204+01	2025-10-22 10:18:32.747204+01	\N	\N
10e770e3-aa15-4081-aacb-a52c79d49ab0	8b325798-5ac7-4158-9ab4-868e73e5654d	c69fa65c-a116-4f3a-bd63-a990b8a1acff	Populate persona and baseline insights	Fill in goals, personas, and metrics sections using outputs from baseline and analytics stories.	{67ff9594-6fd1-43e2-ad52-245c1568842b}	available	\N	\N	2025-10-22 10:18:45.511145+01	2025-10-22 10:18:45.511145+01	\N	\N
ac27b8f4-2c0f-422c-a013-858efda15890	8b325798-5ac7-4158-9ab4-868e73e5654d	c69fa65c-a116-4f3a-bd63-a990b8a1acff	Review and prep for stakeholder sign-off	Run review checklist, capture open questions, and confirm doc is ready to share.	{7188f2a4-090c-45dd-8095-812e617e59ed}	available	\N	\N	2025-10-22 10:19:09.430812+01	2025-10-22 10:19:09.430812+01	\N	\N
4b5de04f-d024-432a-8c5f-6862bd93809b	c0a154a2-7a11-422e-bd60-ac0de1806dd7	c69fa65c-a116-4f3a-bd63-a990b8a1acff	Render backlog readiness badges	Add visual indicators and filters for readiness rule breaches.	{30ef722c-44f7-408a-a0fa-e2b53e736232}	available	\N	\N	2025-10-22 13:28:27.752161+01	2025-10-22 13:28:27.752161+01	\N	\N
7e7219dd-0f4d-4420-a722-29ab2ceb271b	c0a154a2-7a11-422e-bd60-ac0de1806dd7	c69fa65c-a116-4f3a-bd63-a990b8a1acff	Implement AI grooming suggestions	Call AI service for remediation advice when a flagged story is opened and display actionable CTA.	{501aacba-00f1-4a6c-93bb-d7d3a2f70b7b}	available	\N	\N	2025-10-22 13:28:45.229251+01	2025-10-22 13:28:45.229251+01	\N	\N
e636b56e-a584-46b2-bd75-041b042fcd25	c0a154a2-7a11-422e-bd60-ac0de1806dd7	c69fa65c-a116-4f3a-bd63-a990b8a1acff	Build backlog readiness summary	Compute and render aggregate readiness metrics on the backlog page header.	{41f0ad0d-8457-4d0c-89a2-15ebe248cea0}	available	\N	\N	2025-10-22 13:28:56.791145+01	2025-10-22 13:28:56.791145+01	\N	\N
b50a4773-8b00-4144-aa7c-7b474bd46e2d	c0a154a2-7a11-422e-bd60-ac0de1806dd7	c69fa65c-a116-4f3a-bd63-a990b8a1acff	Add backlog readiness regression tests	Create automated coverage (Vitest/Playwright) to verify badges, aggregate stats, and AI remediation prompts appear for flagged stories.	{30ef722c-44f7-408a-a0fa-e2b53e736232,501aacba-00f1-4a6c-93bb-d7d3a2f70b7b,41f0ad0d-8457-4d0c-89a2-15ebe248cea0}	available	\N	\N	2025-10-22 16:14:35.063412+01	2025-10-22 16:14:35.063412+01	\N	\N
bcf07936-6b5a-4396-8bdf-e1ca44ceec26	c0a154a2-7a11-422e-bd60-ac0de1806dd7	c69fa65c-a116-4f3a-bd63-a990b8a1acff	Instrument readiness baseline metrics	Capture before/after metrics (flagged story count, ready story points, resolution time) and surface them on the backlog dashboard.	{41f0ad0d-8457-4d0c-89a2-15ebe248cea0}	available	\N	\N	2025-10-22 16:14:43.791995+01	2025-10-22 16:14:43.791995+01	\N	\N
e411678c-b8af-498a-84a4-eae66cfbc059	2c40c1a7-1463-40ef-ba69-194592fc6d7e	c69fa65c-a116-4f3a-bd63-a990b8a1acff	Add capacity risk indicator	Calculate committed vs capacity and surface warning when thresholds exceeded.	{f6957c3b-0e08-4b8f-b0c8-6f06137e658a}	completed	15b2bb87-a0c3-4292-ba1e-d00f23e2222d	\N	2025-10-22 13:30:55.49346+01	2025-10-23 10:47:25.681058+01	2025-10-23 10:37:59.165832+01	2025-10-23 10:47:25.680068+01
c8ee8d35-357a-49c6-a461-91085ed7f3c9	2c40c1a7-1463-40ef-ba69-194592fc6d7e	c69fa65c-a116-4f3a-bd63-a990b8a1acff	Surface blockers list	Aggregate blocked tasks and present escalation options in sprint spotlight.	{ab36b539-f005-450b-a4de-70cd204ac9f0}	completed	15b2bb87-a0c3-4292-ba1e-d00f23e2222d	\N	2025-10-22 13:31:14.196115+01	2025-10-23 10:47:25.744317+01	2025-10-23 10:38:33.286275+01	2025-10-23 10:47:25.743966+01
badef25a-c8d7-4489-a560-b02be730fd56	5bb8df3a-6e07-4872-a43d-2fd8f6ad5b57	c69fa65c-a116-4f3a-bd63-a990b8a1acff	Render assigned tasks widget	Build dashboard component that lists top three assigned tasks with quick actions.	{9ccc6c6c-ea70-4b9a-b7da-73c2c165a744}	completed	15b2bb87-a0c3-4292-ba1e-d00f23e2222d	\N	2025-10-22 13:26:11.435505+01	2025-10-23 11:35:49.07898+01	2025-10-23 11:35:39.696215+01	2025-10-23 11:35:49.076392+01
e8512bac-74c9-4da4-8d4a-0d03b6e38a08	5bb8df3a-6e07-4872-a43d-2fd8f6ad5b57	c69fa65c-a116-4f3a-bd63-a990b8a1acff	Show ready stories fallback	Expose ready stories when no assigned tasks exist, including quick action to pull story.	{af61eba5-7acd-4524-8d1f-4da14f95eb08}	owned	dd294318-8d4d-584d-9ac7-b709ebe0b213	\N	2025-10-22 13:26:25.466675+01	2025-10-24 17:09:36.021008+01	2025-10-24 17:09:36.017532+01	\N
91f9241d-73b4-4a7f-aadd-136d8463634f	5bb8df3a-6e07-4872-a43d-2fd8f6ad5b57	c69fa65c-a116-4f3a-bd63-a990b8a1acff	Integrate AI suggestion state	When no work items remain, call AI service to provide the next recommended action.	{7a9caa81-bf69-4e22-b734-dc77d0551073}	inprogress	15b2bb87-a0c3-4292-ba1e-d00f23e2222d	\N	2025-10-22 13:26:37.653229+01	2025-10-23 11:36:19.213698+01	2025-10-23 11:36:01.826185+01	\N
5ab304a3-dd65-4b95-9cf2-d26b4f21d97f	5bb8df3a-6e07-4872-a43d-2fd8f6ad5b57	c69fa65c-a116-4f3a-bd63-a990b8a1acff	Instrument dashboard metrics	Log render time telemetry and dashboard engagement metrics for developer landing experience.	{91e6142b-b42e-4dd1-9acb-0a306917820a}	inprogress	e142c755-8407-428e-b049-2565d79cc708	\N	2025-10-22 14:50:57.821945+01	2025-10-23 11:36:56.375352+01	2025-10-23 11:36:47.483186+01	\N
cfb8ccee-88ac-4faa-982d-bfd8289c8cde	fbdb370a-ba81-4022-896a-3d05e87d1dc6	c69fa65c-a116-4f3a-bd63-a990b8a1acff	Persist per-view projections	Design projection tables for sprint board, backlog, and readiness summaries; implement write model hooks to populate them and read APIs to serve slim payloads.	{48b0e78e-d956-40a6-bf7c-c87d8fda153d}	available	\N	\N	2025-10-23 10:30:52.701254+01	2025-10-23 10:30:52.701254+01	\N	\N
f92202ef-7837-44ef-9540-c088ef62f37f	2c40c1a7-1463-40ef-ba69-194592fc6d7e	c69fa65c-a116-4f3a-bd63-a990b8a1acff	Implement sprint spotlight header	Display sprint goal, name, and countdown information on dashboard.	{b34de663-498a-4dd6-be5f-3ccf838b0ea1}	completed	15b2bb87-a0c3-4292-ba1e-d00f23e2222d	\N	2025-10-22 13:30:44.203852+01	2025-10-23 10:47:14.593786+01	2025-10-23 10:37:50.919971+01	2025-10-23 10:47:14.593623+01
45b00c82-a4c2-4bf9-9ce0-cb63dadfbc7f	2c40c1a7-1463-40ef-ba69-194592fc6d7e	c69fa65c-a116-4f3a-bd63-a990b8a1acff	Instrument capacity warning metrics	Track when committed points exceed 80% capacity and log/visualize before-after metrics for spotlight warnings.	{b4b702f8-187b-411c-ab7c-d1246fcbddfa}	completed	e142c755-8407-428e-b049-2565d79cc708	\N	2025-10-22 16:35:21.663967+01	2025-10-23 10:48:24.167662+01	2025-10-23 10:38:15.881168+01	2025-10-23 10:48:24.167363+01
dc1e08d8-cd3d-417f-85e4-c4ff825a071b	2c40c1a7-1463-40ef-ba69-194592fc6d7e	c69fa65c-a116-4f3a-bd63-a990b8a1acff	Automate sprint spotlight warnings	Add backend/unit coverage plus Playwright checks to verify the warning badge appears when capacity >80%.	{b4b702f8-187b-411c-ab7c-d1246fcbddfa}	inprogress	1a1036e8-6fc7-4c28-adf9-48c52a20c619	\N	2025-10-22 16:35:30.873224+01	2025-10-23 11:30:39.784811+01	2025-10-23 10:38:07.337577+01	\N
a73f2e2c-3e70-44ee-b961-ef8d26ea78d9	5bb8df3a-6e07-4872-a43d-2fd8f6ad5b57	c69fa65c-a116-4f3a-bd63-a990b8a1acff	Add dashboard regression tests	Automate functional tests covering the task widget, ready-story fallback, and AI nudges.	{9ccc6c6c-ea70-4b9a-b7da-73c2c165a744,af61eba5-7acd-4524-8d1f-4da14f95eb08,7a9caa81-bf69-4e22-b734-dc77d0551073}	inprogress	1a1036e8-6fc7-4c28-adf9-48c52a20c619	\N	2025-10-22 14:50:22.040005+01	2025-10-23 11:36:38.088309+01	2025-10-23 11:36:28.94306+01	\N
2fa914db-a630-4732-8fe9-35ac31a2098d	5bb8df3a-6e07-4872-a43d-2fd8f6ad5b57	66fb8efe-76c0-4b0c-9a57-b5e1deb05b58	Test ownership workflow	This task is available to test the ownership flow	{}	available	\N	\N	2025-10-24 17:49:28.437944+01	2025-10-24 17:49:28.437944+01	\N	\N
2ffbfa6d-ceb8-4f86-af40-32c17521a0df	5bb8df3a-6e07-4872-a43d-2fd8f6ad5b57	c69fa65c-a116-4f3a-bd63-a990b8a1acff	Dummy for test	This one doesn't do anything	{9ccc6c6c-ea70-4b9a-b7da-73c2c165a744}	owned	dd294318-8d4d-584d-9ac7-b709ebe0b213	\N	2025-10-24 17:50:52.233177+01	2025-10-24 17:50:58.064066+01	2025-10-24 17:50:58.060912+01	\N
df4fcbbb-bacd-4c9c-bb93-661d7540f299	c3b352a6-8dd3-4ad6-8197-219ad93cb28a	c69fa65c-a116-4f3a-bd63-a990b8a1acff	Create Sprint Task Board API endpoint	Implement GET endpoint that returns all tasks from all stories in the sprint with filters	{AC1,AC2}	available	\N	\N	2025-10-28 13:39:24.921327+00	2025-10-28 13:39:24.921327+00	\N	\N
bbc41920-2d4c-4a2f-bd2b-b019b8646b4b	c3b352a6-8dd3-4ad6-8197-219ad93cb28a	c69fa65c-a116-4f3a-bd63-a990b8a1acff	Create Sprint Task Board UI page	Build /projects/{id}/sprints/{sprint_id}/tasks page with task list display	{AC1,AC3}	available	\N	\N	2025-10-28 14:30:01.386569+00	2025-10-28 14:30:01.386569+00	\N	\N
49df80ce-30ab-4439-b1de-52459d7f4be8	c3b352a6-8dd3-4ad6-8197-219ad93cb28a	c69fa65c-a116-4f3a-bd63-a990b8a1acff	Implement task filtering and grouping	Add client-side filtering by status and grouping by story/status with counts	{AC2}	available	\N	\N	2025-10-28 14:30:01.405462+00	2025-10-28 14:30:01.405462+00	\N	\N
c7616bc3-79dc-4590-b7e0-a36e60e51631	c3b352a6-8dd3-4ad6-8197-219ad93cb28a	c69fa65c-a116-4f3a-bd63-a990b8a1acff	Add real-time updates with WebSocket	Implement WebSocket connection for task status/ownership changes with notifications	{AC4}	available	\N	\N	2025-10-28 14:30:01.418991+00	2025-10-28 14:30:01.418991+00	\N	\N
d0a3442d-5610-40a6-ac34-ec29ff0bee80	c3b352a6-8dd3-4ad6-8197-219ad93cb28a	c69fa65c-a116-4f3a-bd63-a990b8a1acff	Build sprint context header component	Display sprint name, dates, progress indicator, and story count in header	{AC5}	available	\N	\N	2025-10-28 14:30:01.434585+00	2025-10-28 14:30:01.434585+00	\N	\N
4338af69-7582-4ac6-bd79-ef4b3f40677c	c3b352a6-8dd3-4ad6-8197-219ad93cb28a	c69fa65c-a116-4f3a-bd63-a990b8a1acff	Create Sprint Task Board UI page	Build /projects/{id}/sprints/{sprint_id}/tasks page with task list display	{AC1,AC3}	available	\N	\N	2025-10-28 14:30:14.361594+00	2025-10-28 14:30:14.361594+00	\N	\N
7b97270b-07da-46f8-a6aa-3455dc429683	c3b352a6-8dd3-4ad6-8197-219ad93cb28a	c69fa65c-a116-4f3a-bd63-a990b8a1acff	Implement task filtering and grouping	Add client-side filtering by status and grouping by story/status with counts	{AC2}	available	\N	\N	2025-10-28 14:30:14.374429+00	2025-10-28 14:30:14.374429+00	\N	\N
56eb3c8b-1ee7-4812-b7d2-ad403a84019a	c3b352a6-8dd3-4ad6-8197-219ad93cb28a	c69fa65c-a116-4f3a-bd63-a990b8a1acff	Add real-time updates with WebSocket	Implement WebSocket connection for task status/ownership changes with notifications	{AC4}	available	\N	\N	2025-10-28 14:30:14.386011+00	2025-10-28 14:30:14.386011+00	\N	\N
25bb306f-916a-44a9-a3df-cd7d34e3a40c	c3b352a6-8dd3-4ad6-8197-219ad93cb28a	c69fa65c-a116-4f3a-bd63-a990b8a1acff	Build sprint context header component	Display sprint name, dates, progress indicator, and story count in header	{AC5}	available	\N	\N	2025-10-28 14:30:14.397235+00	2025-10-28 14:30:14.397235+00	\N	\N
0fec5c89-5e54-4b1b-8887-ecbd13b4ba7d	a85c4725-3814-497a-8dd6-d5d8ee97936d	c69fa65c-a116-4f3a-bd63-a990b8a1acff	Implement take task ownership API	Create POST /tasks/{id}/ownership endpoint to claim task ownership	{AC1,AC4}	available	\N	\N	2025-10-28 14:30:14.409456+00	2025-10-28 14:30:14.409456+00	\N	\N
781dc639-36eb-4087-bfaa-8cc96fdd8086	a85c4725-3814-497a-8dd6-d5d8ee97936d	c69fa65c-a116-4f3a-bd63-a990b8a1acff	Implement mark task complete API	Create POST /tasks/{id}/work/complete endpoint to mark task as completed	{AC2}	available	\N	\N	2025-10-28 14:30:14.421478+00	2025-10-28 14:30:14.421478+00	\N	\N
82bb3f34-c2af-4f4f-afaf-78076ef569a0	a85c4725-3814-497a-8dd6-d5d8ee97936d	c69fa65c-a116-4f3a-bd63-a990b8a1acff	Implement release task ownership API	Create DELETE /tasks/{id}/ownership endpoint to unassign task	{AC3}	available	\N	\N	2025-10-28 14:30:14.433089+00	2025-10-28 14:30:14.433089+00	\N	\N
ff7172ef-aa62-4d6c-aae3-dbd370a0da93	a85c4725-3814-497a-8dd6-d5d8ee97936d	c69fa65c-a116-4f3a-bd63-a990b8a1acff	Add task state history tracking	Store and retrieve task state transition history with timestamps and user info	{AC5}	available	\N	\N	2025-10-28 14:30:14.446123+00	2025-10-28 14:30:14.446123+00	\N	\N
33acb64b-7113-40a6-926d-4d9e882b78d3	a85c4725-3814-497a-8dd6-d5d8ee97936d	c69fa65c-a116-4f3a-bd63-a990b8a1acff	Build task ownership UI components	Create Take Ownership, Mark Complete, and Release Task buttons with confirmation dialogs	{AC1,AC2,AC3}	available	\N	\N	2025-10-28 14:30:14.458172+00	2025-10-28 14:30:14.458172+00	\N	\N
46ed04e3-e632-464f-9752-a9ba889bd15b	a85c4725-3814-497a-8dd6-d5d8ee97936d	c69fa65c-a116-4f3a-bd63-a990b8a1acff	Implement bulk task operations	Add bulk selection and bulk action support for marking multiple tasks complete	{AC6}	available	\N	\N	2025-10-28 14:30:14.470796+00	2025-10-28 14:30:14.470796+00	\N	\N
c4e911a6-583e-4131-b045-b92957b65ab7	a8a8bba1-61d3-4d74-8f93-f3ca6328b114	c69fa65c-a116-4f3a-bd63-a990b8a1acff	Create inline action button component	Build reusable component for contextual action buttons with hover/focus behavior	{AC1}	available	\N	\N	2025-10-28 14:30:14.482744+00	2025-10-28 14:30:14.482744+00	\N	\N
906c8426-e3a0-4f85-98d8-c3ff25ff3d09	a8a8bba1-61d3-4d74-8f93-f3ca6328b114	c69fa65c-a116-4f3a-bd63-a990b8a1acff	Implement quick take action	Wire up Take button to ownership API with optimistic UI updates	{AC2,AC4}	available	\N	\N	2025-10-28 14:30:14.495159+00	2025-10-28 14:30:14.495159+00	\N	\N
272974b5-6d2b-4868-8d12-1790ece276e3	a8a8bba1-61d3-4d74-8f93-f3ca6328b114	c69fa65c-a116-4f3a-bd63-a990b8a1acff	Implement quick complete action	Wire up Complete button to completion API with visual feedback	{AC3,AC4}	available	\N	\N	2025-10-28 14:30:14.506759+00	2025-10-28 14:30:14.506759+00	\N	\N
122b39b6-9c18-4004-986e-3fcbbf3261d5	a8a8bba1-61d3-4d74-8f93-f3ca6328b114	c69fa65c-a116-4f3a-bd63-a990b8a1acff	Add keyboard shortcuts support	Implement keyboard event handlers for T, C, R shortcuts and help dialog	{AC5}	available	\N	\N	2025-10-28 14:30:14.518451+00	2025-10-28 14:30:14.518451+00	\N	\N
91a37414-2e2b-433f-ad66-c9ece71ade7b	24e14f90-bd7b-495a-9c31-9b6ebeaf712d	c69fa65c-a116-4f3a-bd63-a990b8a1acff	Create sprint metrics API endpoint	Implement GET /sprints/{id}/metrics endpoint returning burndown and distribution data	{AC1,AC2}	available	\N	\N	2025-10-28 14:30:14.531004+00	2025-10-28 14:30:14.531004+00	\N	\N
41745f2d-794c-4516-ad3d-1bd8aec582d9	24e14f90-bd7b-495a-9c31-9b6ebeaf712d	c69fa65c-a116-4f3a-bd63-a990b8a1acff	Build burndown chart component	Create chart visualization comparing actual vs ideal progress with velocity metrics	{AC1}	available	\N	\N	2025-10-28 14:30:14.543144+00	2025-10-28 14:30:14.543144+00	\N	\N
8c670956-ba15-4507-bf87-c5a361b8cb13	24e14f90-bd7b-495a-9c31-9b6ebeaf712d	c69fa65c-a116-4f3a-bd63-a990b8a1acff	Build task distribution dashboard	Display task breakdown by status and contributor assignment counts	{AC2}	available	\N	\N	2025-10-28 14:30:14.555543+00	2025-10-28 14:30:14.555543+00	\N	\N
bff62afb-dab4-4615-9ab1-72a2ea3db4e2	24e14f90-bd7b-495a-9c31-9b6ebeaf712d	c69fa65c-a116-4f3a-bd63-a990b8a1acff	Implement risk indicator logic	Add detection and display of concerning patterns with recommendations	{AC3}	available	\N	\N	2025-10-28 14:30:14.568766+00	2025-10-28 14:30:14.568766+00	\N	\N
2c15c6f7-9359-4b40-9089-7f581b1bca77	24e14f90-bd7b-495a-9c31-9b6ebeaf712d	c69fa65c-a116-4f3a-bd63-a990b8a1acff	Add export report functionality	Implement CSV/PDF export of sprint report with all metrics	{AC4}	available	\N	\N	2025-10-28 14:30:14.580758+00	2025-10-28 14:30:14.580758+00	\N	\N
31fe7bd9-b60d-4a3f-8f98-79b9cca40d48	85b3093d-2838-478d-9861-fb493afa2db7	c69fa65c-a116-4f3a-bd63-a990b8a1acff	Update persona format validation logic	Change readiness validation to accept persona format in title OR description (not require both)	{AC1,AC2,AC3,AC4}	available	\N	\N	2025-10-28 14:30:14.5927+00	2025-10-28 14:30:14.5927+00	\N	\N
b9bba0d8-9df3-443f-ac25-b9ec3f3cb309	85b3093d-2838-478d-9861-fb493afa2db7	c69fa65c-a116-4f3a-bd63-a990b8a1acff	Update error message text	Change error message to indicate either title or description must use persona format	{AC5}	available	\N	\N	2025-10-28 14:30:14.604584+00	2025-10-28 14:30:14.604584+00	\N	\N
09995016-7252-4cba-a1a2-553859997c7e	85b3093d-2838-478d-9861-fb493afa2db7	c69fa65c-a116-4f3a-bd63-a990b8a1acff	Add unit tests for flexible validation	Write tests covering all AC scenarios for persona format validation	{AC1,AC2,AC3,AC4}	available	\N	\N	2025-10-28 14:30:14.615984+00	2025-10-28 14:30:14.615984+00	\N	\N
c708d4d2-dfaf-4da5-86a1-50b5c6431311	c3b352a6-8dd3-4ad6-8197-219ad93cb28a	c69fa65c-a116-4f3a-bd63-a990b8a1acff	Write E2E tests for sprint task board page	Test navigation, task display, filtering, grouping, and real-time updates	{AC1,AC2,AC4}	available	\N	\N	2025-10-28 14:42:31.861817+00	2025-10-28 14:42:31.861817+00	\N	\N
ddfdb984-fa76-450d-acaf-d702096bc08a	c3b352a6-8dd3-4ad6-8197-219ad93cb28a	c69fa65c-a116-4f3a-bd63-a990b8a1acff	Test task availability visual indicators	Verify available, owned, and others tasks are visually distinct	{AC3}	available	\N	\N	2025-10-28 14:42:31.895323+00	2025-10-28 14:42:31.895323+00	\N	\N
1f6129dc-7726-4234-9ec5-4c673978b468	c3b352a6-8dd3-4ad6-8197-219ad93cb28a	c69fa65c-a116-4f3a-bd63-a990b8a1acff	Test sprint context header display	Verify sprint info, progress indicator, and story count accuracy	{AC5}	available	\N	\N	2025-10-28 14:42:31.912374+00	2025-10-28 14:42:31.912374+00	\N	\N
a38973ec-8d3b-4585-be4f-d12b4d494350	a85c4725-3814-497a-8dd6-d5d8ee97936d	c69fa65c-a116-4f3a-bd63-a990b8a1acff	Write API tests for task ownership endpoints	Test take, release, and validation of ownership state transitions	{AC1,AC3,AC4}	available	\N	\N	2025-10-28 14:42:31.92838+00	2025-10-28 14:42:31.92838+00	\N	\N
cd7855fb-1511-4634-85d8-db21cf38f95a	a85c4725-3814-497a-8dd6-d5d8ee97936d	c69fa65c-a116-4f3a-bd63-a990b8a1acff	Write API tests for task completion	Test mark complete endpoint and verify status transitions	{AC2}	available	\N	\N	2025-10-28 14:42:31.942099+00	2025-10-28 14:42:31.942099+00	\N	\N
4f4207c4-9e4a-4a08-a158-f7b103a0f57d	a85c4725-3814-497a-8dd6-d5d8ee97936d	c69fa65c-a116-4f3a-bd63-a990b8a1acff	Test task state history tracking	Verify history records all transitions with correct timestamps and user info	{AC5}	available	\N	\N	2025-10-28 14:42:31.955936+00	2025-10-28 14:42:31.955936+00	\N	\N
778ba540-7397-4fea-aba3-25ecf4cba981	a85c4725-3814-497a-8dd6-d5d8ee97936d	c69fa65c-a116-4f3a-bd63-a990b8a1acff	Write E2E tests for task ownership UI flow	Test complete user journey: take, work, complete, and release actions	{AC1,AC2,AC3}	available	\N	\N	2025-10-28 14:42:31.969572+00	2025-10-28 14:42:31.969572+00	\N	\N
001a3b89-b0f1-44a1-abe8-1b7686c82670	a85c4725-3814-497a-8dd6-d5d8ee97936d	c69fa65c-a116-4f3a-bd63-a990b8a1acff	Test bulk task operations	Verify bulk selection, actions, and success/failure reporting	{AC6}	available	\N	\N	2025-10-28 14:42:31.983314+00	2025-10-28 14:42:31.983314+00	\N	\N
900a4113-20b3-4d76-80f8-03d57a7e6220	a85c4725-3814-497a-8dd6-d5d8ee97936d	c69fa65c-a116-4f3a-bd63-a990b8a1acff	Test concurrent task ownership scenarios	Verify race condition handling when multiple users try to claim same task	{AC4}	available	\N	\N	2025-10-28 14:42:31.998378+00	2025-10-28 14:42:31.998378+00	\N	\N
8ac952ab-4485-4c3a-983e-788b15daec41	a8a8bba1-61d3-4d74-8f93-f3ca6328b114	c69fa65c-a116-4f3a-bd63-a990b8a1acff	Test inline action button visibility and state	Verify buttons appear on hover/focus and are enabled/disabled correctly	{AC1}	available	\N	\N	2025-10-28 14:42:32.012756+00	2025-10-28 14:42:32.012756+00	\N	\N
e800d1b3-33a2-4a29-9322-a6a756e9d313	a8a8bba1-61d3-4d74-8f93-f3ca6328b114	c69fa65c-a116-4f3a-bd63-a990b8a1acff	Test optimistic UI updates and rollback	Verify UI updates immediately and rolls back on server errors	{AC4}	available	\N	\N	2025-10-28 14:42:32.026036+00	2025-10-28 14:42:32.026036+00	\N	\N
7decdae6-9496-42e1-a6d5-681f20d139f5	a8a8bba1-61d3-4d74-8f93-f3ca6328b114	c69fa65c-a116-4f3a-bd63-a990b8a1acff	Test keyboard shortcuts functionality	Verify T, C, R shortcuts work and help dialog displays correctly	{AC5}	available	\N	\N	2025-10-28 14:42:32.039837+00	2025-10-28 14:42:32.039837+00	\N	\N
0352953a-5c38-4c50-9f16-d18c1daf25a9	a8a8bba1-61d3-4d74-8f93-f3ca6328b114	c69fa65c-a116-4f3a-bd63-a990b8a1acff	Test quick actions user experience	End-to-end test of Take and Complete quick actions with visual feedback	{AC2,AC3}	available	\N	\N	2025-10-28 14:42:32.054043+00	2025-10-28 14:42:32.054043+00	\N	\N
777d505d-f90e-4667-838e-b711d19ba91c	24e14f90-bd7b-495a-9c31-9b6ebeaf712d	c69fa65c-a116-4f3a-bd63-a990b8a1acff	Test sprint metrics API endpoint	Verify API returns correct burndown and distribution data	{AC1,AC2}	available	\N	\N	2025-10-28 14:42:32.06757+00	2025-10-28 14:42:32.06757+00	\N	\N
7223c5d7-3e50-4794-9315-f54b33f3be2f	24e14f90-bd7b-495a-9c31-9b6ebeaf712d	c69fa65c-a116-4f3a-bd63-a990b8a1acff	Test burndown chart accuracy	Verify chart displays correct actual vs ideal progress and velocity	{AC1}	available	\N	\N	2025-10-28 14:42:32.082976+00	2025-10-28 14:42:32.082976+00	\N	\N
d8ccee64-f88b-42be-a163-1106e6e40499	24e14f90-bd7b-495a-9c31-9b6ebeaf712d	c69fa65c-a116-4f3a-bd63-a990b8a1acff	Test risk indicator logic	Verify risk warnings appear for concerning patterns with correct recommendations	{AC3}	available	\N	\N	2025-10-28 14:42:32.098129+00	2025-10-28 14:42:32.098129+00	\N	\N
cb1eff5f-4683-4548-b1fd-0dfdac8b4c3c	24e14f90-bd7b-495a-9c31-9b6ebeaf712d	c69fa65c-a116-4f3a-bd63-a990b8a1acff	Test export report functionality	Verify CSV/PDF export contains all required data and correct formatting	{AC4}	available	\N	\N	2025-10-28 14:42:32.111412+00	2025-10-28 14:42:32.111412+00	\N	\N
c87b84ac-3f74-4743-8fb6-3514e7a38f0b	85b3093d-2838-478d-9861-fb493afa2db7	c69fa65c-a116-4f3a-bd63-a990b8a1acff	Regression test existing stories	Verify existing stories still pass validation after changes	{AC1,AC2,AC3,AC4}	available	\N	\N	2025-10-28 14:42:32.156818+00	2025-10-28 14:42:32.156818+00	\N	\N
8c41dbcb-9efb-43fc-8109-832b266eef35	85b3093d-2838-478d-9861-fb493afa2db7	c69fa65c-a116-4f3a-bd63-a990b8a1acff	Write integration tests for flexible validation	Test all AC scenarios: title only, description only, neither, both	{AC1,AC2,AC3,AC4}	available	\N	\N	2025-10-28 14:42:32.128845+00	2025-10-28 14:42:32.128845+00	\N	\N
5d086b3e-6323-4448-8cfc-784b0cceee7a	85b3093d-2838-478d-9861-fb493afa2db7	c69fa65c-a116-4f3a-bd63-a990b8a1acff	Verify updated error messages in UI	Test that error message shows correct text about either title or description	{AC5}	available	\N	\N	2025-10-28 14:42:32.143461+00	2025-10-28 14:42:32.143461+00	\N	\N
fe9efe49-3c22-4ec5-ab80-671b9951e76e	32748062-392a-40c0-af69-539cbf2f4102	c69fa65c-a116-4f3a-bd63-a990b8a1acff	[Backend] Add priority field to Story data model	Add priority_level enum. Estimated: 2h	{5614e6d4-1faa-4eb3-aee4-110d3de9fdc7,8da65628-639a-4445-8e41-a099bdf769ac}	available	\N	\N	2025-10-29 15:34:12.595183+00	2025-10-29 15:34:12.595183+00	\N	\N
3136c4b1-ce72-4dd9-a8c3-892295ef7f97	32748062-392a-40c0-af69-539cbf2f4102	c69fa65c-a116-4f3a-bd63-a990b8a1acff	[Backend] Implement priority update API endpoint	PATCH endpoint. Estimated: 3h	{8da65628-639a-4445-8e41-a099bdf769ac}	available	\N	\N	2025-10-29 15:34:45.132724+00	2025-10-29 15:34:45.132724+00	\N	\N
c92c4675-8fbd-47af-9c7d-f716933e545a	32748062-392a-40c0-af69-539cbf2f4102	c69fa65c-a116-4f3a-bd63-a990b8a1acff	[Backend] Add priority-based sorting to backlog queries	Sort by priority. Estimated: 2h	{8da65628-639a-4445-8e41-a099bdf769ac,3eccc9a9-d0b8-4ae6-9eb7-ccc0e07b607c}	available	\N	\N	2025-10-29 15:34:45.167233+00	2025-10-29 15:34:45.167233+00	\N	\N
cb01c698-6e41-4802-955e-335cc16e0091	32748062-392a-40c0-af69-539cbf2f4102	c69fa65c-a116-4f3a-bd63-a990b8a1acff	[Backend] Implement RBAC for priority field	Authorization checks. Estimated: 1h	{f6cca147-05d7-4ffa-abd0-d16089392561}	available	\N	\N	2025-10-29 15:34:45.183472+00	2025-10-29 15:34:45.183472+00	\N	\N
3b9e20f2-5892-46b6-b060-8bcfb39e472d	32748062-392a-40c0-af69-539cbf2f4102	c69fa65c-a116-4f3a-bd63-a990b8a1acff	[Backend] Add priority filtering to sprint planning algorithm	Greedy algorithm. Estimated: 4h	{5e872ffa-3b89-4342-8b57-65e44823cb2d}	available	\N	\N	2025-10-29 15:34:45.200256+00	2025-10-29 15:34:45.200256+00	\N	\N
fac71e08-198c-446c-916a-fdb97c30603d	32748062-392a-40c0-af69-539cbf2f4102	c69fa65c-a116-4f3a-bd63-a990b8a1acff	[QA] Write API tests for priority field CRUD	Integration tests. Estimated: 2h	{5614e6d4-1faa-4eb3-aee4-110d3de9fdc7,8da65628-639a-4445-8e41-a099bdf769ac}	available	\N	\N	2025-10-29 15:35:12.825471+00	2025-10-29 15:35:12.825471+00	\N	\N
0e090da9-e0f2-4694-b63b-e86459d09e48	32748062-392a-40c0-af69-539cbf2f4102	c69fa65c-a116-4f3a-bd63-a990b8a1acff	[QA] Test priority sorting in backlog	Verify ordering. Estimated: 1h	{3eccc9a9-d0b8-4ae6-9eb7-ccc0e07b607c}	available	\N	\N	2025-10-29 15:35:12.85483+00	2025-10-29 15:35:12.85483+00	\N	\N
a8b4043c-803e-46e2-893f-ea4abc30ebe1	32748062-392a-40c0-af69-539cbf2f4102	c69fa65c-a116-4f3a-bd63-a990b8a1acff	[QA] Test sprint planning prioritization	Edge cases. Estimated: 2h	{5e872ffa-3b89-4342-8b57-65e44823cb2d}	available	\N	\N	2025-10-29 15:35:12.903051+00	2025-10-29 15:35:12.903051+00	\N	\N
7e742227-ca5c-4657-b495-cafbb946fb77	32748062-392a-40c0-af69-539cbf2f4102	c69fa65c-a116-4f3a-bd63-a990b8a1acff	[QA] E2E test for complete priority workflow	Full workflow. Estimated: 2h	{5614e6d4-1faa-4eb3-aee4-110d3de9fdc7,8da65628-639a-4445-8e41-a099bdf769ac,5e872ffa-3b89-4342-8b57-65e44823cb2d,3eccc9a9-d0b8-4ae6-9eb7-ccc0e07b607c,f6cca147-05d7-4ffa-abd0-d16089392561}	available	\N	\N	2025-10-29 15:35:12.93635+00	2025-10-29 15:35:12.93635+00	\N	\N
02ed9d2b-4e45-43d2-8579-496874416690	32748062-392a-40c0-af69-539cbf2f4102	08c7f00c-7b5d-4a4f-9f66-13b94265c5df	[DevOps] Create database migration for priority field	Add column and index. Estimated: 1h	{5614e6d4-1faa-4eb3-aee4-110d3de9fdc7,8da65628-639a-4445-8e41-a099bdf769ac}	available	\N	\N	2025-10-29 15:35:12.950174+00	2025-10-29 15:35:12.950174+00	\N	\N
0e6e22cc-fe5d-4886-8376-f6ad4a072fd6	32748062-392a-40c0-af69-539cbf2f4102	08c7f00c-7b5d-4a4f-9f66-13b94265c5df	[DevOps] Update OpenAPI spec with priority field	Document in spec. Estimated: 30min	{5614e6d4-1faa-4eb3-aee4-110d3de9fdc7,8da65628-639a-4445-8e41-a099bdf769ac,5e872ffa-3b89-4342-8b57-65e44823cb2d,3eccc9a9-d0b8-4ae6-9eb7-ccc0e07b607c,f6cca147-05d7-4ffa-abd0-d16089392561}	available	\N	\N	2025-10-29 15:35:12.964116+00	2025-10-29 15:35:12.964116+00	\N	\N
5047f423-819f-4c6e-8d9f-1b98c45d9553	32748062-392a-40c0-af69-539cbf2f4102	08c7f00c-7b5d-4a4f-9f66-13b94265c5df	[Docs] Document priority system in user guide	User documentation. Estimated: 2h	{5614e6d4-1faa-4eb3-aee4-110d3de9fdc7,8da65628-639a-4445-8e41-a099bdf769ac,f6cca147-05d7-4ffa-abd0-d16089392561}	available	\N	\N	2025-10-29 15:35:12.987052+00	2025-10-29 15:35:12.987052+00	\N	\N
191c7208-2368-494f-b51a-6b78d614a108	32748062-392a-40c0-af69-539cbf2f4102	08c7f00c-7b5d-4a4f-9f66-13b94265c5df	[Docs] Update sprint planning guide with priority rules	Planning docs. Estimated: 1h	{5e872ffa-3b89-4342-8b57-65e44823cb2d}	available	\N	\N	2025-10-29 15:35:13.02133+00	2025-10-29 15:35:13.02133+00	\N	\N
c10e0d3b-ca58-45db-872d-938783f22167	32748062-392a-40c0-af69-539cbf2f4102	08c7f00c-7b5d-4a4f-9f66-13b94265c5df	[Docs] Create ADR for priority field design	Architecture decision. Estimated: 1h	{5614e6d4-1faa-4eb3-aee4-110d3de9fdc7,8da65628-639a-4445-8e41-a099bdf769ac}	available	\N	\N	2025-10-29 15:35:13.035471+00	2025-10-29 15:35:13.035471+00	\N	\N
c4f3102d-3e3c-40b1-a8bc-e4a3015f4554	32748062-392a-40c0-af69-539cbf2f4102	c69fa65c-a116-4f3a-bd63-a990b8a1acff	[Frontend] Add priority selector UI component	Dropdown UI. Estimated: 3h	{5614e6d4-1faa-4eb3-aee4-110d3de9fdc7,8da65628-639a-4445-8e41-a099bdf769ac}	available	\N	\N	2025-10-29 15:35:13.048624+00	2025-10-29 15:35:13.048624+00	\N	\N
8361417c-d34d-4de3-9dd8-e642a8fac6a6	32748062-392a-40c0-af69-539cbf2f4102	c69fa65c-a116-4f3a-bd63-a990b8a1acff	[Frontend] Implement drag-and-drop priority reordering	Drag to reorder. Estimated: 4h	{8da65628-639a-4445-8e41-a099bdf769ac}	available	\N	\N	2025-10-29 15:35:13.069694+00	2025-10-29 15:35:13.069694+00	\N	\N
18fc18a5-d8ee-416e-b12e-b883d00ebf2c	32748062-392a-40c0-af69-539cbf2f4102	c69fa65c-a116-4f3a-bd63-a990b8a1acff	[Frontend] Update backlog view with priority sorting	Sort UI. Estimated: 2h	{3eccc9a9-d0b8-4ae6-9eb7-ccc0e07b607c}	available	\N	\N	2025-10-29 15:35:13.083956+00	2025-10-29 15:35:13.083956+00	\N	\N
c70482db-08b3-4af8-9cb6-75258dfbfe59	32748062-392a-40c0-af69-539cbf2f4102	c69fa65c-a116-4f3a-bd63-a990b8a1acff	[Frontend] Add priority filters to backlog	Filter UI. Estimated: 2h	{3eccc9a9-d0b8-4ae6-9eb7-ccc0e07b607c}	available	\N	\N	2025-10-29 15:35:13.097034+00	2025-10-29 15:35:13.097034+00	\N	\N
e1f3ea31-9358-4874-9a24-26c01d2fa28c	32748062-392a-40c0-af69-539cbf2f4102	08c7f00c-7b5d-4a4f-9f66-13b94265c5df	[DevOps] Create database migration for priority field	Add column and index. Estimated: 1h	{5614e6d4-1faa-4eb3-aee4-110d3de9fdc7,8da65628-639a-4445-8e41-a099bdf769ac}	available	\N	\N	2025-10-29 16:05:58.62909+00	2025-10-29 16:05:58.62909+00	\N	\N
3487b813-8403-41d3-a66a-db90153425ad	32748062-392a-40c0-af69-539cbf2f4102	08c7f00c-7b5d-4a4f-9f66-13b94265c5df	[DevOps] Update OpenAPI spec with priority field	Document in spec. Estimated: 30min	{5614e6d4-1faa-4eb3-aee4-110d3de9fdc7,8da65628-639a-4445-8e41-a099bdf769ac,5e872ffa-3b89-4342-8b57-65e44823cb2d,3eccc9a9-d0b8-4ae6-9eb7-ccc0e07b607c,f6cca147-05d7-4ffa-abd0-d16089392561}	available	\N	\N	2025-10-29 16:05:58.655081+00	2025-10-29 16:05:58.655081+00	\N	\N
61453eb3-d600-4522-b2e5-4dafb56f7fc7	32748062-392a-40c0-af69-539cbf2f4102	08c7f00c-7b5d-4a4f-9f66-13b94265c5df	[Docs] Document priority system in user guide	User documentation. Estimated: 2h	{5614e6d4-1faa-4eb3-aee4-110d3de9fdc7,8da65628-639a-4445-8e41-a099bdf769ac,f6cca147-05d7-4ffa-abd0-d16089392561}	available	\N	\N	2025-10-29 16:05:58.696695+00	2025-10-29 16:05:58.696695+00	\N	\N
f8b9d9b1-ff1b-40f2-9304-cfc237a2077f	32748062-392a-40c0-af69-539cbf2f4102	08c7f00c-7b5d-4a4f-9f66-13b94265c5df	[Docs] Update sprint planning guide with priority rules	Planning docs. Estimated: 1h	{5e872ffa-3b89-4342-8b57-65e44823cb2d}	available	\N	\N	2025-10-29 16:05:58.711284+00	2025-10-29 16:05:58.711284+00	\N	\N
84ee1708-9a46-4ca3-b4d3-72454a632024	32748062-392a-40c0-af69-539cbf2f4102	08c7f00c-7b5d-4a4f-9f66-13b94265c5df	[Docs] Create ADR for priority field design	Architecture decision. Estimated: 1h	{5614e6d4-1faa-4eb3-aee4-110d3de9fdc7,8da65628-639a-4445-8e41-a099bdf769ac}	available	\N	\N	2025-10-29 16:05:58.726878+00	2025-10-29 16:05:58.726878+00	\N	\N
62fb0e97-b797-4f7a-ae5d-279f2b20a91c	4f35d451-9ec7-4a20-97f4-83b59f2aa5da	c69fa65c-a116-4f3a-bd63-a990b8a1acff	[Backend] Create Task Analysis domain model	Domain entities: TaskAnalysis, ClarityScore, Recommendation. Scoring dimensions: technical_detail, specificity, completeness, testability. Estimated: 3h	{e0261453-8f72-4b08-8290-d8fb7903c869,3f42fa09-1117-463b-b523-08dc03a2f4a4}	available	\N	\N	2025-10-29 16:33:14.304521+00	2025-10-29 16:33:14.304521+00	\N	\N
efb8db85-9a2b-4e2a-8903-ea2a8482a6a7	4f35d451-9ec7-4a20-97f4-83b59f2aa5da	c69fa65c-a116-4f3a-bd63-a990b8a1acff	[Backend] Implement clarity scoring algorithm	Rule-based scoring: file paths, vague terms, AC refs. Weighted composite score 0-100. Generate recommendations per dimension. Estimated: 4h	{e0261453-8f72-4b08-8290-d8fb7903c869,81054dee-14c5-455f-a580-7d8870ba34ee,30639999-a0b1-4381-b92b-173a7d946bc8}	available	\N	\N	2025-10-29 16:33:14.447828+00	2025-10-29 16:33:14.447828+00	\N	\N
0b230ae6-591c-4d75-8229-f42a486fcca6	4f35d451-9ec7-4a20-97f4-83b59f2aa5da	c69fa65c-a116-4f3a-bd63-a990b8a1acff	[Backend] Create task analysis API endpoints	POST /tasks/{id}/analyze, GET /tasks/{id}/analysis. Authorization checks. Estimated: 3h	{e0261453-8f72-4b08-8290-d8fb7903c869,30639999-a0b1-4381-b92b-173a7d946bc8,5649e91e-043f-4097-916b-9907620bff3e}	available	\N	\N	2025-10-29 16:33:14.464515+00	2025-10-29 16:33:14.464515+00	\N	\N
5fec4f75-9e81-4187-815a-d67066445e78	4f35d451-9ec7-4a20-97f4-83b59f2aa5da	c69fa65c-a116-4f3a-bd63-a990b8a1acff	[QA] Test clarity scoring accuracy	Test vague vs detailed tasks. Verify recommendations match gaps. Edge cases. Estimated: 3h	{e0261453-8f72-4b08-8290-d8fb7903c869,81054dee-14c5-455f-a580-7d8870ba34ee,30639999-a0b1-4381-b92b-173a7d946bc8}	available	\N	\N	2025-10-29 16:38:35.068786+00	2025-10-29 16:38:35.068786+00	\N	\N
7f02e00e-af7a-4447-8dd5-73892811dac9	4f35d451-9ec7-4a20-97f4-83b59f2aa5da	c69fa65c-a116-4f3a-bd63-a990b8a1acff	[Backend] Store analysis results in database	Create task_analyses table, repository layer, migrations. Estimated: 2h	{e0261453-8f72-4b08-8290-d8fb7903c869,3f42fa09-1117-463b-b523-08dc03a2f4a4}	available	\N	\N	2025-10-29 16:33:14.504777+00	2025-10-29 16:33:14.504777+00	\N	\N
3050d441-023b-4fd2-9b3b-6680bfcb2be9	4f35d451-9ec7-4a20-97f4-83b59f2aa5da	c69fa65c-a116-4f3a-bd63-a990b8a1acff	[QA] Test recommendation generation	Verify specific recommendations per gap type. Test AC reference suggestions. Estimated: 2h	{30639999-a0b1-4381-b92b-173a7d946bc8,5649e91e-043f-4097-916b-9907620bff3e,3f42fa09-1117-463b-b523-08dc03a2f4a4}	available	\N	\N	2025-10-29 16:38:35.137394+00	2025-10-29 16:38:35.137394+00	\N	\N
ee410228-c7f2-4821-b913-9e7c2c9ec4a2	4f35d451-9ec7-4a20-97f4-83b59f2aa5da	c69fa65c-a116-4f3a-bd63-a990b8a1acff	[QA] E2E test for analysis workflow	Playwright: Create task  Analyze  View recommendations  Verify results. Estimated: 3h	{e0261453-8f72-4b08-8290-d8fb7903c869,81054dee-14c5-455f-a580-7d8870ba34ee,30639999-a0b1-4381-b92b-173a7d946bc8,5649e91e-043f-4097-916b-9907620bff3e,3f42fa09-1117-463b-b523-08dc03a2f4a4}	available	\N	\N	2025-10-29 16:38:35.174682+00	2025-10-29 16:38:35.174682+00	\N	\N
1cf8d759-a507-45e2-8f67-dcb0ff9f16fc	4f35d451-9ec7-4a20-97f4-83b59f2aa5da	c69fa65c-a116-4f3a-bd63-a990b8a1acff	[QA] API integration tests	Test analysis endpoints. Verify authorization. Test concurrent requests. Estimated: 2h	{e0261453-8f72-4b08-8290-d8fb7903c869,5649e91e-043f-4097-916b-9907620bff3e}	available	\N	\N	2025-10-29 16:38:35.18723+00	2025-10-29 16:38:35.18723+00	\N	\N
baebd17b-188a-4d79-af65-e94ee309253d	4f35d451-9ec7-4a20-97f4-83b59f2aa5da	08c7f00c-7b5d-4a4f-9f66-13b94265c5df	[DevOps] Update OpenAPI spec for analysis endpoints	Document analysis schemas, ClarityScore, Recommendation types. Add examples. Estimated: 1h	{e0261453-8f72-4b08-8290-d8fb7903c869,81054dee-14c5-455f-a580-7d8870ba34ee,30639999-a0b1-4381-b92b-173a7d946bc8,5649e91e-043f-4097-916b-9907620bff3e,3f42fa09-1117-463b-b523-08dc03a2f4a4}	available	\N	\N	2025-10-29 16:38:35.199536+00	2025-10-29 16:38:35.199536+00	\N	\N
b07ac31d-71f1-4aab-bc0f-70af0f1cf513	4f35d451-9ec7-4a20-97f4-83b59f2aa5da	08c7f00c-7b5d-4a4f-9f66-13b94265c5df	[DevOps] Database migration for analysis storage	Create task_analyses table with indexes. Test rollback. Estimated: 1h	{e0261453-8f72-4b08-8290-d8fb7903c869}	available	\N	\N	2025-10-29 16:38:35.217172+00	2025-10-29 16:38:35.217172+00	\N	\N
dee51c39-a7ad-4b4e-b79f-6944fc854e16	4f35d451-9ec7-4a20-97f4-83b59f2aa5da	08c7f00c-7b5d-4a4f-9f66-13b94265c5df	[DevOps] Add monitoring for analysis performance	Log analysis latency. Alert on slow analyses. Track usage metrics. Estimated: 1h	{e0261453-8f72-4b08-8290-d8fb7903c869}	available	\N	\N	2025-10-29 16:38:35.228006+00	2025-10-29 16:38:35.228006+00	\N	\N
27702f56-7bf0-49c7-bb4f-cdc0c3c874b9	4f35d451-9ec7-4a20-97f4-83b59f2aa5da	08c7f00c-7b5d-4a4f-9f66-13b94265c5df	[Docs] Document task writing best practices	Guide: How to write clear tasks. Checklist: file paths, functions, tests, DoD. Examples of good vs bad. Estimated: 3h	{81054dee-14c5-455f-a580-7d8870ba34ee,30639999-a0b1-4381-b92b-173a7d946bc8,3f42fa09-1117-463b-b523-08dc03a2f4a4}	available	\N	\N	2025-10-29 16:40:40.669234+00	2025-10-29 16:40:40.669234+00	\N	\N
a0c0ba07-a91b-47c3-a79d-a1d4f0a6fd7d	4f35d451-9ec7-4a20-97f4-83b59f2aa5da	c69fa65c-a116-4f3a-bd63-a990b8a1acff	[Backend] Build recommendation generation logic	Generate specific recommendations based on gaps. Suggest file paths, AC IDs, test coverage needs. Estimated: 3h	{81054dee-14c5-455f-a580-7d8870ba34ee,30639999-a0b1-4381-b92b-173a7d946bc8,5649e91e-043f-4097-916b-9907620bff3e,3f42fa09-1117-463b-b523-08dc03a2f4a4}	available	\N	\N	2025-10-29 16:33:14.517705+00	2025-10-29 16:33:14.517705+00	\N	\N
2d9ebe12-3a4b-4d87-875a-896b57407cd4	4f35d451-9ec7-4a20-97f4-83b59f2aa5da	08c7f00c-7b5d-4a4f-9f66-13b94265c5df	[Docs] Document clarity scoring rubric	Explain scoring dimensions and weights. Document recommendation triggers. Threshold guidelines. Estimated: 2h	{e0261453-8f72-4b08-8290-d8fb7903c869}	available	\N	\N	2025-10-29 16:40:40.735654+00	2025-10-29 16:40:40.735654+00	\N	\N
825e1420-ae70-43ec-b453-f8b58dde4638	4f35d451-9ec7-4a20-97f4-83b59f2aa5da	08c7f00c-7b5d-4a4f-9f66-13b94265c5df	[Docs] User guide for task analysis feature	How to request analysis. Interpret clarity scores. Review recommendations. Screenshots of UI. Estimated: 2h	{e0261453-8f72-4b08-8290-d8fb7903c869,81054dee-14c5-455f-a580-7d8870ba34ee,30639999-a0b1-4381-b92b-173a7d946bc8,5649e91e-043f-4097-916b-9907620bff3e,3f42fa09-1117-463b-b523-08dc03a2f4a4}	available	\N	\N	2025-10-29 16:40:40.751797+00	2025-10-29 16:40:40.751797+00	\N	\N
c8678060-f771-4839-a883-8706e28cce8f	4f35d451-9ec7-4a20-97f4-83b59f2aa5da	c69fa65c-a116-4f3a-bd63-a990b8a1acff	[Frontend] Build task analysis trigger UI	Analyze Task button. Loading state. Display clarity score with color coding (red<40, yellow 40-70, green>70). Estimated: 2h	{e0261453-8f72-4b08-8290-d8fb7903c869}	available	\N	\N	2025-10-29 16:40:40.763996+00	2025-10-29 16:40:40.763996+00	\N	\N
a3e88f91-4b16-4e43-94b1-57b3d9f1ce14	4f35d451-9ec7-4a20-97f4-83b59f2aa5da	c69fa65c-a116-4f3a-bd63-a990b8a1acff	[Frontend] Create recommendations panel component	Display categorized recommendations. Highlight missing elements. Show flagged vague terms. Expandable sections. Estimated: 3h	{81054dee-14c5-455f-a580-7d8870ba34ee,30639999-a0b1-4381-b92b-173a7d946bc8,5649e91e-043f-4097-916b-9907620bff3e}	available	\N	\N	2025-10-29 16:40:40.806787+00	2025-10-29 16:40:40.806787+00	\N	\N
834c29df-ae4b-49c1-ad9a-baae18d29812	4f35d451-9ec7-4a20-97f4-83b59f2aa5da	c69fa65c-a116-4f3a-bd63-a990b8a1acff	[Frontend] Clarity score visualization component	Score gauge/progress bar. Breakdown by dimension (technical, specificity, completeness, testability). Tooltips. Estimated: 2h	{e0261453-8f72-4b08-8290-d8fb7903c869,3f42fa09-1117-463b-b523-08dc03a2f4a4}	available	\N	\N	2025-10-29 16:40:40.8189+00	2025-10-29 16:40:40.8189+00	\N	\N
\.


--
-- Data for Name: team_memberships; Type: TABLE DATA; Schema: public; Owner: postgres
--

COPY public.team_memberships (id, team_id, user_id, role, specialty, is_active, joined_at, updated_at) FROM stdin;
e6a2dd7f-30d0-4dce-a0e5-3a08924d6d2e	7f1c6624-0b12-4b00-8b1a-34febf1ad7b2	d7f2f74c-8d7f-4e0b-b0ce-b01b8f8c7d11	product_owner	\N	t	2025-10-09 15:04:56.417342+01	2025-10-09 15:04:56.417342+01
3d90dde6-bccb-41e0-a25b-f2f7c6aaab97	54bd224f-bb07-4a5e-8cbd-553d0d78f92a	d7f2f74c-8d7f-4e0b-b0ce-b01b8f8c7d11	contributor	fullstack	t	2025-10-20 14:07:08.796789+01	2025-10-20 14:07:08.796789+01
e1db7eef-33d1-4ac4-b673-dbad61af5427	54bd224f-bb07-4a5e-8cbd-553d0d78f92a	5fcb09df-20ae-583f-8b4a-72cc33028b26	product_owner	\N	t	2025-10-21 18:44:24.006805+01	2025-10-21 18:44:24.006805+01
b33fb35b-839b-4369-9e97-529ae509369a	54bd224f-bb07-4a5e-8cbd-553d0d78f92a	15b2bb87-a0c3-4292-ba1e-d00f23e2222d	contributor	fullstack	t	2025-10-22 17:00:17.294583+01	2025-10-22 17:00:17.294583+01
cf7c510d-1407-4f1c-9787-460a4f8b09da	54bd224f-bb07-4a5e-8cbd-553d0d78f92a	e142c755-8407-428e-b049-2565d79cc708	managing_contributor	\N	t	2025-10-22 17:00:17.294583+01	2025-10-22 17:00:17.294583+01
91059637-1ef6-4945-b76f-6d6109883e6d	54bd224f-bb07-4a5e-8cbd-553d0d78f92a	5d21ef4e-5a9b-4200-9d03-141f6ee8478f	sponsor	\N	t	2025-10-22 17:00:17.294583+01	2025-10-22 17:00:17.294583+01
646a0ffb-0cab-4d16-8fee-98a5d3e1c307	54bd224f-bb07-4a5e-8cbd-553d0d78f92a	1a1036e8-6fc7-4c28-adf9-48c52a20c619	contributor	qa	t	2025-10-22 17:00:17.294583+01	2025-10-22 17:00:17.294583+01
15def3ee-30c9-4a54-93c4-99ce9723b83c	54bd224f-bb07-4a5e-8cbd-553d0d78f92a	3e906c57-d54c-46f7-9a80-e9c768242935	product_owner	\N	t	2025-10-22 17:00:17.294583+01	2025-10-22 17:00:17.294583+01
\.


--
-- Data for Name: teams; Type: TABLE DATA; Schema: public; Owner: postgres
--

COPY public.teams (id, name, organization_id, active_sprint_id, velocity_history, created_at, updated_at, description) FROM stdin;
7f1c6624-0b12-4b00-8b1a-34febf1ad7b2	Mock Team	08c7f00c-7b5d-4a4f-9f66-13b94265c5df	\N	{}	2025-10-09 14:52:53.660435+01	2025-10-09 14:52:53.660435+01	\N
54bd224f-bb07-4a5e-8cbd-553d0d78f92a	Excelsior	c69fa65c-a116-4f3a-bd63-a990b8a1acff	68551c8a-07b4-453d-8a6f-e65e431fc5fb	{}	2025-10-20 09:56:13.313784+01	2025-10-23 10:22:03.674013+01	\N
\.


--
-- Data for Name: users; Type: TABLE DATA; Schema: public; Owner: postgres
--

COPY public.users (id, external_id, email, created_at, updated_at, role, specialty) FROM stdin;
550e8400-e29b-41d4-a716-446655440000	test-clerk-id-1	test1@example.com	2025-09-29 17:22:15.687548+01	2025-09-29 17:22:15.687548+01	contributor	backend
550e8400-e29b-41d4-a716-446655440001	test-clerk-id-2	test2@example.com	2025-09-29 17:22:15.687548+01	2025-09-29 17:22:15.687548+01	contributor	frontend
d7f2f74c-8d7f-4e0b-b0ce-b01b8f8c7d11	user_33FNhVD1hyL5km5HMq0EaVbhZAr	dummy+clerk_test@mock.com	2025-10-09 14:51:12.466871+01	2025-10-09 15:14:36.981735+01	product_owner	\N
8440d71a-adc1-5386-b174-d3cbdefca02e	8440d71a-adc1-5386-b174-d3cbdefca02e	org_33F8RYQBCb26heNI8AjkgfTvGC0@placeholder.local	2025-10-20 09:55:16.349434+01	2025-10-20 09:55:16.349437+01	product_owner	\N
5fcb09df-20ae-583f-8b4a-72cc33028b26	user_34NgtsMnbjCImgtbQ7gRac27Uyx	mcp+clerk_test@mock.com	2025-10-21 18:48:15.649286+01	2025-10-21 18:48:15.649286+01	product_owner	\N
15b2bb87-a0c3-4292-ba1e-d00f23e2222d	user_34QaKB6nN5tBHsV4bBsd75d08LH	dev+clerk_test@mock.com	2025-10-22 16:59:16.736299+01	2025-10-22 16:59:16.736299+01	contributor	fullstack
e142c755-8407-428e-b049-2565d79cc708	user_34QaOWGrFQFYuPpTLjYsiqIId35	sm+clerk_test@mock.com	2025-10-22 16:59:16.736299+01	2025-10-22 16:59:16.736299+01	managing_contributor	\N
5d21ef4e-5a9b-4200-9d03-141f6ee8478f	user_34QaTNLLe08bibyuetnykiAqUnc	sponsor+clerk_test@mock.com	2025-10-22 16:59:16.736299+01	2025-10-22 16:59:16.736299+01	sponsor	\N
1a1036e8-6fc7-4c28-adf9-48c52a20c619	user_34QaXwzFFW1CVkZXQ4nUDNwS3TN	qa+clerk_test@mock.com	2025-10-22 16:59:16.736299+01	2025-10-22 16:59:16.736299+01	contributor	qa
3e906c57-d54c-46f7-9a80-e9c768242935	user_34QabGsiYcHLPWbC2cRLgSGRotR	po+clerk_test@mock.com	2025-10-22 16:59:16.736299+01	2025-10-22 16:59:16.736299+01	product_owner	\N
8e7e403b-eea8-4543-8e78-111989e9674b	devops-agent-1	devops-agent-1@battra.local	2025-10-29 15:09:09.29428+00	2025-10-29 15:09:09.29428+00	contributor	devops
f1287c33-d6dc-429d-9bbc-d95fb49d19ac	documenter-agent-1	documenter-agent-1@battra.local	2025-10-29 15:09:09.29428+00	2025-10-29 15:09:09.29428+00	contributor	fullstack
\.


--
-- Name: _sqlx_migrations _sqlx_migrations_pkey; Type: CONSTRAINT; Schema: public; Owner: postgres
--

ALTER TABLE ONLY public._sqlx_migrations
    ADD CONSTRAINT _sqlx_migrations_pkey PRIMARY KEY (version);


--
-- Name: acceptance_criteria acceptance_criteria_pkey; Type: CONSTRAINT; Schema: public; Owner: postgres
--

ALTER TABLE ONLY public.acceptance_criteria
    ADD CONSTRAINT acceptance_criteria_pkey PRIMARY KEY (id);


--
-- Name: action_audit_log action_audit_log_pkey; Type: CONSTRAINT; Schema: public; Owner: postgres
--

ALTER TABLE ONLY public.action_audit_log
    ADD CONSTRAINT action_audit_log_pkey PRIMARY KEY (id);


--
-- Name: api_keys api_keys_pkey; Type: CONSTRAINT; Schema: public; Owner: postgres
--

ALTER TABLE ONLY public.api_keys
    ADD CONSTRAINT api_keys_pkey PRIMARY KEY (id);


--
-- Name: api_keys api_keys_token_key; Type: CONSTRAINT; Schema: public; Owner: postgres
--

ALTER TABLE ONLY public.api_keys
    ADD CONSTRAINT api_keys_token_key UNIQUE (token);


--
-- Name: context_snapshots context_snapshots_pkey; Type: CONSTRAINT; Schema: public; Owner: postgres
--

ALTER TABLE ONLY public.context_snapshots
    ADD CONSTRAINT context_snapshots_pkey PRIMARY KEY (id);


--
-- Name: context_sprint_projections context_sprint_projections_pkey; Type: CONSTRAINT; Schema: public; Owner: postgres
--

ALTER TABLE ONLY public.context_sprint_projections
    ADD CONSTRAINT context_sprint_projections_pkey PRIMARY KEY (id);


--
-- Name: criteria criteria_pkey; Type: CONSTRAINT; Schema: public; Owner: postgres
--

ALTER TABLE ONLY public.criteria
    ADD CONSTRAINT criteria_pkey PRIMARY KEY (id);


--
-- Name: criteria criteria_story_id_ac_id_key; Type: CONSTRAINT; Schema: public; Owner: postgres
--

ALTER TABLE ONLY public.criteria
    ADD CONSTRAINT criteria_story_id_ac_id_key UNIQUE (story_id, ac_id);


--
-- Name: intent_history intent_history_pkey; Type: CONSTRAINT; Schema: public; Owner: postgres
--

ALTER TABLE ONLY public.intent_history
    ADD CONSTRAINT intent_history_pkey PRIMARY KEY (id);


--
-- Name: labels labels_name_key; Type: CONSTRAINT; Schema: public; Owner: postgres
--

ALTER TABLE ONLY public.labels
    ADD CONSTRAINT labels_name_key UNIQUE (name);


--
-- Name: labels labels_pkey; Type: CONSTRAINT; Schema: public; Owner: postgres
--

ALTER TABLE ONLY public.labels
    ADD CONSTRAINT labels_pkey PRIMARY KEY (id);


--
-- Name: organization_memberships organization_memberships_organization_id_user_id_key; Type: CONSTRAINT; Schema: public; Owner: postgres
--

ALTER TABLE ONLY public.organization_memberships
    ADD CONSTRAINT organization_memberships_organization_id_user_id_key UNIQUE (organization_id, user_id);


--
-- Name: organization_memberships organization_memberships_pkey; Type: CONSTRAINT; Schema: public; Owner: postgres
--

ALTER TABLE ONLY public.organization_memberships
    ADD CONSTRAINT organization_memberships_pkey PRIMARY KEY (id);


--
-- Name: organizations organizations_external_id_key; Type: CONSTRAINT; Schema: public; Owner: postgres
--

ALTER TABLE ONLY public.organizations
    ADD CONSTRAINT organizations_external_id_key UNIQUE (external_id);


--
-- Name: organizations organizations_pkey; Type: CONSTRAINT; Schema: public; Owner: postgres
--

ALTER TABLE ONLY public.organizations
    ADD CONSTRAINT organizations_pkey PRIMARY KEY (id);


--
-- Name: organizations organizations_slug_key; Type: CONSTRAINT; Schema: public; Owner: postgres
--

ALTER TABLE ONLY public.organizations
    ADD CONSTRAINT organizations_slug_key UNIQUE (slug);


--
-- Name: plan_packs plan_packs_pkey; Type: CONSTRAINT; Schema: public; Owner: postgres
--

ALTER TABLE ONLY public.plan_packs
    ADD CONSTRAINT plan_packs_pkey PRIMARY KEY (id);


--
-- Name: plan_packs plan_packs_story_id_key; Type: CONSTRAINT; Schema: public; Owner: postgres
--

ALTER TABLE ONLY public.plan_packs
    ADD CONSTRAINT plan_packs_story_id_key UNIQUE (story_id);


--
-- Name: project_settings project_settings_pkey; Type: CONSTRAINT; Schema: public; Owner: postgres
--

ALTER TABLE ONLY public.project_settings
    ADD CONSTRAINT project_settings_pkey PRIMARY KEY (id);


--
-- Name: project_settings project_settings_project_id_key; Type: CONSTRAINT; Schema: public; Owner: postgres
--

ALTER TABLE ONLY public.project_settings
    ADD CONSTRAINT project_settings_project_id_key UNIQUE (project_id);


--
-- Name: projects projects_pkey; Type: CONSTRAINT; Schema: public; Owner: postgres
--

ALTER TABLE ONLY public.projects
    ADD CONSTRAINT projects_pkey PRIMARY KEY (id);


--
-- Name: prompt_sprint_projections prompt_sprint_projections_pkey; Type: CONSTRAINT; Schema: public; Owner: postgres
--

ALTER TABLE ONLY public.prompt_sprint_projections
    ADD CONSTRAINT prompt_sprint_projections_pkey PRIMARY KEY (id);


--
-- Name: rate_limit_buckets rate_limit_buckets_pkey; Type: CONSTRAINT; Schema: public; Owner: postgres
--

ALTER TABLE ONLY public.rate_limit_buckets
    ADD CONSTRAINT rate_limit_buckets_pkey PRIMARY KEY (id);


--
-- Name: rate_limit_buckets rate_limit_buckets_user_id_resource_type_key; Type: CONSTRAINT; Schema: public; Owner: postgres
--

ALTER TABLE ONLY public.rate_limit_buckets
    ADD CONSTRAINT rate_limit_buckets_user_id_resource_type_key UNIQUE (user_id, resource_type);


--
-- Name: readiness_evals readiness_evals_pkey; Type: CONSTRAINT; Schema: public; Owner: postgres
--

ALTER TABLE ONLY public.readiness_evals
    ADD CONSTRAINT readiness_evals_pkey PRIMARY KEY (id);


--
-- Name: readiness_story_projections readiness_story_projections_pkey; Type: CONSTRAINT; Schema: public; Owner: postgres
--

ALTER TABLE ONLY public.readiness_story_projections
    ADD CONSTRAINT readiness_story_projections_pkey PRIMARY KEY (id);


--
-- Name: readiness_task_projections readiness_task_projections_pkey; Type: CONSTRAINT; Schema: public; Owner: postgres
--

ALTER TABLE ONLY public.readiness_task_projections
    ADD CONSTRAINT readiness_task_projections_pkey PRIMARY KEY (id);


--
-- Name: sprints sprints_pkey; Type: CONSTRAINT; Schema: public; Owner: postgres
--

ALTER TABLE ONLY public.sprints
    ADD CONSTRAINT sprints_pkey PRIMARY KEY (id);


--
-- Name: stories stories_pkey; Type: CONSTRAINT; Schema: public; Owner: postgres
--

ALTER TABLE ONLY public.stories
    ADD CONSTRAINT stories_pkey PRIMARY KEY (id);


--
-- Name: story_labels story_labels_pkey; Type: CONSTRAINT; Schema: public; Owner: postgres
--

ALTER TABLE ONLY public.story_labels
    ADD CONSTRAINT story_labels_pkey PRIMARY KEY (story_id, label_id);


--
-- Name: task_packs task_packs_pkey; Type: CONSTRAINT; Schema: public; Owner: postgres
--

ALTER TABLE ONLY public.task_packs
    ADD CONSTRAINT task_packs_pkey PRIMARY KEY (id);


--
-- Name: task_packs task_packs_task_id_key; Type: CONSTRAINT; Schema: public; Owner: postgres
--

ALTER TABLE ONLY public.task_packs
    ADD CONSTRAINT task_packs_task_id_key UNIQUE (task_id);


--
-- Name: tasks tasks_pkey; Type: CONSTRAINT; Schema: public; Owner: postgres
--

ALTER TABLE ONLY public.tasks
    ADD CONSTRAINT tasks_pkey PRIMARY KEY (id);


--
-- Name: team_memberships team_memberships_pkey; Type: CONSTRAINT; Schema: public; Owner: postgres
--

ALTER TABLE ONLY public.team_memberships
    ADD CONSTRAINT team_memberships_pkey PRIMARY KEY (id);


--
-- Name: team_memberships team_memberships_team_id_user_id_key; Type: CONSTRAINT; Schema: public; Owner: postgres
--

ALTER TABLE ONLY public.team_memberships
    ADD CONSTRAINT team_memberships_team_id_user_id_key UNIQUE (team_id, user_id);


--
-- Name: teams teams_organization_id_name_key; Type: CONSTRAINT; Schema: public; Owner: postgres
--

ALTER TABLE ONLY public.teams
    ADD CONSTRAINT teams_organization_id_name_key UNIQUE (organization_id, name);


--
-- Name: teams teams_pkey; Type: CONSTRAINT; Schema: public; Owner: postgres
--

ALTER TABLE ONLY public.teams
    ADD CONSTRAINT teams_pkey PRIMARY KEY (id);


--
-- Name: users users_external_id_key; Type: CONSTRAINT; Schema: public; Owner: postgres
--

ALTER TABLE ONLY public.users
    ADD CONSTRAINT users_external_id_key UNIQUE (external_id);


--
-- Name: users users_pkey; Type: CONSTRAINT; Schema: public; Owner: postgres
--

ALTER TABLE ONLY public.users
    ADD CONSTRAINT users_pkey PRIMARY KEY (id);


--
-- Name: idx_api_keys_token; Type: INDEX; Schema: public; Owner: postgres
--

CREATE INDEX idx_api_keys_token ON public.api_keys USING btree (token);


--
-- Name: idx_api_keys_user_id; Type: INDEX; Schema: public; Owner: postgres
--

CREATE INDEX idx_api_keys_user_id ON public.api_keys USING btree (user_id);


--
-- Name: idx_audit_action_type; Type: INDEX; Schema: public; Owner: postgres
--

CREATE INDEX idx_audit_action_type ON public.action_audit_log USING btree (action_type);


--
-- Name: idx_audit_created; Type: INDEX; Schema: public; Owner: postgres
--

CREATE INDEX idx_audit_created ON public.action_audit_log USING btree (created_at DESC);


--
-- Name: idx_audit_success; Type: INDEX; Schema: public; Owner: postgres
--

CREATE INDEX idx_audit_success ON public.action_audit_log USING btree (success);


--
-- Name: idx_audit_tenant; Type: INDEX; Schema: public; Owner: postgres
--

CREATE INDEX idx_audit_tenant ON public.action_audit_log USING btree (tenant_id);


--
-- Name: idx_audit_user; Type: INDEX; Schema: public; Owner: postgres
--

CREATE INDEX idx_audit_user ON public.action_audit_log USING btree (user_id);


--
-- Name: idx_context_created; Type: INDEX; Schema: public; Owner: postgres
--

CREATE INDEX idx_context_created ON public.context_snapshots USING btree (created_at DESC);


--
-- Name: idx_context_sprint_org; Type: INDEX; Schema: public; Owner: postgres
--

CREATE INDEX idx_context_sprint_org ON public.context_sprint_projections USING btree (organization_id);


--
-- Name: idx_context_sprint_team; Type: INDEX; Schema: public; Owner: postgres
--

CREATE INDEX idx_context_sprint_team ON public.context_sprint_projections USING btree (team_id);


--
-- Name: idx_context_tenant; Type: INDEX; Schema: public; Owner: postgres
--

CREATE INDEX idx_context_tenant ON public.context_snapshots USING btree (tenant_id);


--
-- Name: idx_context_user; Type: INDEX; Schema: public; Owner: postgres
--

CREATE INDEX idx_context_user ON public.context_snapshots USING btree (user_id);


--
-- Name: idx_intent_created; Type: INDEX; Schema: public; Owner: postgres
--

CREATE INDEX idx_intent_created ON public.intent_history USING btree (created_at DESC);


--
-- Name: idx_intent_hash; Type: INDEX; Schema: public; Owner: postgres
--

CREATE INDEX idx_intent_hash ON public.intent_history USING btree (utterance_hash);


--
-- Name: idx_intent_tenant; Type: INDEX; Schema: public; Owner: postgres
--

CREATE INDEX idx_intent_tenant ON public.intent_history USING btree (tenant_id);


--
-- Name: idx_intent_user; Type: INDEX; Schema: public; Owner: postgres
--

CREATE INDEX idx_intent_user ON public.intent_history USING btree (user_id);


--
-- Name: idx_org_memberships_org_id; Type: INDEX; Schema: public; Owner: postgres
--

CREATE INDEX idx_org_memberships_org_id ON public.organization_memberships USING btree (organization_id);


--
-- Name: idx_org_memberships_user_id; Type: INDEX; Schema: public; Owner: postgres
--

CREATE INDEX idx_org_memberships_user_id ON public.organization_memberships USING btree (user_id);


--
-- Name: idx_organizations_external_id; Type: INDEX; Schema: public; Owner: postgres
--

CREATE INDEX idx_organizations_external_id ON public.organizations USING btree (external_id);


--
-- Name: idx_organizations_slug; Type: INDEX; Schema: public; Owner: postgres
--

CREATE INDEX idx_organizations_slug ON public.organizations USING btree (slug);


--
-- Name: idx_plan_packs_created_at; Type: INDEX; Schema: public; Owner: postgres
--

CREATE INDEX idx_plan_packs_created_at ON public.plan_packs USING btree (created_at);


--
-- Name: idx_plan_packs_story_id; Type: INDEX; Schema: public; Owner: postgres
--

CREATE INDEX idx_plan_packs_story_id ON public.plan_packs USING btree (story_id);


--
-- Name: idx_project_settings_project_id; Type: INDEX; Schema: public; Owner: postgres
--

CREATE INDEX idx_project_settings_project_id ON public.project_settings USING btree (project_id);


--
-- Name: idx_projects_created_at; Type: INDEX; Schema: public; Owner: postgres
--

CREATE INDEX idx_projects_created_at ON public.projects USING btree (created_at DESC);


--
-- Name: idx_projects_name; Type: INDEX; Schema: public; Owner: postgres
--

CREATE INDEX idx_projects_name ON public.projects USING btree (name);


--
-- Name: idx_projects_org_name_unique; Type: INDEX; Schema: public; Owner: postgres
--

CREATE UNIQUE INDEX idx_projects_org_name_unique ON public.projects USING btree (organization_id, name) WHERE (organization_id IS NOT NULL);


--
-- Name: idx_projects_organization_id; Type: INDEX; Schema: public; Owner: postgres
--

CREATE INDEX idx_projects_organization_id ON public.projects USING btree (organization_id);


--
-- Name: idx_prompt_sprint_org; Type: INDEX; Schema: public; Owner: postgres
--

CREATE INDEX idx_prompt_sprint_org ON public.prompt_sprint_projections USING btree (organization_id);


--
-- Name: idx_prompt_sprint_team; Type: INDEX; Schema: public; Owner: postgres
--

CREATE INDEX idx_prompt_sprint_team ON public.prompt_sprint_projections USING btree (team_id);


--
-- Name: idx_rate_limit_user_resource; Type: INDEX; Schema: public; Owner: postgres
--

CREATE INDEX idx_rate_limit_user_resource ON public.rate_limit_buckets USING btree (user_id, resource_type);


--
-- Name: idx_readiness_task_story; Type: INDEX; Schema: public; Owner: postgres
--

CREATE INDEX idx_readiness_task_story ON public.readiness_task_projections USING btree (story_id);


--
-- Name: idx_sprints_active; Type: INDEX; Schema: public; Owner: postgres
--

CREATE INDEX idx_sprints_active ON public.sprints USING btree (team_id, status) WHERE (status = 'active'::text);


--
-- Name: idx_sprints_dates; Type: INDEX; Schema: public; Owner: postgres
--

CREATE INDEX idx_sprints_dates ON public.sprints USING btree (start_date, end_date);


--
-- Name: idx_sprints_status; Type: INDEX; Schema: public; Owner: postgres
--

CREATE INDEX idx_sprints_status ON public.sprints USING btree (status);


--
-- Name: idx_sprints_team_id; Type: INDEX; Schema: public; Owner: postgres
--

CREATE INDEX idx_sprints_team_id ON public.sprints USING btree (team_id);


--
-- Name: idx_stories_organization_id; Type: INDEX; Schema: public; Owner: postgres
--

CREATE INDEX idx_stories_organization_id ON public.stories USING btree (organization_id);


--
-- Name: idx_stories_status; Type: INDEX; Schema: public; Owner: postgres
--

CREATE INDEX idx_stories_status ON public.stories USING btree (status);


--
-- Name: idx_task_packs_created_at; Type: INDEX; Schema: public; Owner: postgres
--

CREATE INDEX idx_task_packs_created_at ON public.task_packs USING btree (created_at);


--
-- Name: idx_task_packs_plan_pack_id; Type: INDEX; Schema: public; Owner: postgres
--

CREATE INDEX idx_task_packs_plan_pack_id ON public.task_packs USING btree (plan_pack_id);


--
-- Name: idx_task_packs_task_id; Type: INDEX; Schema: public; Owner: postgres
--

CREATE INDEX idx_task_packs_task_id ON public.task_packs USING btree (task_id);


--
-- Name: idx_tasks_organization_id; Type: INDEX; Schema: public; Owner: postgres
--

CREATE INDEX idx_tasks_organization_id ON public.tasks USING btree (organization_id);


--
-- Name: idx_team_memberships_active; Type: INDEX; Schema: public; Owner: postgres
--

CREATE INDEX idx_team_memberships_active ON public.team_memberships USING btree (team_id, is_active) WHERE (is_active = true);


--
-- Name: idx_team_memberships_role_active; Type: INDEX; Schema: public; Owner: postgres
--

CREATE INDEX idx_team_memberships_role_active ON public.team_memberships USING btree (role, is_active) WHERE (is_active = true);


--
-- Name: idx_team_memberships_team_id; Type: INDEX; Schema: public; Owner: postgres
--

CREATE INDEX idx_team_memberships_team_id ON public.team_memberships USING btree (team_id);


--
-- Name: idx_team_memberships_user_id; Type: INDEX; Schema: public; Owner: postgres
--

CREATE INDEX idx_team_memberships_user_id ON public.team_memberships USING btree (user_id);


--
-- Name: idx_teams_active_sprint_id; Type: INDEX; Schema: public; Owner: postgres
--

CREATE INDEX idx_teams_active_sprint_id ON public.teams USING btree (active_sprint_id) WHERE (active_sprint_id IS NOT NULL);


--
-- Name: idx_teams_one_active_sprint; Type: INDEX; Schema: public; Owner: postgres
--

CREATE UNIQUE INDEX idx_teams_one_active_sprint ON public.teams USING btree (organization_id) WHERE (active_sprint_id IS NOT NULL);


--
-- Name: idx_teams_organization_id; Type: INDEX; Schema: public; Owner: postgres
--

CREATE INDEX idx_teams_organization_id ON public.teams USING btree (organization_id);


--
-- Name: idx_users_external_id_role; Type: INDEX; Schema: public; Owner: postgres
--

CREATE INDEX idx_users_external_id_role ON public.users USING btree (external_id, role);


--
-- Name: idx_users_role; Type: INDEX; Schema: public; Owner: postgres
--

CREATE INDEX idx_users_role ON public.users USING btree (role);


--
-- Name: idx_users_specialty; Type: INDEX; Schema: public; Owner: postgres
--

CREATE INDEX idx_users_specialty ON public.users USING btree (specialty) WHERE (specialty IS NOT NULL);


--
-- Name: stories update_stories_updated_at; Type: TRIGGER; Schema: public; Owner: postgres
--

CREATE TRIGGER update_stories_updated_at BEFORE UPDATE ON public.stories FOR EACH ROW EXECUTE FUNCTION public.update_updated_at_column();


--
-- Name: tasks update_tasks_updated_at; Type: TRIGGER; Schema: public; Owner: postgres
--

CREATE TRIGGER update_tasks_updated_at BEFORE UPDATE ON public.tasks FOR EACH ROW EXECUTE FUNCTION public.update_updated_at_column();


--
-- Name: acceptance_criteria acceptance_criteria_story_id_fkey; Type: FK CONSTRAINT; Schema: public; Owner: postgres
--

ALTER TABLE ONLY public.acceptance_criteria
    ADD CONSTRAINT acceptance_criteria_story_id_fkey FOREIGN KEY (story_id) REFERENCES public.stories(id) ON DELETE CASCADE;


--
-- Name: api_keys api_keys_organization_id_fkey; Type: FK CONSTRAINT; Schema: public; Owner: postgres
--

ALTER TABLE ONLY public.api_keys
    ADD CONSTRAINT api_keys_organization_id_fkey FOREIGN KEY (organization_id) REFERENCES public.organizations(id) ON DELETE CASCADE;


--
-- Name: api_keys api_keys_user_id_fkey; Type: FK CONSTRAINT; Schema: public; Owner: postgres
--

ALTER TABLE ONLY public.api_keys
    ADD CONSTRAINT api_keys_user_id_fkey FOREIGN KEY (user_id) REFERENCES public.users(id) ON DELETE CASCADE;


--
-- Name: teams fk_teams_active_sprint_id; Type: FK CONSTRAINT; Schema: public; Owner: postgres
--

ALTER TABLE ONLY public.teams
    ADD CONSTRAINT fk_teams_active_sprint_id FOREIGN KEY (active_sprint_id) REFERENCES public.sprints(id) ON DELETE SET NULL;


--
-- Name: organization_memberships organization_memberships_organization_id_fkey; Type: FK CONSTRAINT; Schema: public; Owner: postgres
--

ALTER TABLE ONLY public.organization_memberships
    ADD CONSTRAINT organization_memberships_organization_id_fkey FOREIGN KEY (organization_id) REFERENCES public.organizations(id) ON DELETE CASCADE;


--
-- Name: organization_memberships organization_memberships_user_id_fkey; Type: FK CONSTRAINT; Schema: public; Owner: postgres
--

ALTER TABLE ONLY public.organization_memberships
    ADD CONSTRAINT organization_memberships_user_id_fkey FOREIGN KEY (user_id) REFERENCES public.users(id) ON DELETE CASCADE;


--
-- Name: project_settings project_settings_project_id_fkey; Type: FK CONSTRAINT; Schema: public; Owner: postgres
--

ALTER TABLE ONLY public.project_settings
    ADD CONSTRAINT project_settings_project_id_fkey FOREIGN KEY (project_id) REFERENCES public.projects(id) ON DELETE CASCADE;


--
-- Name: readiness_task_projections readiness_task_projections_story_id_fkey; Type: FK CONSTRAINT; Schema: public; Owner: postgres
--

ALTER TABLE ONLY public.readiness_task_projections
    ADD CONSTRAINT readiness_task_projections_story_id_fkey FOREIGN KEY (story_id) REFERENCES public.readiness_story_projections(id) ON DELETE CASCADE;


--
-- Name: sprints sprints_project_id_fkey; Type: FK CONSTRAINT; Schema: public; Owner: postgres
--

ALTER TABLE ONLY public.sprints
    ADD CONSTRAINT sprints_project_id_fkey FOREIGN KEY (project_id) REFERENCES public.projects(id) ON DELETE CASCADE;


--
-- Name: sprints sprints_team_id_fkey; Type: FK CONSTRAINT; Schema: public; Owner: postgres
--

ALTER TABLE ONLY public.sprints
    ADD CONSTRAINT sprints_team_id_fkey FOREIGN KEY (team_id) REFERENCES public.teams(id) ON DELETE CASCADE;


--
-- Name: story_labels story_labels_label_id_fkey; Type: FK CONSTRAINT; Schema: public; Owner: postgres
--

ALTER TABLE ONLY public.story_labels
    ADD CONSTRAINT story_labels_label_id_fkey FOREIGN KEY (label_id) REFERENCES public.labels(id);


--
-- Name: story_labels story_labels_story_id_fkey; Type: FK CONSTRAINT; Schema: public; Owner: postgres
--

ALTER TABLE ONLY public.story_labels
    ADD CONSTRAINT story_labels_story_id_fkey FOREIGN KEY (story_id) REFERENCES public.stories(id);


--
-- Name: task_packs task_packs_plan_pack_id_fkey; Type: FK CONSTRAINT; Schema: public; Owner: postgres
--

ALTER TABLE ONLY public.task_packs
    ADD CONSTRAINT task_packs_plan_pack_id_fkey FOREIGN KEY (plan_pack_id) REFERENCES public.plan_packs(id);


--
-- Name: tasks tasks_story_id_fkey; Type: FK CONSTRAINT; Schema: public; Owner: postgres
--

ALTER TABLE ONLY public.tasks
    ADD CONSTRAINT tasks_story_id_fkey FOREIGN KEY (story_id) REFERENCES public.stories(id);


--
-- Name: team_memberships team_memberships_team_id_fkey; Type: FK CONSTRAINT; Schema: public; Owner: postgres
--

ALTER TABLE ONLY public.team_memberships
    ADD CONSTRAINT team_memberships_team_id_fkey FOREIGN KEY (team_id) REFERENCES public.teams(id) ON DELETE CASCADE;


--
-- Name: team_memberships team_memberships_user_id_fkey; Type: FK CONSTRAINT; Schema: public; Owner: postgres
--

ALTER TABLE ONLY public.team_memberships
    ADD CONSTRAINT team_memberships_user_id_fkey FOREIGN KEY (user_id) REFERENCES public.users(id) ON DELETE CASCADE;


--
-- Name: teams teams_organization_id_fkey; Type: FK CONSTRAINT; Schema: public; Owner: postgres
--

ALTER TABLE ONLY public.teams
    ADD CONSTRAINT teams_organization_id_fkey FOREIGN KEY (organization_id) REFERENCES public.organizations(id) ON DELETE CASCADE;


--
-- PostgreSQL database dump complete
--

\unrestrict nK1O5Gy17wIssP0GI3tPrG7JPEnLn6Rm3jdqijExb7pf51Qx7PDaZVf1hwvbhVx

